{"type":"Feature","properties":{"name":"Labrador","censusDivisions":["1010","1011"],"sourceUrl":"https://www12.statcan.gc.ca/census-recensement/2021/geo/sip-pis/boundary-limites/files-fichiers/lcd_000a21a_e.zip","sourceSha256":"76a3cef8679ca9845db0322b5e6029d17333eae4e338169d29986523405518a6","licence":"Statistics Canada Open Licence"},"geometry":{"type":"Polygon","coordinates":[[[-56.088535715936786,54.03825373880448],[-56.05377802609478,54.00004887961193],[-56.00000000397788,53.940768595014674],[-55.984321147084515,53.92344690097946],[-55.90938510315898,53.84354998450361],[-55.820464158652356,53.76385634733786],[-55.805014439952885,53.750049985949666],[-55.783052557285075,53.73040371839671],[-55.71403472526526,53.66850678870082],[-55.672615656856365,53.621902604692245],[-55.61603480701705,53.50989428054317],[-55.613134230905096,53.500072564091326],[-55.593389320476895,53.43308316589129],[-55.574434539521924,53.335358105487764],[-55.573231951711975,53.33282896981797],[-55.53395078284351,53.250034589991365],[-55.50779361588431,53.19470435099846],[-55.505246581113354,53.18930817917363],[-55.50570792520611,53.05930980931553],[-55.50570177394461,53.000006600622875],[-55.50569116495166,52.897812346228946],[-55.505988030714605,52.81158815684849],[-55.50619931482543,52.75000720594443],[-55.50624521966721,52.736611002297785],[-55.50620935169959,52.724310299624456],[-55.50581991084556,52.5902500887511],[-55.50574483719104,52.564302272223834],[-55.50604052955805,52.500007068962624],[-55.50608486576981,52.49036373669066],[-55.50681552962262,52.330545931700534],[-55.50682525248571,52.31087480422696],[-55.50684273971627,52.275456052100594],[-55.50685528421367,52.25000805697599],[-55.50696973040835,52.016530282531896],[-55.50697777652234,52.00000822519588],[-55.50697776849247,52.00000396364087],[-55.50697879685931,51.99785050945813],[-55.676260508685765,51.830002275038694],[-55.6762762064546,51.830009357250994],[-55.75937663001343,51.75001102269224],[-55.759379752425225,51.750007983486206],[-55.76788520504832,51.741791212497866],[-55.767972802732814,51.74178863901412],[-55.97580883241476,51.73548766150722],[-56.000000021310534,51.72248954407839],[-56.00001560694821,51.722481368699086],[-56.0000179452604,51.7224801395075],[-56.12395088035483,51.657316399197825],[-56.12397321507157,51.65733112002557],[-56.34876114288527,51.5429980371891],[-56.35130482252152,51.54169785464022],[-56.4326173594213,51.50006036353288],[-56.49999998686781,51.46544450718675],[-56.53194500907675,51.448998309482015],[-56.5760220993937,51.426268727667775],[-56.57967712575029,51.42438195881217],[-56.612621794040145,51.40736201672211],[-56.627766153660026,51.39952995183199],[-56.64453251363544,51.390853033757004],[-56.65308650136864,51.386423739739314],[-56.663853852662086,51.380846035866234],[-56.66389452328168,51.3808249498562],[-56.68580633275992,51.36946613435297],[-56.69652111006694,51.3639077895412],[-56.70839043475495,51.35774750190207],[-56.72495033125229,51.34914745520819],[-56.73023242992654,51.346403000414014],[-56.74408041957318,51.33920492344982],[-56.74885356582429,51.33672286752948],[-56.760245066892566,51.33079717873516],[-56.79959674068764,51.31030451762194],[-56.81431649802835,51.30263009480352],[-56.84091834104672,51.28874827112858],[-56.850021896744764,51.28399402572456],[-56.8548939486839,51.27425795268539],[-56.85491125266741,51.27422338681998],[-56.86680165532802,51.25044231168606],[-56.86690220107875,51.25024111739072],[-57.00000000928472,51.30243048083317],[-57.013384075783335,51.307661836746824],[-57.10957146458252,51.287163264202064],[-57.108832296345135,51.37888565009467],[-57.10898659699325,51.37878236842797],[-57.10896954353959,51.392162373689175],[-57.1087839823257,51.40119573985101],[-57.10856639581109,51.41178473934154],[-57.10849260384906,51.41537418002578],[-57.108537140367545,51.41540112476077],[-57.108542975085356,51.415634902908785],[-57.10848491775765,51.420514776736916],[-57.10833159756201,51.43551191248661],[-57.10820180538947,51.448200987252946],[-57.108063194384584,51.46174235850316],[-57.10798794204231,51.46908810149038],[-57.10797139958312,51.47070526032921],[-57.10795087764657,51.472709668836345],[-57.10791716201906,51.475999565381535],[-57.10789821153603,51.4778485746857],[-57.10788162228889,51.47946691541228],[-57.10783021224932,51.48448401238264],[-57.10779972969893,51.48745821931875],[-57.10775021534096,51.492288043636314],[-57.10773392931335,51.493874671891376],[-57.1076809304737,51.49904317215453],[-57.10767035255465,51.500075192750046],[-57.10765885319308,51.501197763370314],[-57.107598865148,51.507042240894314],[-57.10756292124046,51.510546586259785],[-57.10754976627218,51.51182670891087],[-57.10753124115465,51.513632970522785],[-57.107482922650135,51.51833913118027],[-57.10746227454447,51.520098583900065],[-57.10745723033341,51.52052940169442],[-57.108084872889414,51.52053002012846],[-57.10807338193177,51.5213804438],[-57.1078593934876,51.5372273916257],[-57.10783354750369,51.5391399435652],[-57.107775610555834,51.54342787323168],[-57.10781301694989,51.56046785287795],[-57.10783454235446,51.570263916379034],[-57.10783677564434,51.57127399929704],[-57.107870403018126,51.58657623100073],[-57.10787998778424,51.59092820280327],[-57.105859111292105,51.59097553711052],[-57.10573505976676,51.606015353826294],[-57.105684326164834,51.61631145985839],[-57.10567008655321,51.61920855017307],[-57.105591313140515,51.63518249667784],[-57.10548640008566,51.65645137315712],[-57.105493278714064,51.65721079624456],[-57.105772354630155,51.68808102946867],[-57.10604503860511,51.7181960623431],[-57.10607890665731,51.721932250818746],[-57.106184990604454,51.733635749731405],[-57.106279578815844,51.744067545218954],[-57.10631301156969,51.7477512793015],[-57.10631206504502,51.750074521418874],[-57.106310980658904,51.75276403011221],[-57.10630677920131,51.76313262205586],[-57.1063034913152,51.771352724376065],[-57.10630262228952,51.773544362726604],[-57.10629601099352,51.78980317926165],[-57.106858714672065,51.83967506875859],[-57.107549489763954,51.92345017377621],[-57.10760828689015,51.94450272506001],[-57.10766211438977,51.96376014426588],[-57.107723154323295,51.98557608842762],[-57.10774055853675,51.991781199804265],[-57.107759373027385,51.998494772030774],[-57.134302492410896,51.99844097758962],[-57.16899365150302,51.9983603706091],[-57.21719229987457,51.9982289643821],[-57.253736638507114,51.998114298839006],[-57.25397231257939,51.998258776571795],[-57.25515341744506,51.99848101045198],[-57.25532908581243,51.998109010773376],[-57.26684826241306,51.99806999829314],[-57.27957296740262,51.99802542871858],[-57.319381684976285,51.997875792367985],[-57.442802955711414,51.997915562407464],[-57.44920856695881,51.99791357627654],[-57.49014975314442,51.99789159120044],[-57.50000002029205,51.997883857357174],[-57.541210234070896,51.99784132994646],[-57.588165387349896,51.99777281374066],[-57.6313857610785,51.997690813707386],[-57.681869871336275,51.997572085518314],[-57.70545588944721,51.99750813878839],[-57.78598307220295,51.997249119176516],[-57.808886637280175,51.99716395812521],[-57.81037284835364,51.997158264940545],[-57.88196546111099,51.996858184287134],[-57.893568815824764,51.996804880391025],[-57.96473498778521,51.996449284308184],[-57.97219920761875,51.99647489860813],[-57.999999996756806,51.996565620828896],[-58.165067243740886,51.996949790101986],[-58.32292644669305,51.997069812553185],[-58.499999992737315,51.99753004237564],[-58.52318314469602,51.9975677558658],[-58.63175694609272,51.99767503927695],[-58.67996239497761,51.99768599789137],[-58.78662989583805,51.997602095037486],[-58.980797490399006,51.99716598425901],[-58.99999999290965,51.997102983513855],[-59.03440954986106,51.99698112161846],[-60.20170730492838,51.99723227976507],[-60.21353376105536,51.99720987118119],[-60.441692060585396,51.99651187606105],[-60.499999992296445,51.99672465704113],[-60.78681389025365,51.99729109238212],[-60.88337884955725,51.997113392000955],[-60.999999990772395,51.996778139266674],[-61.11523980694674,51.996317184784665],[-61.129886092204785,51.9962493704162],[-61.181150170280844,51.99637155459063],[-61.210771388006364,51.99643053077662],[-61.213564975316714,51.99643565153652],[-61.22121157022871,51.99644927593373],[-61.24094420170319,51.99648184472332],[-61.3686004753584,51.996601182528046],[-61.383956651477284,51.99660486709549],[-61.46820578291527,51.996584460703914],[-61.50000002046994,51.99655883008697],[-61.64342611415796,51.99632135560774],[-61.6539999007699,51.99629594728249],[-61.72975489761894,51.99608216817102],[-61.746913111072686,51.996026010396605],[-61.80652165858197,51.995808709022356],[-61.99999999431733,51.99669604898815],[-62.00155052293869,51.99670171591905],[-62.021738572977775,51.996773056501645],[-62.14262211347544,51.997117540845174],[-62.14728015544217,51.99712797777926],[-62.16049788080017,51.99715647046482],[-62.33289334823942,51.99737249721193],[-62.346367182009764,51.997377242526944],[-62.500000011528705,51.99730664451818],[-62.5141897884431,51.99728855724797],[-62.551633950542694,51.99730411921385],[-62.69876850643717,51.99723343993579],[-62.84418228921179,51.99695712358685],[-62.87028728141529,51.99703235282985],[-62.89431082562468,51.997095725330276],[-62.91973409616165,51.997156691812485],[-62.94605251283993,51.997213179724326],[-62.95956766617478,51.99723959153891],[-62.99999999268844,51.997307995026816],[-63.00019688227906,51.997308287812416],[-63.11655055051568,51.997416408895155],[-63.203805281466515,51.99741126164327],[-63.225528437493224,51.99739848907494],[-63.34165413523108,51.99746330942496],[-63.38539283838318,51.99745380911347],[-63.499999994086885,51.997340828314016],[-63.52012857618284,51.99730782425209],[-63.53300431197403,51.99728463686777],[-63.54093863100085,51.99731119408517],[-63.564758764623726,51.997387234794296],[-63.677366633759746,51.99767220719518],[-63.72892548452952,51.99776159536791],[-63.75712522513509,51.99779957347926],[-63.80146264007821,51.997843676943184],[-63.80639227724008,52.0001425664389],[-63.806402298551426,52.00059661645049],[-63.80644965223017,52.00094686358274],[-63.806428412550765,52.00105819845332],[-63.806242505264166,52.00132132015513],[-63.80617515366779,52.00165946187545],[-63.80610536354625,52.00182696194774],[-63.80587819326377,52.00228240258146],[-63.805735215402336,52.002466973709204],[-63.80568703032824,52.002869826056745],[-63.80507816797418,52.00304331916312],[-63.80494254306648,52.003132453951935],[-63.80363047377963,52.00431157364256],[-63.80329425026894,52.00470016799117],[-63.80307514283059,52.00481846985136],[-63.80252159090891,52.00520755287387],[-63.802017397992245,52.005597447674944],[-63.80155937340456,52.00613641309789],[-63.801068818557695,52.00674187165211],[-63.80089579536035,52.00708645649267],[-63.800628315808815,52.00748232493952],[-63.80055879790379,52.00771681664172],[-63.8004863116275,52.007945219827334],[-63.80049652344686,52.008164864218244],[-63.8003843746099,52.00869940561794],[-63.800394589414765,52.0089538665848],[-63.800360149595875,52.009180502360365],[-63.80037581973967,52.00957696241817],[-63.80038991830381,52.00978241407989],[-63.80043211441842,52.010022862545334],[-63.80050600878094,52.01013991903696],[-63.80064229661568,52.01043548807638],[-63.80087981383218,52.010932425702734],[-63.80090732336068,52.011209206153005],[-63.80101131879751,52.011542174783656],[-63.801075567832264,52.01180535231464],[-63.80123296117771,52.01204771488892],[-63.80136341157262,52.01237906437343],[-63.801366893060944,52.013358464970835],[-63.8013620495883,52.013470109919716],[-63.80118006864713,52.013641868738866],[-63.80131259344938,52.014076805355224],[-63.80134368522356,52.01419516297825],[-63.8015098580196,52.01431169863453],[-63.801588882462624,52.01453856840396],[-63.80195764777409,52.01514406569915],[-63.802067915899784,52.015334862337205],[-63.802073310875436,52.01558889589152],[-63.80238485536283,52.0158460648089],[-63.80255892423511,52.01601337462897],[-63.80269466150458,52.01614379748522],[-63.80310101686163,52.01641670660271],[-63.80336670593503,52.01659176728026],[-63.80386574725634,52.016854021257224],[-63.80475950058439,52.01735440502055],[-63.80547807857279,52.01764260904713],[-63.806046855803466,52.01789175440483],[-63.80646010885878,52.01811271977585],[-63.80660533589752,52.018152962893275],[-63.80677672472526,52.018224850269185],[-63.80711131358926,52.01840716571957],[-63.80765231965402,52.018765621702954],[-63.80788911766668,52.018848754085894],[-63.80817957028106,52.018985659183514],[-63.8086051758603,52.01912066178885],[-63.80948011000786,52.01945000564316],[-63.809705679605216,52.019565507084245],[-63.80973030684753,52.01960450961204],[-63.8100779098341,52.01979105879048],[-63.81046662049417,52.02001690243079],[-63.81075012108783,52.020239019923245],[-63.81115865492543,52.02061556945651],[-63.81184637062833,52.0213157158808],[-63.81201517859614,52.02144857095969],[-63.81222852639517,52.02169387240143],[-63.812429690625606,52.021991819466194],[-63.81257937376409,52.022339720971054],[-63.81271143768563,52.02240892036605],[-63.81280274221372,52.02250591269574],[-63.81312804033744,52.02313300763725],[-63.81326639108634,52.023590455066746],[-63.813402977430805,52.024088515534025],[-63.81343392596332,52.02443851507663],[-63.81341070813164,52.02489936655891],[-63.81356323949184,52.02556221765124],[-63.81367019622695,52.02628730768602],[-63.813265108830706,52.028800321532884],[-63.81313800738169,52.02914970836291],[-63.81289305755407,52.0295581727863],[-63.81260338323652,52.03016301703921],[-63.812552566853505,52.03034711730679],[-63.812447414853686,52.03087367018695],[-63.812442730667186,52.03151566777012],[-63.81243371649184,52.032027624139516],[-63.812516409223626,52.032096016433556],[-63.81260152697864,52.032489608872666],[-63.812672855796436,52.03266757326968],[-63.812875485641484,52.03293505634402],[-63.81305856894009,52.03319610107002],[-63.813334806557116,52.03343636521491],[-63.81343616035858,52.03353151379024],[-63.81360327638388,52.03370496145591],[-63.813876540196304,52.03386187023354],[-63.81410172914046,52.03398747456529],[-63.814200436673865,52.03406632398636],[-63.81447327685146,52.034156118869866],[-63.81482374104389,52.034311332959206],[-63.81483537591031,52.034316499663184],[-63.814851462233314,52.03431882940722],[-63.815310131483,52.03438525798782],[-63.815437381135254,52.03443283639935],[-63.816129230750654,52.0345673734856],[-63.81617377573619,52.03456650744922],[-63.8165281621059,52.034559664089656],[-63.8170809026148,52.034576866797586],[-63.817561338189584,52.03451366677423],[-63.81819562020957,52.03439809843421],[-63.81898719541191,52.03414896700674],[-63.819276606068115,52.03408460101225],[-63.81981990609788,52.033861868666214],[-63.82037144078055,52.033677865844986],[-63.82057512277341,52.0335389523577],[-63.820781379451134,52.033416314729095],[-63.82095942845728,52.03325871907369],[-63.82104050016773,52.03305886306339],[-63.821248969428055,52.032885526847615],[-63.821268529224696,52.032660305789435],[-63.821434047262755,52.03241107219745],[-63.82128379511068,52.03123412379603],[-63.82127714161782,52.03107655186052],[-63.82122664651477,52.029881920727505],[-63.82137797714385,52.02950441124344],[-63.821433921591854,52.02927572170558],[-63.82178140729286,52.028854722113294],[-63.82201722446198,52.02842782300326],[-63.8220333158666,52.02828381892947],[-63.82227725978336,52.02797284777175],[-63.82240507130223,52.02791195962749],[-63.822730004700205,52.027632800397456],[-63.82301976618658,52.0276355252021],[-63.82358252342025,52.027264707632696],[-63.823961444222185,52.02733795056497],[-63.826590202663816,52.0286406719014],[-63.82686739161763,52.02893780789399],[-63.82705861649005,52.02977811161063],[-63.82721055144384,52.03007521125122],[-63.82726592519944,52.03039715759305],[-63.827333434768086,52.03097531962614],[-63.82752156537156,52.0315321052238],[-63.82757022777038,52.03167615213996],[-63.82758053131545,52.03212746799199],[-63.82765581741859,52.03284280229283],[-63.82770460472885,52.03330597756115],[-63.82771248695096,52.03488895675292],[-63.827592652997346,52.036146853374625],[-63.82753432530701,52.036694462288004],[-63.82748242952281,52.03718141035178],[-63.82748666918188,52.0375431522932],[-63.82736523461049,52.03806947590507],[-63.827361300679954,52.03839250873498],[-63.8275213706515,52.03957777916143],[-63.82746540893812,52.039806468018575],[-63.82754638443609,52.04006991838321],[-63.82767549819841,52.040210166141044],[-63.82785644531929,52.040753669948344],[-63.828132701945634,52.04137997345419],[-63.828558967057624,52.042045265772],[-63.828809336140644,52.042817426519996],[-63.82897906323482,52.04316156362645],[-63.82937275465599,52.04363344216143],[-63.829405307010866,52.04367247093404],[-63.829543053353014,52.04407302189275],[-63.82962932479893,52.04421460451235],[-63.829631868660016,52.04438429237587],[-63.8296335670979,52.04449917857256],[-63.82968298667854,52.04457717863133],[-63.82970504975883,52.044596338606944],[-63.82984504023681,52.04471801811798],[-63.83007379303706,52.04491682926283],[-63.830222340821685,52.04514072382776],[-63.83039432812291,52.04535685697657],[-63.83076655040111,52.04566977330317],[-63.83105201326603,52.04639177243163],[-63.83122446271976,52.0465977625029],[-63.83138648652545,52.04697026922864],[-63.83158405860241,52.047205117118445],[-63.83219370380484,52.0478225723959],[-63.83225521864806,52.0480023784484],[-63.83239212542082,52.04819156961053],[-63.832584081695146,52.04848122902437],[-63.83281680830468,52.048897508459234],[-63.8329879203763,52.049288406421375],[-63.83312269551567,52.04937391998172],[-63.833203712636525,52.049482915285644],[-63.83336322400096,52.049684674745066],[-63.83367178485549,52.05002296071918],[-63.83376706505276,52.050414675192854],[-63.83391048717359,52.05060595668207],[-63.834050473986345,52.050878516136514],[-63.83408429616887,52.05116761262539],[-63.83420516454565,52.05150076110823],[-63.83438111140873,52.05162556337657],[-63.83449293777144,52.05178593062158],[-63.83455706209542,52.05205921487223],[-63.834695723024836,52.05220781236523],[-63.834835285298425,52.052336066317366],[-63.83493279569528,52.05252257473236],[-63.835129121751734,52.05317396834656],[-63.8351425610139,52.05332251428415],[-63.8352366346509,52.05343581820753],[-63.835326345640205,52.05349616824624],[-63.83546801605657,52.05380531394735],[-63.83570077462185,52.05460771699245],[-63.83586204531448,52.054768824420904],[-63.8361584804241,52.054928076448306],[-63.836434153678454,52.055111366198204],[-63.8365697731235,52.05533101879525],[-63.83711203639683,52.05544751880927],[-63.83733178124269,52.0556278600244],[-63.837619141374965,52.05576868257941],[-63.83821511892648,52.05593887171518],[-63.83879596081327,52.05600111531123],[-63.83928318372535,52.056171563516784],[-63.84007294194493,52.056359126770346],[-63.84024981181275,52.0565408257854],[-63.84030399151103,52.056661578162235],[-63.84113836228784,52.05649827548284],[-63.839941958631655,52.06400186076146],[-63.83972650845231,52.064106064026184],[-63.83967764345315,52.064151553815144],[-63.839554881201025,52.06426587889275],[-63.839456479361964,52.06433132290688],[-63.83942437304908,52.06438771015028],[-63.83938805300409,52.06477726350438],[-63.83941622701206,52.06496670956121],[-63.83934384223001,52.065117975691344],[-63.8393932714734,52.06535041928012],[-63.83927578843913,52.065476582764724],[-63.83917699048505,52.06570661204975],[-63.83949307441498,52.06602671376078],[-63.83940206165284,52.066614578188336],[-63.83919272473008,52.067806883487926],[-63.838309046719274,52.07283971992043],[-63.83803717487155,52.072796730991655],[-63.83801375659268,52.07288167673088],[-63.83794825156641,52.07294767638474],[-63.83790100737338,52.07297332233353],[-63.83736593418228,52.07307032259369],[-63.836902818459016,52.07341237523551],[-63.83662100699475,52.073465249572465],[-63.83620468664163,52.07354331955939],[-63.835384228805594,52.07422097070355],[-63.835183875465226,52.07435592153166],[-63.83499827554726,52.07468621566987],[-63.834814359642365,52.07482140959497],[-63.83429534925687,52.075314915248505],[-63.83416047305146,52.07546106171447],[-63.83409496813622,52.07560432358062],[-63.834106682795195,52.07579353347105],[-63.83412703636756,52.076011313971456],[-63.83433473629577,52.076321512547324],[-63.834690340499606,52.07656706806356],[-63.83478313644076,52.076865281461494],[-63.83484152819971,52.07702193470595],[-63.83488373630765,52.07713516815122],[-63.83522159297489,52.07741092024654],[-63.83534947604716,52.07750447946699],[-63.835773163728916,52.07793202500326],[-63.83626237585125,52.078602467313985],[-63.836547338148875,52.07926756684364],[-63.83673297463208,52.07947786605617],[-63.836929478724095,52.079897675121245],[-63.8371467918109,52.08006172841113],[-63.83728122800835,52.08023461866665],[-63.83587189042286,52.08167058872077],[-63.83576261705932,52.08175820191871],[-63.8353731908486,52.081918589024816],[-63.834982779143616,52.08194480109625],[-63.83478849992042,52.081860306808714],[-63.83466968796333,52.08186240407674],[-63.8338359837519,52.08207249198651],[-63.83367290152875,52.08218358758341],[-63.833576579437334,52.08243000630246],[-63.83344390813053,52.08244819461363],[-63.83331288998016,52.08242570599631],[-63.83311000596637,52.08223549874404],[-63.83278117969787,52.0820553017934],[-63.832539198247,52.08200670717391],[-63.8322807000828,52.08203499536135],[-63.832213020295015,52.08207459477574],[-63.83206461673794,52.082612695436595],[-63.831796605903605,52.08286441436477],[-63.831365419864184,52.083072903245096],[-63.83115111724695,52.08345549667477],[-63.83095939636512,52.083619002043015],[-63.83077889327085,52.0836729990068],[-63.83046229401177,52.08367188715246],[-63.83033129576662,52.083649487250575],[-63.830268887710254,52.08356720164535],[-63.83023071053064,52.083379590851],[-63.829965276503074,52.08326140476007],[-63.829740605749194,52.08327001545377],[-63.829071691615944,52.083482597628894],[-63.82865189581546,52.083581506966794],[-63.82825631165769,52.08357499727488],[-63.82741749772204,52.08344350469374],[-63.82717107110922,52.083470843881564],[-63.827066084437874,52.08348249199386],[-63.82698505546479,52.08354863485475],[-63.82672428977326,52.08376138529319],[-63.826734612368234,52.08398108955633],[-63.82709541985323,52.08464540197909],[-63.82713169937184,52.08518260899551],[-63.827250492204364,52.085334902555964],[-63.82725220067566,52.08544868795348],[-63.82714980222964,52.08552831138133],[-63.82671858954543,52.08558228409926],[-63.82644971580368,52.085545409012845],[-63.825802595456224,52.08525031207787],[-63.825490403639286,52.0849932059245],[-63.825212813221675,52.08485049070384],[-63.82483469416706,52.08443790683914],[-63.82476970564272,52.084416547282466],[-63.82461349275616,52.084365196990156],[-63.8241172789696,52.084397706377636],[-63.82291479874022,52.08474388569689],[-63.82286248985946,52.08478206759734],[-63.822642311058175,52.08494269353406],[-63.82271518116027,52.08509020115224],[-63.8230134742927,52.08520880503905],[-63.823292778482475,52.085465404378404],[-63.82321989506178,52.08562679976169],[-63.82264110238634,52.08604409757844],[-63.82193659739362,52.086317097413925],[-63.82158859954015,52.086583799804465],[-63.82104112116311,52.086733295097304],[-63.820227307972026,52.08678509467591],[-63.81888002434372,52.08681589678061],[-63.818301297813974,52.086769803097845],[-63.81788119039597,52.08733200517102],[-63.817696302172386,52.08748750674106],[-63.817543588974395,52.08750929874188],[-63.81726769137878,52.08748040536469],[-63.81701282360133,52.08727299598153],[-63.816984292609156,52.087016489513836],[-63.81705027929746,52.086863102330824],[-63.81725510580732,52.086703898265206],[-63.81724041261743,52.08658581174119],[-63.816817181073645,52.08630240694856],[-63.81641991448269,52.0861821005491],[-63.81627420354865,52.08604150360748],[-63.815866482589115,52.086010497995545],[-63.81545598666703,52.08619480428403],[-63.815443810459705,52.08632459886767],[-63.81600510533145,52.08646800473308],[-63.816023202434046,52.08665930406868],[-63.815948512672,52.08670679409961],[-63.815724709973935,52.08669499447219],[-63.8152710936036,52.086504705852086],[-63.81468120787946,52.08641369306283],[-63.81449652281377,52.08626029461393],[-63.81421630009111,52.08617849131014],[-63.813852786023965,52.086192798815546],[-63.81369649697112,52.086450393281346],[-63.813374704702625,52.08641669454686],[-63.81286990910159,52.08618891657701],[-63.812354704512295,52.08605031027898],[-63.812084292850344,52.08559068541748],[-63.811840589045694,52.08542809439479],[-63.8115412984827,52.085329712106386],[-63.811365405392166,52.08512770664166],[-63.81116500061594,52.08503089766311],[-63.80992021850023,52.08498189372839],[-63.80930349151433,52.08474819990044],[-63.80906591262395,52.08459800073145],[-63.808988995497224,52.08424309385753],[-63.80858311503769,52.08401689647125],[-63.80822752256487,52.084002996819784],[-63.808172804695765,52.08404678975603],[-63.8081786109309,52.08436801048904],[-63.80811790111668,52.084399496671864],[-63.80776570107821,52.08430419529894],[-63.80744771567084,52.083880393933704],[-63.80713098312449,52.083879200756],[-63.80702259503394,52.083946508110984],[-63.806847996616774,52.08416719737014],[-63.806690501060736,52.08428027415855],[-63.806316807031706,52.08454860218235],[-63.806279315386696,52.08480409601941],[-63.80647010265659,52.084969801692644],[-63.806469901231985,52.08512430112114],[-63.8062070945612,52.08509960984958],[-63.80602160694789,52.08496650614598],[-63.805368301922094,52.08496790297662],[-63.80527992056001,52.08487699792538],[-63.80527599274588,52.08436070581055],[-63.80467598992183,52.08389560763083],[-63.80470179302644,52.083668203539574],[-63.804718793128465,52.083518302890596],[-63.80437639267313,52.083199709783166],[-63.8042840051836,52.082746988496716],[-63.8039941848423,52.082734091869845],[-63.80366700593131,52.08297661419738],[-63.80336070381034,52.08304059349101],[-63.80297311943157,52.08285129193853],[-63.80235679470947,52.082308702496306],[-63.80177490580184,52.082189314430494],[-63.80152801665088,52.0817991080093],[-63.80122190846488,52.081708687798155],[-63.80076918439544,52.08149789103862],[-63.80015981685923,52.08110170089841],[-63.79949711948176,52.081017600800344],[-63.799512875833244,52.08080650247839],[-63.799088696773374,52.08085229655529],[-63.79888639480276,52.081104993890065],[-63.7986234076291,52.081234815781535],[-63.798681188895344,52.0815731060578],[-63.79865068720171,52.08180075730561],[-63.79863230356019,52.08193808777053],[-63.798514214604,52.082074307606426],[-63.79748697602285,52.082179206560205],[-63.79649740159114,52.082028698280865],[-63.79632389894064,52.08207460699719],[-63.7959913875907,52.08228450176063],[-63.795858679255105,52.0823026072027],[-63.79523522378527,52.08207679830305],[-63.79504348030344,52.082085902504076],[-63.79462699685825,52.08225780396564],[-63.79451058867044,52.08235340125927],[-63.794358494652926,52.08266380759806],[-63.79422909690731,52.082755193909804],[-63.79387599859169,52.0828346973832],[-63.793367619436566,52.08284250435974],[-63.792928427046995,52.083078993907584],[-63.79212409575026,52.08321609040566],[-63.79188890018351,52.08331380231422],[-63.791724086584544,52.08331098873196],[-63.79163768536957,52.08302509534682],[-63.79168209080469,52.08291609022606],[-63.791926891636365,52.0827494008377],[-63.79240071402045,52.08262721141597],[-63.793178781263144,52.08263609681519],[-63.793416611028775,52.08247751176895],[-63.79334189689994,52.08177311129237],[-63.793473894612575,52.08162078700038],[-63.793690006140736,52.08150649688864],[-63.794234682102804,52.08157250456456],[-63.79453830987855,52.081569411789914],[-63.794672805979786,52.08151068879901],[-63.79395417689597,52.08104750188804],[-63.79380970743042,52.08073219617693],[-63.7937057144927,52.080697907063715],[-63.793468907701936,52.08068180292551],[-63.79310677621076,52.08096440048499],[-63.792764905129836,52.08108870637844],[-63.79268141396035,52.08133941181178],[-63.792383807689276,52.08135470172792],[-63.792246794862386,52.081319900440555],[-63.79218292011984,52.08112379549934],[-63.792444890640816,52.08101430158856],[-63.79262741209009,52.08076540736796],[-63.79272270447343,52.08009631012909],[-63.79271801598591,52.07996873876659],[-63.79268049715885,52.078949400616764],[-63.79259912547543,52.07885049479911],[-63.792259192583124,52.078779789027145],[-63.79209279191967,52.078663192389236],[-63.79166859139532,52.07870900262461],[-63.791389925730094,52.07889539465517],[-63.79114960053655,52.0789605107247],[-63.790793091992796,52.07896671072129],[-63.79044600585175,52.07905850914305],[-63.79017719094741,52.07902150576771],[-63.790026486107976,52.07884829296788],[-63.790040882433,52.07836889528631],[-63.78976120963098,52.07797809450024],[-63.78971651836096,52.07764410677238],[-63.789616902768394,52.077508303563114],[-63.78928050288992,52.077356386728255],[-63.789268102843565,52.076888795776846],[-63.78889499874964,52.07697200400557],[-63.7886388076116,52.07724810448657],[-63.78835518752647,52.07724749270379],[-63.787875289113614,52.07751180152828],[-63.78715179545765,52.07761350979732],[-63.787044091714364,52.07766049987844],[-63.78690248350855,52.07788170921976],[-63.786877281538025,52.07860479496807],[-63.786679415935865,52.07875590789322],[-63.78667131681741,52.078938704317714],[-63.786966199620075,52.07898431294185],[-63.78707540445704,52.07905110789942],[-63.78704629590247,52.0794123956994],[-63.78715459440031,52.079499511845995],[-63.78777999808167,52.079530298926294],[-63.78798199915963,52.0795864994843],[-63.787979876371324,52.079936004765536],[-63.78779060250791,52.08003848927444],[-63.78746799567404,52.08002500820712],[-63.78691481356239,52.079853206719015],[-63.78666949012061,52.079731189115165],[-63.786573750127715,52.07961494129808],[-63.786425192575294,52.079434506162],[-63.785975889645584,52.07945139783506],[-63.7858612874617,52.079506400240646],[-63.785836901911594,52.07961170265876],[-63.78609429752021,52.07975819714431],[-63.78626409258039,52.079948003633646],[-63.78627075392695,52.08006866231659],[-63.78627509548196,52.080147388163724],[-63.78616571760702,52.08023500646938],[-63.78588898396068,52.08022629307608],[-63.78556302601425,52.0801395937998],[-63.785056515715716,52.080106693893505],[-63.78473449093306,52.0802273110631],[-63.78520770787125,52.08056849268433],[-63.78562919262116,52.080583695930116],[-63.78576619699666,52.080618505922914],[-63.785749932691196,52.080857870809645],[-63.78574769539003,52.080890495392545],[-63.785661272017826,52.08097922801129],[-63.78559569323767,52.08104649615036],[-63.7846987910856,52.08103960577683],[-63.78461021704213,52.081103192713506],[-63.78461410374234,52.08146499516784],[-63.78496089757553,52.08212713434506],[-63.78497919276329,52.08216209137113],[-63.784928823860845,52.08225879641234],[-63.78484578173188,52.08232166959007],[-63.784587500924815,52.08251729947205],[-63.78456400115917,52.0826023046539],[-63.78464630749001,52.08268090764823],[-63.78532038115315,52.08265549569749],[-63.78556568060704,52.082777506486046],[-63.78605959390629,52.08324910682392],[-63.78607148701319,52.08342819540035],[-63.78585091058326,52.08364399456884],[-63.78586189023987,52.083843288761884],[-63.78640910564406,52.08400289489786],[-63.786698384647885,52.08432469935999],[-63.78686929904182,52.08433980422186],[-63.78691162472663,52.08382829442026],[-63.78702540402249,52.083639196892904],[-63.78718082016115,52.08355639337892],[-63.787675294968096,52.08356469210032],[-63.78813571171324,52.08374710889721],[-63.78888509842903,52.08380839381314],[-63.788993491449986,52.083895589390316],[-63.78898281178172,52.084139305041525],[-63.78882449332627,52.08443739958098],[-63.78879351410509,52.08499369398294],[-63.78871279532492,52.0850289956822],[-63.788533312591504,52.0849080993917],[-63.78841650382455,52.084715095000526],[-63.7881927229055,52.08470329379854],[-63.78786711232141,52.08490511462153],[-63.787632803550466,52.08498249579942],[-63.78745900105536,52.08518288943591],[-63.78743530145647,52.085422301593816],[-63.78751278524097,52.08591129767645],[-63.787433992822415,52.08650340849266],[-63.787508090376726,52.08691929744806],[-63.78741678239115,52.08704379483175],[-63.78689400609701,52.08677900239681],[-63.78662280831665,52.086493990684275],[-63.78636619643576,52.08632709274511],[-63.78599598784178,52.08619490959969],[-63.7857194053671,52.08603181307206],[-63.785218915406524,52.08601119675866],[-63.78483919162258,52.085793490493046],[-63.784605013072685,52.08571649500738],[-63.78384078578971,52.08569149354517],[-63.78348691006868,52.085636808798455],[-63.78340602094203,52.08582649986198],[-63.783323395623384,52.08590230227846],[-63.78318459120481,52.08590808463988],[-63.7830163895276,52.08583220654911],[-63.78301191258895,52.085803597906576],[-63.78300611182958,52.08576699513318],[-63.782727107459884,52.0855102977238],[-63.782592112487414,52.085280399963864],[-63.7825620059173,52.0850645050583],[-63.78283532115836,52.08440240186952],[-63.783207111361435,52.08405101181174],[-63.78324651620526,52.0837548964936],[-63.78322897798382,52.08368274775941],[-63.78314039672967,52.083318184543195],[-63.78286750852476,52.083073888880385],[-63.78202121749296,52.08281579602815],[-63.781912010780076,52.08274899496991],[-63.781524190900605,52.08271398417081],[-63.7807631771188,52.08291670472773],[-63.78031251575299,52.08326280614282],[-63.77975118493448,52.08327370487168],[-63.77919200662464,52.08308949392544],[-63.777948977617825,52.08240209930943],[-63.77773398855445,52.08234160774998],[-63.77739127572925,52.082331805015464],[-63.777083206124566,52.082436405531745],[-63.77688857953537,52.08266070340207],[-63.77655480895773,52.08278986166312],[-63.77638520956057,52.0828555164706],[-63.77606469523847,52.083089892987665],[-63.7755830099206,52.083240399641355],[-63.7749806874245,52.08329569738566],[-63.77494707952684,52.083298800381044],[-63.77389830531896,52.08329330481177],[-63.77355048356971,52.083250906215454],[-63.77308750555696,52.08312930573111],[-63.772173297784086,52.08246770960369],[-63.77177708484248,52.08232690052521],[-63.771395119532215,52.08201560052825],[-63.77145730168575,52.08165489096899],[-63.7712918126242,52.081518009029246],[-63.7710316883701,52.08143228972949],[-63.77074677813073,52.081163301415245],[-63.77056251852755,52.08085529611548],[-63.770556481037296,52.08065391594849],[-63.77055192242969,52.08050149372688],[-63.77075009111674,52.08019599657404],[-63.77074520225551,52.080008906776264],[-63.7703667850314,52.0796163925987],[-63.77027699223123,52.07941168588272],[-63.77013059157651,52.079291300807505],[-63.76959198652136,52.079237509801175],[-63.76916111450494,52.07913680249987],[-63.76816291702899,52.07903459796052],[-63.76777889730913,52.07891839022422],[-63.76767269751961,52.078900222043664],[-63.76667239952882,52.07872898938757],[-63.765601580071575,52.07803620152302],[-63.764628209787865,52.0776741935696],[-63.76344461463888,52.076995792542455],[-63.76329188673016,52.07657450349237],[-63.762604879264536,52.07615240627627],[-63.76193210414783,52.07600279674687],[-63.76139391659075,52.07579449191331],[-63.76030749427449,52.075601308130636],[-63.759726090639575,52.075327296893946],[-63.75901099880871,52.07464860663352],[-63.758875609044324,52.07428450056058],[-63.75838221198733,52.07381280510829],[-63.75780169288983,52.07351838370226],[-63.75756460535201,52.073213614385395],[-63.75688050611646,52.07273049832107],[-63.75658750011708,52.07264429203933],[-63.75590459709004,52.07242940990647],[-63.75518449137101,52.07216108639659],[-63.754837101408626,52.07196419221325],[-63.75394069079337,52.071802589828735],[-63.75243459430217,52.07126488704388],[-63.75217828381138,52.071097899429866],[-63.75174719183259,52.07070849522311],[-63.750885399423794,52.0702182853302],[-63.75034369996,52.07009119530691],[-63.74971760562223,52.070080490242006],[-63.74925059241753,52.06990590915279],[-63.74901001252647,52.069682298290644],[-63.74873608970077,52.06961259522706],[-63.74843300114222,52.069461095695154],[-63.74804339081166,52.069178100278094],[-63.74791100667793,52.06904169968252],[-63.74753770064842,52.06883619925839],[-63.74716570565975,52.06845589820744],[-63.74602668710761,52.06826569768104],[-63.745615910174315,52.0681611128534],[-63.74548299655002,52.06789060874252],[-63.74486372386596,52.06758329551526],[-63.74483807912607,52.06742030290044],[-63.744949316034095,52.06729210398322],[-63.74495059897983,52.067117410261275],[-63.744622213757125,52.06664840778383],[-63.744650195813286,52.066173296606415],[-63.74442960004918,52.06594598787989],[-63.74396260356334,52.06577139738662],[-63.743862323003555,52.065655897073],[-63.743839414967255,52.06543189963853],[-63.74405142086694,52.06526489776258],[-63.74416758293802,52.064880706061935],[-63.74408729454609,52.06476150433298],[-63.74401620406452,52.06472769537058],[-63.74396328483737,52.064730893402164],[-63.74346150201628,52.06503930280137],[-63.74289158909723,52.06509868630533],[-63.74291310078922,52.065208810062124],[-63.742825405030956,52.065252003622305],[-63.74252102324227,52.065275193705205],[-63.74234869385312,52.065146306874965],[-63.741963099317076,52.065070611965844],[-63.74125530922674,52.06482680338187],[-63.74077330027186,52.064399906466235],[-63.740408488048246,52.06430019838694],[-63.740176287841294,52.06389380956863],[-63.740119566522566,52.063837538335186],[-63.73994280937294,52.0636622050743],[-63.739736688036054,52.06355300072399],[-63.73927490356888,52.06341091382564],[-63.73916160740737,52.06329108859759],[-63.73842887475502,52.06330700261566],[-63.738285413905956,52.06312570043186],[-63.73791549044065,52.06299329735955],[-63.73764500752707,52.06299680958847],[-63.73737130576083,52.06321569899455],[-63.73736640497801,52.06347159801099],[-63.73730378639403,52.06354370356275],[-63.73723339224122,52.063932703596706],[-63.737045588940866,52.064149007891494],[-63.73670130664665,52.06417960405241],[-63.73632169826097,52.064116198447344],[-63.73567888635907,52.063893800775965],[-63.73538039491734,52.06364070374377],[-63.735173408246766,52.06355179768974],[-63.734771013564576,52.063264492303304],[-63.7347426082335,52.06316240043647],[-63.7348051928582,52.063090285411846],[-63.7354993230532,52.06290709388334],[-63.73551550094247,52.062792397563626],[-63.73552848759591,52.06270029162346],[-63.734058990950594,52.061658891630515],[-63.73381209817528,52.06157748696843],[-63.73307012234523,52.06150779712125],[-63.73265620297575,52.06133001106259],[-63.732371723317364,52.06134949595969],[-63.73187021960934,52.06150339460934],[-63.73124423218058,52.061813524155184],[-63.73078410270347,52.06204150841475],[-63.7302297050419,52.0621986017447],[-63.7299929780883,52.06218230723432],[-63.72957630831411,52.06206539692451],[-63.72910019782602,52.06180518613868],[-63.728948909666414,52.06165218933358],[-63.72841058551642,52.06159820979898],[-63.72815640451553,52.0616792062103],[-63.72769798555803,52.06189880581641],[-63.72741079680064,52.061979211138286],[-63.72712029121259,52.061986383320566],[-63.726898497506745,52.061933799811264],[-63.72672630628327,52.06180479436113],[-63.726704479043136,52.061560603335856],[-63.72720789962445,52.061654606849025],[-63.727438509428545,52.06165861069417],[-63.72779858645254,52.061571398450546],[-63.72832956776294,52.061150538190326],[-63.72849631018759,52.06101839287684],[-63.72911469890269,52.060614495888295],[-63.72961200091699,52.06040768627578],[-63.7297642218521,52.06025179988821],[-63.729790623854406,52.0601059939421],[-63.7288807086612,52.06024879552274],[-63.72880600379414,52.060296287852104],[-63.728671102228404,52.060509302838256],[-63.728319798738944,52.06054800935331],[-63.72814998655276,52.060512500268516],[-63.72791380351283,52.060341805929966],[-63.72790168589087,52.0600287068858],[-63.72765619445041,52.060060996987566],[-63.727447523056505,52.0603012982396],[-63.726999792563845,52.06043169952362],[-63.72686758798346,52.06058389448841],[-63.72640271845448,52.06065710247033],[-63.72634187109333,52.06069577322679],[-63.72625328295156,52.060752107067756],[-63.72623980844565,52.06090229443273],[-63.726526585577226,52.060976297865416],[-63.726635217499336,52.06119769796571],[-63.72644779131609,52.06125949427028],[-63.726157288885965,52.06126660569836],[-63.72591740814146,52.0611771141224],[-63.72566402177536,52.06094920103805],[-63.725423184840366,52.0608799933303],[-63.72426601029836,52.06080720663007],[-63.72400381266236,52.06062781022125],[-63.72388220641946,52.06040221182775],[-63.72353740643989,52.06029870166246],[-63.723526690089074,52.06009931130991],[-63.72371278254404,52.0599237064442],[-63.723699682396074,52.059630904481445],[-63.72396557640376,52.05955049791729],[-63.72422119792952,52.05947320887814],[-63.72453850035996,52.05916580162415],[-63.725122606129375,52.058936109804726],[-63.72521770942268,52.058730401818565],[-63.72519589328957,52.05848621272976],[-63.72496150197298,52.05827489868048],[-63.7246279029015,52.05821619142273],[-63.72433659911351,52.058243708358624],[-63.72413150618083,52.05840270322919],[-63.72407870622482,52.05869449598442],[-63.723827690115925,52.058848610296806],[-63.723966892487624,52.059265612183616],[-63.723810611351674,52.05936860917465],[-63.72368525127898,52.059391970581984],[-63.72349140926302,52.059428104128834],[-63.723115098093864,52.05943780249615],[-63.72270261360418,52.0593738025969],[-63.722357397692996,52.0591360864646],[-63.72227007970101,52.059024904296116],[-63.722191008397125,52.05856370371047],[-63.72217640806947,52.05847861392419],[-63.72207292445387,52.058289897840964],[-63.721732797144284,52.05808479813318],[-63.721519283072084,52.057849495515676],[-63.72070928798153,52.057727452504544],[-63.72054358643996,52.05770248998119],[-63.7200708168623,52.05751550831859],[-63.71994600097307,52.05750518721523],[-63.71961289270847,52.057580711239765],[-63.71905291346133,52.0575710055735],[-63.71883860159697,52.05764449267887],[-63.718633509524054,52.05780351090596],[-63.718400092914436,52.057860387154],[-63.71774037496338,52.05786930684742],[-63.7172379110177,52.05775489329533],[-63.71721010830536,52.05749831193407],[-63.717273214758315,52.057271792881565],[-63.717454100027595,52.05706359647996],[-63.7178345824111,52.05681820413216],[-63.717906892066885,52.056388600909855],[-63.71810017233474,52.05628409910647],[-63.71847481969018,52.05608149599985],[-63.71864551224588,52.0558081097682],[-63.71901850573559,52.05572511508194],[-63.719191604995174,52.05554520816952],[-63.719182309604406,52.055459713045906],[-63.71909830691718,52.05542170254875],[-63.71861719431382,52.05541738867841],[-63.7185212005139,52.05535479174403],[-63.71851051102144,52.055155403833325],[-63.718446497631255,52.055113695974775],[-63.718082294115156,52.05514798406685],[-63.71783917986036,52.05527380058234],[-63.717647603707725,52.05528268994525],[-63.71698459268966,52.05492980616276],[-63.716338893708134,52.05492260557424],[-63.715784505576295,52.054790992629115],[-63.71571438763098,52.054736985658195],[-63.71571207805076,52.054643504655765],[-63.71587630166885,52.05451219313127],[-63.715932494848715,52.05400509488581],[-63.71601792086843,52.05386839795241],[-63.715782700607456,52.053677396078385],[-63.71583189802072,52.053178308358035],[-63.714989386332306,52.05314739326612],[-63.714622476278684,52.05324260107702],[-63.714268101356325,52.05320799106608],[-63.714199385810005,52.052979204824375],[-63.71430848991472,52.05275759735169],[-63.714260684813404,52.05250470395146],[-63.714051481298526,52.05232230158577],[-63.713741588296784,52.05217869489918],[-63.71351068339729,52.051752000111144],[-63.71317899358027,52.051652689696375],[-63.71248878326436,52.05117730869934],[-63.7119687962969,52.05116020925231],[-63.71180039159758,52.050949909202],[-63.711235889615395,52.050753108689086],[-63.710873698246196,52.050458308145025],[-63.71024980192466,52.050406692282415],[-63.71010369584459,52.05028629065393],[-63.7097502065822,52.05023140596569],[-63.70940609891329,52.04997339237679],[-63.70890980756109,52.04987119295649],[-63.70880870530034,52.049776006243576],[-63.70873409078943,52.04953488403493],[-63.70862510164769,52.04946801218379],[-63.70781610654502,52.049283107278264],[-63.70743311439699,52.049012308079064],[-63.706811610358585,52.04876571635596],[-63.70649339855881,52.048516288735044],[-63.70583018892681,52.048317703947674],[-63.705568201105166,52.04813839461067],[-63.705224185740924,52.04759180766304],[-63.70452198110121,52.04738040097764],[-63.70433978863165,52.04718609417532],[-63.70406011328526,52.04710401278129],[-63.70388488738577,52.04690180201554],[-63.70386499863182,52.04661700491091],[-63.703192594091085,52.0463328866929],[-63.70293749464399,52.046145495634995],[-63.70277300626543,52.04585409570265],[-63.70276709833974,52.04555319041934],[-63.70260670071345,52.04531469194332],[-63.7024157067277,52.04516910798877],[-63.7019811214478,52.04501509242533],[-63.701402389342185,52.04470020064675],[-63.700878384560404,52.044629993856546],[-63.700006826159594,52.044805795217016],[-63.699401882883045,52.04505929953962],[-63.69879371238755,52.0452396981047],[-63.69797450961863,52.045566705891964],[-63.697533811496974,52.04568901263481],[-63.69675480196097,52.04614270806967],[-63.696827917788625,52.046558598939605],[-63.696646781315984,52.046766696982004],[-63.696687879529996,52.04716170567686],[-63.696488311043176,52.047487395478996],[-63.69655139591,52.04826070895742],[-63.6963834100164,52.04847320191406],[-63.69618899607971,52.048542890636334],[-63.695713098855684,52.048571110382106],[-63.695458394550876,52.048517908799155],[-63.69485789515331,52.048247200079146],[-63.69394240155486,52.04808881381912],[-63.69334358622557,52.048066103674266],[-63.69259760337568,52.04752050060772],[-63.692220101821626,52.04741628809563],[-63.69196961477146,52.0474159899615],[-63.69143711020278,52.04752849385915],[-63.69103341497144,52.0477042999188],[-63.690071015515365,52.04827260123457],[-63.689240719533124,52.048977396796936],[-63.68880190153863,52.04948169999771],[-63.68847481485392,52.050280699392836],[-63.688127685527604,52.05037210010529],[-63.68779400198249,52.050602001501055],[-63.687448811819124,52.05136399602844],[-63.68685638214383,52.05191039538847],[-63.686172779848484,52.0522925961344],[-63.6855534219443,52.052427896354715],[-63.68513819285931,52.052424703503654],[-63.68438640810331,52.05228940413152],[-63.68380652341215,52.05228319756034],[-63.68288088580505,52.05248229700246],[-63.6825579069045,52.05262290272951],[-63.682149690855404,52.05303429448779],[-63.68147748869581,52.05401808415108],[-63.6813952095781,52.054227995743055],[-63.68139371188607,52.05482550745782],[-63.681639901069616,52.055484195442254],[-63.68139041668112,52.05546349362651],[-63.681103404126475,52.05525520084977],[-63.68073471425536,52.05510239330808],[-63.680556702022635,52.05496101276679],[-63.67968129834154,52.05492929621284],[-63.67931004566671,52.0547495569538],[-63.67921060521031,52.05470141124164],[-63.67908549300828,52.05455688705211],[-63.679076323334904,52.054471399716135],[-63.67952699748209,52.05428029960403],[-63.679607379144514,52.054111003347394],[-63.679583900138525,52.05390729473715],[-63.67928490390021,52.05367439636658],[-63.678084585994725,52.0534011088438],[-63.67770990549431,52.05323601396834],[-63.67691120336355,52.053116089982076],[-63.676390897538916,52.05296459997764],[-63.675723906036694,52.052847093227385],[-63.67546609486441,52.05272058501998],[-63.6745175976516,52.05256139479057],[-63.674238050776815,52.052648438029266],[-63.67403591627522,52.052711390280415],[-63.673568814548574,52.05269090057763],[-63.67323818600473,52.05257120100491],[-63.67329550023258,52.0523324000514],[-63.673443474470474,52.0522370762009],[-63.673866503368366,52.05196461369384],[-63.67447871263196,52.05128050732707],[-63.674772577925395,52.051058105520674],[-63.67510920267972,52.050767395591926],[-63.675480992899935,52.049725410621264],[-63.675485401227675,52.04948969176139],[-63.67484291238209,52.04786470261736],[-63.673242507014706,52.047129005135936],[-63.6724268956575,52.04695190931388],[-63.67033189598839,52.046784498032025],[-63.66914450552974,52.04680401417317],[-63.66806408717778,52.046931009125124],[-63.667310786311226,52.046970397904516],[-63.66686139350862,52.04692909595686],[-63.666706899443675,52.04691489162484],[-63.66642041227154,52.046840689358646],[-63.66621549958517,52.04671109601042],[-63.666207307491405,52.0466051988609],[-63.6663478531324,52.046489696983656],[-63.66661869304655,52.04626709898273],[-63.66672490184952,52.04597230330525],[-63.66683061190553,52.04596610401892],[-63.66708142048799,52.046100601199335],[-63.667242482095595,52.04631889657166],[-63.667404316376185,52.046382803556455],[-63.66808572173126,52.04632989514324],[-63.66856697527103,52.046468502369095],[-63.669104006889455,52.0465432146187],[-63.66948487673979,52.04643210198715],[-63.670243420329996,52.045579894632176],[-63.67025291233798,52.045376890572996],[-63.66980140845555,52.04516559985071],[-63.66737399305122,52.044362196387134],[-63.66657669157168,52.04435609760618],[-63.66627118737473,52.04426528768029],[-63.665614897642804,52.04392440905095],[-63.66497359526274,52.04312441100478],[-63.66452888591352,52.042771002124454],[-63.663807709250094,52.04240859899372],[-63.66340380847994,52.04202739343064],[-63.66320731803271,52.04158090479941],[-63.662836379465034,52.041200296731475],[-63.66243718305555,52.04114029739973],[-63.661468412416205,52.04113920147833],[-63.661191693857226,52.040996111489974],[-63.66052338744977,52.041053188286455],[-63.660076977468144,52.040914380117],[-63.660010177820176,52.04089360605971],[-63.66000241599233,52.04085952342259],[-63.659971997962636,52.04072630810731],[-63.66010028986962,52.04052128361296],[-63.66080441555515,52.0404039031254],[-63.66085918083512,52.040360206447964],[-63.66081589766558,52.0401602097979],[-63.660451300215215,52.03992608967107],[-63.66012490641579,52.039859300390425],[-63.65956799959282,52.03978828620131],[-63.65852552288115,52.039814295380545],[-63.6580743902777,52.03973710464229],[-63.656947985171584,52.03972500485807],[-63.65659211166742,52.03986499228358],[-63.65652140050068,52.03996530806692],[-63.65652310929025,52.040347410948016],[-63.656664877136826,52.04041500718249],[-63.65698811201749,52.04047447453592],[-63.657716901944454,52.04060861357763],[-63.65800824016122,52.04059528611609],[-63.65848308930247,52.04057359209997],[-63.658717104685486,52.040362413265335],[-63.65907020786388,52.04028341572163],[-63.659326302552714,52.04016200636906],[-63.659929100445694,52.04023781433254],[-63.659933185447535,52.04029070411268],[-63.65977767244986,52.04037330517559],[-63.65913529859639,52.0404390012705],[-63.65889019619801,52.0406052962592],[-63.65881299622129,52.040702792170855],[-63.65872200107965,52.04081771182373],[-63.65814541909864,52.040884603401516],[-63.657355692790475,52.04113858555104],[-63.65646967648499,52.041618604843194],[-63.65641022666355,52.041632624676225],[-63.65579651452775,52.041777192686304],[-63.655155985331184,52.04180220661878],[-63.65468992278236,52.041761292161766],[-63.653676384329444,52.04131229544026],[-63.65318230410344,52.04116931143221],[-63.65284289189485,52.04109810908475],[-63.652243306578725,52.04109550075042],[-63.65183538786996,52.041218190580224],[-63.650789885443764,52.04186180004161],[-63.65049409010723,52.042124703496945],[-63.650298614879134,52.04277149970851],[-63.65030344247746,52.04298088167824],[-63.65031159654326,52.0433325943837],[-63.65059368890504,52.04377670348751],[-63.65125639331692,52.04384139731581],[-63.65168320049117,52.043735298229485],[-63.652107205190326,52.04369010266344],[-63.652697007752884,52.04376170324904],[-63.65289581360696,52.04387909068458],[-63.65310177865528,52.0441226003323],[-63.653183787752965,52.0453148988264],[-63.65293669488246,52.04552179444366],[-63.652344197776955,52.04564530980383],[-63.65101999435696,52.04562961167488],[-63.65078331345738,52.04547899610702],[-63.65028500282204,52.04528301403741],[-63.64925769612319,52.04498409240703],[-63.64881840489338,52.044797289875035],[-63.647736300342466,52.044542091242874],[-63.64762138016537,52.04446280799018],[-63.6474122801548,52.044145998189215],[-63.64741209839461,52.04410148815321],[-63.647005444304035,52.04405665972334],[-63.64679420050277,52.044027858356685],[-63.64662150965298,52.04399360091746],[-63.64660790515299,52.044013609811664],[-63.64628288640122,52.044194699289974],[-63.64589402019934,52.04433400060905],[-63.64551179042585,52.04433118349389],[-63.645074393036175,52.044103789102316],[-63.64484491363878,52.04407929483631],[-63.64443409249405,52.044262908539785],[-63.644182109679335,52.04457130094219],[-63.644208500642435,52.04484819730449],[-63.64459032676446,52.045273694360745],[-63.64487609172453,52.04550240022955],[-63.645030293895836,52.04586290664011],[-63.6453141971847,52.04613218821699],[-63.64533551283697,52.046376500986376],[-63.6451874082523,52.04671930816211],[-63.64490999862227,52.04673048880388],[-63.64476719144191,52.04668320531162],[-63.644751107365494,52.046605697738464],[-63.6449902967958,52.04642709627038],[-63.64490312153036,52.046181701350875],[-63.644778399597534,52.04617130082524],[-63.644465411133126,52.046377013049174],[-63.64332988161764,52.04641329930672],[-63.642935900550334,52.0465200056873],[-63.6427325063157,52.046638313365726],[-63.642376876496144,52.04704640547001],[-63.642958796597235,52.047146406703234],[-63.6433738921106,52.0471498049985],[-63.64387969726922,52.04704919894749],[-63.64418902295618,52.04705889810199],[-63.64449551473794,52.0471294093933],[-63.64512901973346,52.04766929334652],[-63.64527529536774,52.04805799563431],[-63.64561090524582,52.04821040253172],[-63.64589331608086,52.04823180586871],[-63.64619140783487,52.04806241368888],[-63.6464488914462,52.04805490008031],[-63.64734930723985,52.04825001002349],[-63.64787130062997,52.04824370176028],[-63.64816060630386,52.048240191646606],[-63.64849398585781,52.04829910973008],[-63.64874057970608,52.048380704047844],[-63.65037968309237,52.04926379545305],[-63.65049290551208,52.04951789930041],[-63.65075660592808,52.04965671293746],[-63.65115209162317,52.04979798348738],[-63.65186270562388,52.05038388807662],[-63.65278841671162,52.05074200609393],[-63.65375460179322,52.05136091304774],[-63.65376778722305,52.05205609422934],[-63.65382510216016,52.052240102189735],[-63.65400200965351,52.05240181141787],[-63.65537619234633,52.052898004686455],[-63.65651409775509,52.05351181190558],[-63.65703270168693,52.053838214986214],[-63.657516683569604,52.05433870084387],[-63.65775190497584,52.05466400078822],[-63.6578724184092,52.055044098669036],[-63.6579284799506,52.055671101758634],[-63.65808921265244,52.05617800810841],[-63.65783289542764,52.056299386823376],[-63.657117681157295,52.05650600770557],[-63.65699410207892,52.05660950450085],[-63.65704341398546,52.05682170990977],[-63.6573600881971,52.05695749583187],[-63.65828600279485,52.057315513566344],[-63.65905308345178,52.0575487021771],[-63.65949071379269,52.057776104506885],[-63.65950848111049,52.05779527281047],[-63.65969780406185,52.057999303579855],[-63.65989909217262,52.058344309875814],[-63.66088510339466,52.0592479925815],[-63.661028700650185,52.05969771169905],[-63.660954515029395,52.0600134074362],[-63.66071648533154,52.06030590272465],[-63.660548484425206,52.060652408578356],[-63.6605588806343,52.06085180570487],[-63.660765290063715,52.06122939857139],[-63.66092978655649,52.06165509353039],[-63.66122949016413,52.06173358614819],[-63.66183040386215,52.06171589260577],[-63.662313695812436,52.06181399126158],[-63.66268388870256,52.06221489690399],[-63.66323769434087,52.06305799923167],[-63.663242106101016,52.06324509546981],[-63.663087999559515,52.0635755867885],[-63.66308599723559,52.06403891048491],[-63.663321398378734,52.06492109966485],[-63.66270701310483,52.06522309408952],[-63.66242822206463,52.065543298220994],[-63.66214241611116,52.06642829899639],[-63.66222118155127,52.06685650736103],[-63.66275331428202,52.0673213031267],[-63.66360378964715,52.06774700221956],[-63.66410970443967,52.068068993695434],[-63.66564452678194,52.06866959395046],[-63.66729098446339,52.06914199742278],[-63.667908703898604,52.069470096814165],[-63.66808388310641,52.06967239350829],[-63.668695894729396,52.07012228865419],[-63.669374081197454,52.0711302069958],[-63.66952982573645,52.07149330172776],[-63.66968330711599,52.07185110722455],[-63.669883689821745,52.07263920716155],[-63.6699667894946,52.07269760165903],[-63.67016510942289,52.07296938883834],[-63.670401096970956,52.07314018717795],[-63.671200799873034,52.07352838651877],[-63.67149948430066,52.07376301101286],[-63.67208510165106,52.07422301231801],[-63.67306170902785,52.07463868965199],[-63.67311178539219,52.07469649859379],[-63.67381460810445,52.07504229839097],[-63.67433897516534,52.07553530347455],[-63.67457671802169,52.07595420081722],[-63.674800999467,52.0762345962197],[-63.675092596254,52.07705270266484],[-63.67530330141993,52.07832870509306],[-63.675238707773715,52.078441415194945],[-63.6750571029518,52.078515388675946],[-63.674601702454964,52.07851950593131],[-63.674553557508915,52.078508814040326],[-63.67384432130209,52.07835149826662],[-63.673383790771645,52.07832298924314],[-63.67321620290328,52.078381003634654],[-63.67294740070781,52.07876641284386],[-63.67285869689466,52.07925260819392],[-63.67298671903592,52.0797588968678],[-63.67292297992971,52.080274005447876],[-63.6729869878712,52.0803158027245],[-63.67317168714431,52.08031500258488],[-63.67352160886416,52.08002860202313],[-63.673730513647314,52.08007700683738],[-63.673708019288185,52.080275795326045],[-63.67336220789838,52.080615208451036],[-63.673358413367396,52.080696395556735],[-63.673821406988516,52.080952594248195],[-63.67521999147165,52.08151809327359],[-63.67544411782218,52.081664302643084],[-63.67571411519255,52.08223819376213],[-63.67637018928453,52.08259940230805],[-63.6768164043476,52.08293250545852],[-63.67726545529356,52.083040380824265],[-63.67746207460062,52.083045124054266],[-63.67790641887832,52.08304530271681],[-63.6780901885324,52.083064906799976],[-63.678254687599384,52.083356389771595],[-63.67835678837223,52.083431388190014],[-63.678619498907906,52.08345628865173],[-63.67896588736979,52.083385290520546],[-63.67922272337812,52.08339789749745],[-63.68011328893064,52.0836819845261],[-63.680493392997576,52.08387978836194],[-63.68100908242076,52.0839987074749],[-63.68183980787775,52.084293894389376],[-63.68250800516008,52.08467958820618],[-63.683095037423115,52.08518222316898],[-63.68337088324085,52.08541840161263],[-63.6834727925091,52.085781989286566],[-63.68365600244059,52.08595600023065],[-63.68390799385703,52.08607021121706],[-63.6840652853368,52.08623560918791],[-63.684523308390645,52.08645909604063],[-63.6847716102497,52.08665451631472],[-63.68531368142634,52.08691610000553],[-63.68577430077042,52.08736729747908],[-63.686232388753695,52.08759090470307],[-63.686560904656304,52.08790558739438],[-63.687144920167405,52.08811910417291],[-63.687974610237696,52.08872320950799],[-63.689215389561205,52.089143401413466],[-63.689448816080066,52.0893751951538],[-63.68962781194725,52.08978479333083],[-63.68993920581499,52.090042301082036],[-63.69100319235354,52.0904350098042],[-63.69110900046734,52.09042880826146],[-63.69241420038368,52.08989079788231],[-63.69302231303154,52.08944220558132],[-63.693263821912424,52.08935699504555],[-63.69340469825735,52.08902209471336],[-63.69367559048811,52.088730100304616],[-63.69372971179387,52.088418090810556],[-63.693449013329534,52.08806760145783],[-63.6933453026337,52.0874560895147],[-63.69313380448833,52.087180006577306],[-63.692808511612235,52.08693850291811],[-63.69232568016771,52.086820301613066],[-63.691756190601765,52.08643628866816],[-63.69129109985796,52.086220807669285],[-63.69064018477731,52.08560370454916],[-63.69014179048962,52.085253497321666],[-63.689830004123266,52.08486180570417],[-63.689048582070825,52.08435620092079],[-63.68891421114005,52.08420251436671],[-63.68850350177432,52.08373279575353],[-63.68755647680966,52.0829560019868],[-63.687321909930574,52.0826103972733],[-63.687158503712794,52.082009994652225],[-63.68723029275581,52.081600688573914],[-63.68773890759991,52.081304801710395],[-63.68792480232532,52.08099511051565],[-63.68819189997314,52.08078440666658],[-63.688379499839634,52.08072271081814],[-63.68888370535873,52.08066251469515],[-63.68940280179441,52.08056589932912],[-63.690183818786736,52.080226091936794],[-63.69052658963639,52.07994760734872],[-63.69060710867671,52.079778299402435],[-63.69062211951831,52.07945339882578],[-63.690080190451454,52.07848048478742],[-63.68997631640925,52.07773479934053],[-63.69008081467678,52.077614709382324],[-63.69029211568801,52.077468004897966],[-63.69070060917174,52.077479301388216],[-63.69094139257723,52.07754859477725],[-63.69112089389589,52.07780370486398],[-63.691937888574536,52.077826289691984],[-63.69236349406273,52.07789469769119],[-63.69262150732738,52.078021196684325],[-63.69271979333594,52.078177402673184],[-63.69297780961182,52.078303900883064],[-63.69388672570704,52.07833609588305],[-63.694539280520395,52.07848990037265],[-63.695319191114606,52.07845889368929],[-63.695504309738844,52.078592204594955],[-63.69551078568345,52.07873860948986],[-63.69512300416217,52.07899198977027],[-63.695023004887794,52.07929910892015],[-63.695504213883936,52.07959209938793],[-63.696495717101705,52.07983709625143],[-63.69741480926223,52.079934595212634],[-63.69764869147005,52.080011904312094],[-63.69772751015937,52.08030591545516],[-63.69807692186735,52.080596600293724],[-63.698200713505116,52.080915789528845],[-63.698597488928485,52.08103658445958],[-63.69865409923569,52.081240787914524],[-63.69883130259757,52.081402399732845],[-63.699562889666666,52.08156160613552],[-63.699600805920056,52.081883393884446],[-63.699734405264216,52.08213370584478],[-63.69972089398306,52.08228380555592],[-63.69940510007715,52.08255059811691],[-63.69932650187508,52.08267929660175],[-63.699438817094304,52.08281950423845],[-63.699434085069235,52.08292100231522],[-63.699241652463904,52.08297168017874],[-63.69917357860842,52.0829895984571],[-63.69901449982361,52.08286488735221],[-63.69883671749124,52.08285770272388],[-63.69875397494613,52.08293350587806],[-63.6986961024546,52.0836153046669],[-63.69862450454473,52.08373599425383],[-63.69841321898757,52.08388269509682],[-63.697989215858136,52.084062310018496],[-63.69795519546164,52.08437061213556],[-63.698260587994945,52.08461578978286],[-63.698415586027274,52.084687595065354],[-63.6990762027027,52.08481300973263],[-63.70002009363391,52.08480519112431],[-63.70050544749583,52.08470701278635],[-63.70085259036931,52.084636801775616],[-63.70144879551617,52.08458628949744],[-63.701915897537894,52.0844724892038],[-63.70228539409692,52.084470888791955],[-63.702973107149624,52.08429590102714],[-63.70352849786634,52.083984492075054],[-63.704210109849996,52.08379728967351],[-63.70456679923079,52.08350270262822],[-63.70489030216902,52.08349619256288],[-63.705128503176475,52.08362639032206],[-63.70537819745176,52.083647013028006],[-63.7061106022131,52.08307439803553],[-63.70640629561955,52.08309989438709],[-63.706435908883044,52.08331590389496],[-63.706602110384004,52.08343259321526],[-63.706653495551365,52.08389280199613],[-63.70683499491807,52.08410741108741],[-63.70761398240266,52.08409660949946],[-63.70788150043758,52.084019900941364],[-63.70880161130431,52.084096991327314],[-63.70887868079513,52.084142999498766],[-63.70874630778333,52.084295205527674],[-63.708337298074085,52.08443840736878],[-63.708055505009284,52.08439689881178],[-63.70780048550248,52.08463230374586],[-63.707611113647644,52.084734710549846],[-63.70710362437879,52.08472179544981],[-63.706657896984325,52.08494571142037],[-63.70613552279608,52.0849690952454],[-63.70606248619629,52.0855530979092],[-63.70591199456339,52.08566841209713],[-63.705643196329234,52.08563121135001],[-63.705411614773084,52.08535879174953],[-63.70522647693044,52.08493690250947],[-63.704871892751925,52.084613698389006],[-63.70484140400071,52.08412939218585],[-63.704783392843694,52.08410000720607],[-63.70429401140742,52.08412390918516],[-63.70421078439411,52.08435419100574],[-63.704463284712894,52.08460250464655],[-63.70441262151977,52.08498769507258],[-63.70444970044795,52.08504118820279],[-63.70493249237571,52.085159402546815],[-63.70501040958077,52.08547381496656],[-63.705128802621324,52.08562621309747],[-63.7051324085076,52.085833595314114],[-63.70502789638028,52.085953692344894],[-63.70459978718615,52.086080393354315],[-63.70424440784578,52.086488793821076],[-63.70360500469285,52.08676208845403],[-63.703336421646,52.08743619286801],[-63.70333807748149,52.087684207013744],[-63.70367699199231,52.08806408842232],[-63.70363819877275,52.088762597471074],[-63.70383260805706,52.08898141499615],[-63.703883492318354,52.089596085787335],[-63.7041518053749,52.0897877915349],[-63.70481859646751,52.08992540167165],[-63.705160720281086,52.09008999378257],[-63.70534819623294,52.09031680636062],[-63.70537040694097,52.09069518990416],[-63.70561410457089,52.09099208678641],[-63.70598699719469,52.09106370018142],[-63.70616941600112,52.09125789014946],[-63.70662909847428,52.09130661098271],[-63.706885292692206,52.091762286269415],[-63.707122315198106,52.09277860535322],[-63.70728850275035,52.092895309214484],[-63.70800042270763,52.093058097169056],[-63.70810848884947,52.09314530095529],[-63.708103894259956,52.09324689396544],[-63.70799419081526,52.093334399459756],[-63.70735239409027,52.093514312317204],[-63.70699147643286,52.09375590535839],[-63.706971993758984,52.09389380321511],[-63.70716650326527,52.09411260549243],[-63.70692130907783,52.09427911054698],[-63.70644199036733,52.09436819713615],[-63.706072290322986,52.09436989517539],[-63.70583920376921,52.09427240887801],[-63.70534472383714,52.094263693271],[-63.70508650835014,52.09413729028946],[-63.70500387440582,52.09392440601943],[-63.704595319579205,52.093913198939916],[-63.70473078110812,52.09412289545419],[-63.705344584021226,52.09455229594936],[-63.705603092380215,52.09510150598463],[-63.7059132028432,52.09524521486672],[-63.70649599888835,52.095344814024074],[-63.706795101748725,52.09544350364065],[-63.7070114146743,52.09561799395325],[-63.707066188755434,52.09586278661286],[-63.70683591153681,52.096070798248775],[-63.70600070910662,52.09635639145962],[-63.705698586224386,52.09689579016492],[-63.705333603227665,52.097177690292995],[-63.70513751243667,52.09732909158006],[-63.70484999760217,52.097409408072224],[-63.70402880423756,52.097468302855766],[-63.703053198839974,52.09830079070908],[-63.70247389182737,52.09869710837855],[-63.70250257928271,52.09893340380989],[-63.703008681178574,52.09940970449113],[-63.703159877927064,52.09985139848271],[-63.70315551064641,52.10037571492882],[-63.703115998569295,52.10051730918268],[-63.70279630723249,52.1008653086732],[-63.70240138281859,52.10112669565721],[-63.70166510957431,52.1014918984498],[-63.700436299303426,52.1019419009862],[-63.70022118139632,52.10216980685233],[-63.699945390428475,52.10285198981436],[-63.69975809004635,52.10304788391489],[-63.699450584095096,52.10313190275904],[-63.699130678227625,52.10311406702176],[-63.69881188746853,52.103096297298364],[-63.69862521109978,52.10313779815047],[-63.69827809339665,52.103363385005245],[-63.698041109680126,52.103635704776224],[-63.69767641708377,52.103669891238454],[-63.6972592050005,52.10384150462501],[-63.69594959735559,52.104038008811116],[-63.69562018497454,52.104166306357236],[-63.695284193329975,52.1044368893975],[-63.695288797029065,52.10462390251398],[-63.69559991886367,52.10474730111034],[-63.695732185292044,52.104883795697035],[-63.69574149737525,52.104969293274294],[-63.695603903299116,52.105088799151275],[-63.69529451867371,52.10521349569637],[-63.69531201477359,52.10540479200957],[-63.695392296113525,52.105524091889166],[-63.695659423913796,52.10560199882112],[-63.696606590018284,52.105533304325526],[-63.69747330131542,52.10563381027825],[-63.69806738457791,52.10577840759823],[-63.69857720760278,52.10617349982644],[-63.69869428620384,52.10621220186743],[-63.6993070009623,52.10623920055454],[-63.69951598119355,52.10628750015616],[-63.699511306614866,52.106389109114204],[-63.699243217523076,52.10662020271064],[-63.69883990037219,52.10677569040373],[-63.698526711663646,52.10698160402183],[-63.69835658348728,52.10726348721666],[-63.69826210605296,52.1074200110552],[-63.69723689407394,52.1081743909996],[-63.69712538291663,52.10830249612651],[-63.697135002945664,52.10852220559104],[-63.696992699219,52.10874328957456],[-63.69701592179043,52.10881279416428],[-63.69717611473385,52.108917299617744],[-63.697653198595326,52.10902320777439],[-63.69787149326323,52.10915709107382],[-63.697882908392046,52.10962479457035],[-63.69792594208497,52.1096503483169],[-63.6983134163399,52.109880294322785],[-63.69831929778418,52.11018119990383],[-63.698202609712396,52.110276707610744],[-63.69789088396375,52.11030790574554],[-63.69780713196955,52.11027905259615],[-63.69716948441738,52.110059400175594],[-63.69705749729662,52.11005338917454],[-63.696829888725446,52.11012259530533],[-63.69674668765295,52.11006419243628],[-63.696626885781995,52.11008649894052],[-63.69651109311789,52.11016169480052],[-63.69644691817357,52.11040850008211],[-63.69650309124389,52.110478605736226],[-63.69727720590835,52.111012594447686],[-63.6975852359937,52.11147908341736],[-63.697616583434,52.1115265951079],[-63.6977330009626,52.11200841437204],[-63.697867206914644,52.11210420641684],[-63.69785589426804,52.11234788728042],[-63.69766160410669,52.112551814805265],[-63.69744579810154,52.11293421053391],[-63.69726791314025,52.11311356476052],[-63.69662161080525,52.113765301111904],[-63.696460692836006,52.114103993060105],[-63.69645409634782,52.11424619118858],[-63.69655439761172,52.11436170745429],[-63.69681079011303,52.11452880789073],[-63.696848117686486,52.11500509433112],[-63.69718821046016,52.11507609845115],[-63.6972628987891,52.11531731099224],[-63.69719410602677,52.11537710139358],[-63.696888296108526,52.11542049524115],[-63.69689422360619,52.11572139356064],[-63.6967157139912,52.11586870545435],[-63.69634149638392,52.11610598479476],[-63.696272196784456,52.11632029806178],[-63.696366503577046,52.11642348967289],[-63.696876598096765,52.116530109384605],[-63.697212917511756,52.116682299338486],[-63.697354492148015,52.116904309551735],[-63.697277322806485,52.117146896914285],[-63.69719547612856,52.11720230243658],[-63.69684368905733,52.117240896019524],[-63.696761901660686,52.11729640495905],[-63.696498614629725,52.11784869965439],[-63.696264301846085,52.118060002160895],[-63.695980686123185,52.11819329346286],[-63.695116703873225,52.118454513013546],[-63.6948485062329,52.11868560354683],[-63.69471408491929,52.11887840591631],[-63.6945703835755,52.118985601981755],[-63.69440640571237,52.11896240259678],[-63.69429308615892,52.11884250817838],[-63.69419975573256,52.118832179465926],[-63.69368209378154,52.11877489129576],[-63.69350221496547,52.11880830759808],[-63.69335580924404,52.1189764912355],[-63.69351068714257,52.119336900759436],[-63.693325192258705,52.11949220533839],[-63.69324270423888,52.11999079101997],[-63.692710079531665,52.120083004371885],[-63.69255899496098,52.12006408525229],[-63.69245589185087,52.12000949574527],[-63.69231451394546,52.120210211158465],[-63.69227998139231,52.12038440037943],[-63.6925244177807,52.120526897171615],[-63.6930657897006,52.1207056719534],[-63.69312279275586,52.120724500986384],[-63.69330168525415,52.120711396875365],[-63.69349038556748,52.12062929234992],[-63.693615393767175,52.120639589374875],[-63.69366270788945,52.12075839945292],[-63.693305707449234,52.121052898988474],[-63.69284981409273,52.1210570972796],[-63.6928319734835,52.1210707373995],[-63.69254851336362,52.12128760651913],[-63.69196798417539,52.12141560163623],[-63.69185920005685,52.121482796734355],[-63.6917697818152,52.1217006991132],[-63.69110730645589,52.122172797095565],[-63.69076260730248,52.1226260876934],[-63.69077070864262,52.12302059848869],[-63.69117979128927,52.12345470349549],[-63.69166990180474,52.123853587547295],[-63.69221948930903,52.12410710913625],[-63.6922817097682,52.124189499120895],[-63.692048295778086,52.12509200403873],[-63.69199342675067,52.12513569379755],[-63.69138796141272,52.125248233735846],[-63.69133379182649,52.12525830660768],[-63.69114318368857,52.12538100764368],[-63.69100351139038,52.12582981165775],[-63.69097481353925,52.12630490042025],[-63.690579889552666,52.12670041017717],[-63.69033101012299,52.12708221583507],[-63.6903094940052,52.127260701567074],[-63.690499001818765,52.127447012496894],[-63.69054892051976,52.127793395441074],[-63.69033488108519,52.12813520522978],[-63.69025300656001,52.128902099293605],[-63.69071310349489,52.12908827831153],[-63.691082893487895,52.129237885859766],[-63.69124452537265,52.1294561969481],[-63.69126810844037,52.12965989099042],[-63.69116059689868,52.12984091297448],[-63.69113511594948,52.130389302886606],[-63.691100742664254,52.13041311744756],[-63.690923512377076,52.13053599776078],[-63.690606896915796,52.130668699127575],[-63.69024461225724,52.130930595059255],[-63.68997259798472,52.131665689683835],[-63.68999621387972,52.13186939648956],[-63.69020247990361,52.13197870027024],[-63.690335816802914,52.132094900499744],[-63.69038877722567,52.13209179969729],[-63.690664202360715,52.131852700897134],[-63.69119821267525,52.1318742992487],[-63.691344601319,52.131994710185815],[-63.691722880162146,52.13209899923787],[-63.69200261392744,52.13233560767549],[-63.692049015178156,52.13247469928464],[-63.69251268547971,52.13273080813132],[-63.692624216171666,52.13289129740143],[-63.6930777930186,52.133082185574594],[-63.69315110958957,52.13320950665016],[-63.69341740613548,52.13330770373311],[-63.693770573304896,52.13331131806644],[-63.693965487023135,52.13331330325474],[-63.694280585071745,52.13335539965455],[-63.69440598524971,52.133499904955556],[-63.69435019003107,52.13356398987122],[-63.69407499268128,52.13365379800956],[-63.693203190261556,52.13393820747318],[-63.69275108929285,52.134283898858065],[-63.69196408366538,52.13430259943661],[-63.69163060744515,52.1345122016917],[-63.691281894000355,52.134623993158975],[-63.69117909048896,52.13470349325342],[-63.69121888874922,52.13498471132841],[-63.69106910017585,52.13507960460669],[-63.690805993185215,52.13505460477041],[-63.690536496093266,52.13488319664368],[-63.69058308581981,52.134733606660525],[-63.69055387911584,52.1346518032653],[-63.69065250927406,52.13451938916777],[-63.69071311091245,52.13435380386036],[-63.690637805785244,52.13426710565817],[-63.69020619277672,52.13403178509068],[-63.69007510657241,52.134009203880325],[-63.68996020998368,52.134064108729014],[-63.68980389217116,52.13430120495209],[-63.68993658825585,52.13457178877165],[-63.68973160199977,52.1345763112087],[-63.689513914436596,52.134710690752215],[-63.68877578320322,52.1346732927273],[-63.68866088284248,52.13472819624056],[-63.688658775882445,52.135057503438674],[-63.68870289669179,52.13510300091517],[-63.68887399286114,52.13511821226089],[-63.68904471828668,52.1349992026822],[-63.6892948080667,52.135019889720134],[-63.68930911720815,52.135138092830175],[-63.689412199578406,52.13519270027308],[-63.690448806632354,52.13534921197278],[-63.69069739010291,52.13554460087462],[-63.69096840054513,52.13554130358764],[-63.69196409567533,52.13572550762325],[-63.69215229246472,52.13579788845858],[-63.692668524167395,52.13620539409579],[-63.69281850082562,52.136533311244314],[-63.69271289364929,52.1366736909284],[-63.692405992282836,52.13673740921518],[-63.69240639278696,52.13687160708476],[-63.692497501741045,52.13690159325179],[-63.69335059902376,52.136884090571165],[-63.69351290711343,52.13665931361452],[-63.69391622198802,52.13636959932396],[-63.69390011370372,52.13600340652258],[-63.694030806637265,52.135891901574645],[-63.69477750801574,52.135746500039815],[-63.69495560609353,52.13575371504974],[-63.69498939261735,52.136022595075566],[-63.69512398969143,52.13625259637688],[-63.69513068834464,52.13682189803265],[-63.69519287894204,52.1369043017254],[-63.695550393590274,52.13703250037251],[-63.69565769317697,52.137140109366186],[-63.69565208453564,52.1372620044847],[-63.695786428195696,52.137357794133806],[-63.69622189825864,52.13751178701162],[-63.696193315310325,52.137986997556084],[-63.69629870490427,52.138135196016336],[-63.69708620013137,52.13825060258122],[-63.69725669850588,52.138420300365276],[-63.697283203481675,52.13856300311384],[-63.69701480458515,52.13879409090644],[-63.69649122242815,52.13897199808604],[-63.69649759768555,52.13911839600155],[-63.69659290192963,52.139201409976096],[-63.69654441567187,52.13939159464759],[-63.69660391565517,52.13953499123394],[-63.69688778309593,52.13982449701011],[-63.69719129320945,52.13997620206252],[-63.697530108523324,52.14022199963068],[-63.69764708924004,52.14054929113211],[-63.69765861317969,52.14072839697384],[-63.69825749125073,52.14063718961277],[-63.69863369057149,52.140647891336144],[-63.698613507477646,52.14094029717524],[-63.698234015242996,52.1411450087233],[-63.69768590227637,52.14113951199933],[-63.69763361267059,52.14141091336112],[-63.697758588705746,52.141709906224385],[-63.69801460986288,52.14203150684065],[-63.69903071418794,52.142634692977616],[-63.699190114229,52.14275950665625],[-63.69926811610402,52.14307389609663],[-63.69925840123822,52.143854287031125],[-63.69929880137531,52.14398110069102],[-63.6996753984937,52.14412589572724],[-63.701054584410414,52.14402400202934],[-63.70141242572514,52.14457499519906],[-63.701800286355436,52.14547619453446],[-63.70184049045898,52.14589158563375],[-63.70208919974832,52.14608701132869],[-63.70201370638841,52.146577610864355],[-63.70225961714273,52.146833997757824],[-63.70222830732334,52.147081491748786],[-63.70200169477808,52.1475532082259],[-63.702000317029345,52.147583293721766],[-63.70198848868317,52.14783750646442],[-63.70207308688839,52.14800970912439],[-63.70207889903319,52.14859940185104],[-63.702351401136625,52.14870981299374],[-63.70211911415421,52.14930340963419],[-63.70180380297196,52.1492613128781],[-63.70174187897221,52.14931310302528],[-63.70191809622057,52.1496494997127],[-63.70207749591377,52.14977430042766],[-63.70254528802536,52.1499490897827],[-63.7025694077429,52.14999839426715],[-63.70227727660118,52.15031440230648],[-63.70220157806903,52.151093706554796],[-63.70227728135599,52.15131460551145],[-63.70247079407571,52.151419585209446],[-63.70253820713786,52.15153459123278],[-63.70266650152769,52.1516181902927],[-63.70294779992157,52.15168001214081],[-63.70334068991003,52.15190230892323],[-63.70357272328674,52.15217469355173],[-63.70357381347939,52.15295780218385],[-63.703574207191984,52.153288711412955],[-63.70366668067894,52.153432604534416],[-63.70382379233614,52.15346380240279],[-63.703932096391554,52.153839804933426],[-63.70378419193935,52.15389410663513],[-63.7034669904819,52.15389259391301],[-63.70340038724242,52.15404589328813],[-63.70376499323156,52.15416620006015],[-63.704162510575856,52.154575606403824],[-63.70466429149176,52.15473068534078],[-63.704752596727836,52.15482169541727],[-63.704745093533695,52.155272796421166],[-63.70463851015665,52.15543360270605],[-63.70440588688098,52.15560440221532],[-63.70443651448483,52.155800110597724],[-63.70462107589372,52.1559537030406],[-63.70512569829647,52.15604791003902],[-63.705209009678775,52.156106314182054],[-63.70526089866596,52.156700794860896],[-63.70574261116974,52.15714830194527],[-63.70568430640605,52.157696107816896],[-63.70545668198675,52.15818810287194],[-63.70477587906851,52.15904629669252],[-63.704676707251956,52.159333289522266],[-63.704674691708966,52.15966249400337],[-63.70480118699975,52.159786707293314],[-63.704901226200285,52.1597680932935],[-63.70520042173802,52.159443999856954],[-63.705684779364276,52.159119104189266],[-63.70602012213864,52.15915749596882],[-63.70620479998372,52.159311085908755],[-63.70637591651797,52.15961499735786],[-63.70674281772182,52.15982870249891],[-63.706959420942766,52.16058060115042],[-63.70676538177245,52.16062999668444],[-63.70667560768702,52.16071390293696],[-63.70626778189901,52.161528007818156],[-63.7059434800626,52.1618232078887],[-63.70550571641382,52.161998602264475],[-63.70551920278606,52.16213698622853],[-63.70573868029294,52.162250607917585],[-63.70574099442071,52.16234421188662],[-63.705328790096736,52.16239390160204],[-63.70513009126814,52.16254489714097],[-63.70467278318329,52.162569508205024],[-63.703999222170935,52.162553701625306],[-63.70368320868033,52.16295471041089],[-63.703444509775714,52.16311320820648],[-63.70313928683175,52.16313630122694],[-63.702555509256584,52.1630366975255],[-63.7025215872096,52.162767694545465],[-63.702370012506684,52.16261461254626],[-63.70191838902645,52.16251730551394],[-63.701595505865804,52.16263771515943],[-63.70150507558498,52.162876001679855],[-63.70135430917559,52.16299128896164],[-63.70085418743262,52.1629943764478],[-63.70049458411067,52.162996602420925],[-63.7003047936394,52.16309898522958],[-63.700310187685524,52.16355439105038],[-63.70039949556269,52.16362509284498],[-63.70065470239858,52.16374049804323],[-63.700820396942824,52.163815400890954],[-63.700876109879474,52.16404001501745],[-63.700781221781696,52.1640911952405],[-63.70052546020191,52.16414962774482],[-63.70015308885078,52.16423468618443],[-63.69961139228849,52.16450979466616],[-63.69887139796587,52.165070186892514],[-63.69884530703604,52.1653502041619],[-63.699358689893735,52.16568450324735],[-63.699376311192395,52.16587591372599],[-63.699540875827736,52.166033306862346],[-63.70005489392352,52.166213008599314],[-63.70037172280222,52.16636899678642],[-63.700753084169165,52.16670090438922],[-63.70101631272425,52.167014510635454],[-63.70120638072493,52.167335000684986],[-63.70124029375267,52.167603891664484],[-63.70089868571552,52.16784190363941],[-63.70066821445444,52.16810620298387],[-63.70070300477121,52.16835480474402],[-63.701236097642195,52.168551203386464],[-63.70152919608799,52.168792104517244],[-63.70220421373029,52.16892180116275],[-63.70239770087842,52.16902681117982],[-63.70267587611149,52.16930410314031],[-63.70268611612377,52.169369302989196],[-63.70236119676437,52.16953040507416],[-63.70236349930103,52.16962389505525],[-63.702598919578485,52.16968089888857],[-63.703247915571424,52.17009070386422],[-63.70374380775655,52.17023350310924],[-63.704127182613725,52.170231797606206],[-63.70448458816487,52.17023019199159],[-63.70545089019248,52.17064138973541],[-63.705537421205655,52.17077299619201],[-63.705413591122266,52.170876609820574],[-63.70476463206546,52.17100865593354],[-63.70465920122004,52.171030103574324],[-63.704347396065536,52.17119541119588],[-63.7041822043867,52.171481194065876],[-63.7040526094098,52.17199529121015],[-63.70394319077518,52.172216989161555],[-63.70395568785946,52.17237580859435],[-63.70409622290057,52.172483993815405],[-63.70468199653786,52.172543009808514],[-63.705241685603134,52.17288209458338],[-63.70560930948073,52.17294138863138],[-63.705977380828855,52.17284609726919],[-63.70622860113048,52.17284651338359],[-63.706322330218654,52.17287521533593],[-63.70667858188407,52.172984408735495],[-63.70724721183394,52.17298619689899],[-63.70740257666473,52.17305800765177],[-63.70747099279297,52.173152691715345],[-63.70738860255706,52.173362698862626],[-63.707133516913814,52.17344360259659],[-63.70694082039662,52.17360700278244],[-63.70693876123178,52.17363585672428],[-63.70690249958807,52.1741510945603],[-63.706738603339275,52.174550795362514],[-63.70675299777131,52.17466898652799],[-63.70756020545236,52.17537829948361],[-63.70797930167507,52.17589789815461],[-63.70802858244237,52.17626470589642],[-63.7083779935418,52.17657568409578],[-63.70873810116478,52.17708609948342],[-63.70916660956113,52.177402595861366],[-63.70940532060084,52.17753279804413],[-63.70950109098141,52.177749990413915],[-63.709806409504786,52.17801549298577],[-63.71002701497869,52.17810880671066],[-63.71038670604742,52.178196388411315],[-63.71061840675092,52.17833459993404],[-63.71075571919952,52.17865820474233],[-63.71083698477197,52.179334496544925],[-63.71095888963284,52.179560306662786],[-63.711163603035764,52.179710190399156],[-63.71156060446306,52.179851307662204],[-63.71175839681263,52.18000920108305],[-63.711874702719115,52.18035679500793],[-63.71216131020244,52.18073990302577],[-63.71247063171115,52.18093503245692],[-63.71322189384629,52.181408897731714],[-63.713380618777585,52.18184269504079],[-63.713616485962476,52.182033800311174],[-63.71421689108435,52.182210886461206],[-63.71447568362642,52.18233740483219],[-63.714863793703294,52.18281578469021],[-63.71531159316908,52.18314879641678],[-63.7159156855529,52.1841107085623],[-63.71611251572623,52.18428899296597],[-63.71662499461669,52.18450928709219],[-63.71727941351041,52.18495160679574],[-63.717399085963244,52.18508379068043],[-63.71762298817813,52.185538996342956],[-63.71752748420357,52.186033398819625],[-63.71737669383551,52.18614869394077],[-63.71713471190169,52.18623389165951],[-63.71669009173092,52.18626279173873],[-63.71533320138735,52.18599131437886],[-63.71469230121253,52.185976100659765],[-63.71407090774671,52.18611170775588],[-63.71370498552751,52.186300503803096],[-63.713410820531585,52.186368596407945],[-63.71254358082409,52.18638199916406],[-63.71231549699774,52.186451209476594],[-63.71220470680917,52.18655910418378],[-63.71202768644,52.187243195632725],[-63.71178740361713,52.187865209061755],[-63.711533220127016,52.188214493346365],[-63.71141990491694,52.188806202321146],[-63.71112714996362,52.18900197899978],[-63.71065552199981,52.18931739884899],[-63.71051670844472,52.189457305318165],[-63.71052132067401,52.189644401011115],[-63.71096400559669,52.18994490100071],[-63.71097661583859,52.18999317360728],[-63.71102592171776,52.19018179527424],[-63.71096159450441,52.19042869318106],[-63.71087906508271,52.19052338811534],[-63.71077998303852,52.190636997027504],[-63.71076457672219,52.19082780135251],[-63.71082133830019,52.19094753047031],[-63.71089225859456,52.191097218433015],[-63.711054098046375,52.19143868552835],[-63.7110810185554,52.192004302545655],[-63.71133321382476,52.19227300778857],[-63.7116059741498,52.192383502758354],[-63.711823013908074,52.19255799646342],[-63.71209941443631,52.19316459035224],[-63.712109624391815,52.1935184929767],[-63.712018794698935,52.19362261230132],[-63.71183579689575,52.193717096030426],[-63.71123430802769,52.193848899472435],[-63.71055409528319,52.19382080780317],[-63.710192821533624,52.19390809808494],[-63.710367326193065,52.19399649380438],[-63.71059259813633,52.19427689791461],[-63.71099531048054,52.194584794425424],[-63.71122990567517,52.19466209922076],[-63.71187621862029,52.19470990585117],[-63.71222630736538,52.19486639761181],[-63.712460407367836,52.1950982136929],[-63.712647094294425,52.195499901186565],[-63.712626110991366,52.19581259126597],[-63.71231081211579,52.19619340890641],[-63.71204311403522,52.19640429350037],[-63.711629610831416,52.19647439903333],[-63.7112115239917,52.196357298447836],[-63.71121800392149,52.19650378965887],[-63.7115187118743,52.196870905539896],[-63.7118786171342,52.196958498065165],[-63.71304130652497,52.19685671454219],[-63.713128813749684,52.1969680096038],[-63.71298020330728,52.19717680069433],[-63.71222219100988,52.197257201737735],[-63.71192321140478,52.19742690721801],[-63.71187009027057,52.19771868775724],[-63.711915708414786,52.19787810177542],[-63.71226070935125,52.19829070077013],[-63.71274259994169,52.198603995789654],[-63.71347079759246,52.198884997457725],[-63.71415531375424,52.198965994219066],[-63.71434942006492,52.1992052028472],[-63.71472099072823,52.19947189795081],[-63.715889679209525,52.19995980704982],[-63.71619238860312,52.20028621043103],[-63.716283201457294,52.20047079042831],[-63.71644288665788,52.20117290506821],[-63.71650851174142,52.20219470486641],[-63.716881497601854,52.20257518684448],[-63.71750690775933,52.202935716272556],[-63.717713203488756,52.20319949368703],[-63.71789390259128,52.20330029807093],[-63.71801730677202,52.20335120080197],[-63.71839210604459,52.20340239736691],[-63.71855891034597,52.2035190969224],[-63.718516999901624,52.203855891453365],[-63.718615685888345,52.20401209687651],[-63.71881308483666,52.20403589194374],[-63.71995039995474,52.20521440132149],[-63.719943909780504,52.205356592638395],[-63.71985498475137,52.20542010063336],[-63.71903528986324,52.20539780973838],[-63.718987288251505,52.20543360508746],[-63.719042311418605,52.20567850618995],[-63.71913691611557,52.205781797136545],[-63.71950901737365,52.20589400812587],[-63.719760013886784,52.206048805505915],[-63.719739081837,52.20636150682829],[-63.71983969040865,52.206477090254175],[-63.72045770857885,52.20671140458261],[-63.72071568010496,52.20685819917411],[-63.720697096486184,52.20697580671067],[-63.72039671099462,52.207031608243526],[-63.72029381242885,52.20711110750861],[-63.72030729434864,52.20724960198474],[-63.72041070876965,52.20730430511051],[-63.720400472650816,52.20752770577488],[-63.72066778618762,52.2077600928004],[-63.721010601635676,52.20779040482529],[-63.72121650474513,52.20791999856839],[-63.72152428676835,52.20799039750059],[-63.721709720056815,52.20827819723343],[-63.72229658201127,52.208760000225915],[-63.72234089040977,52.209382894991094],[-63.72214119043506,52.20984298467551],[-63.72230328020092,52.210350106971546],[-63.72252641307664,52.21053689280412],[-63.723006714852495,52.21060209337893],[-63.723140399540746,52.21071830194729],[-63.723137583567265,52.21077920615869],[-63.723005779122296,52.21091110136198],[-63.7229940903461,52.211020687370876],[-63.72320939025701,52.211524585529375],[-63.723417585239126,52.21174779489542],[-63.723418111147026,52.211881999141795],[-63.72330631143576,52.21201009185078],[-63.723160574523114,52.21215810616927],[-63.7231494108,52.21240189705632],[-63.72338048996269,52.212560386920515],[-63.724026601727864,52.21276259668403],[-63.72431309740269,52.213011606953195],[-63.72425859339182,52.21318950781331],[-63.724072793249015,52.21334488755987],[-63.723851484674235,52.21340619800289],[-63.72342670318867,52.213431393896656],[-63.723253010379786,52.21390009700133],[-63.72322558414999,52.21435499052396],[-63.72381869171127,52.21484909648706],[-63.72395148309268,52.21527429399917],[-63.72444901013306,52.21539681151941],[-63.72454548115832,52.215459397049216],[-63.72464431743849,52.215904308038866],[-63.724851200523034,52.216013592233914],[-63.725067790473815,52.21605400526355],[-63.72552571177533,52.21602930009271],[-63.72559700330332,52.21606309136934],[-63.725824392309555,52.21659161210214],[-63.72608669861217,52.21679130031261],[-63.7263145064637,52.216876495954104],[-63.726803689285994,52.21689309110974],[-63.726972311855846,52.21696919544666],[-63.72736189720709,52.21742720170219],[-63.72745840509236,52.21777860977315],[-63.727930000997944,52.218181192282934],[-63.72799622237586,52.218471000376674],[-63.727943214800455,52.218762900035095],[-63.728022923321646,52.21890249702291],[-63.72848219204994,52.21899169356732],[-63.728858809289946,52.21944551073989],[-63.72916819884136,52.219629685979],[-63.72949810084827,52.219944507826476],[-63.729691990509586,52.22004950493882],[-63.729894709065654,52.22010580692773],[-63.7307555944473,52.220100307431785],[-63.73082460651331,52.22032919809506],[-63.730783188827694,52.22051139592784],[-63.730873177403055,52.22071630345449],[-63.73108100733112,52.22080529444701],[-63.73154749603852,52.221175208677785],[-63.73218542511573,52.22127149469827],[-63.73242030245431,52.22163750424252],[-63.73291058634842,52.22192240684145],[-63.733145908316,52.222133807341166],[-63.733470307141204,52.2222816945111],[-63.73357101746166,52.22239730463831],[-63.7336493968029,52.222711696906224],[-63.7338701990288,52.22280499688582],[-63.734413511860176,52.2227979980332],[-63.73459759149817,52.22297198961897],[-63.73458610201186,52.223370293172636],[-63.734675590594215,52.22344100140273],[-63.73521938420587,52.22356820839176],[-63.73600698422788,52.22401270840082],[-63.73641148952918,52.22414568850973],[-63.736642693995364,52.22430421235233],[-63.73666989836874,52.224581186516126],[-63.73679668351243,52.224705291991114],[-63.73783620099717,52.22470691264662],[-63.738360005866326,52.224837793747525],[-63.73876690662496,52.225064409139144],[-63.73941420254326,52.22524618967263],[-63.73961138345988,52.22542440420811],[-63.73978259963395,52.225882802644755],[-63.74037572251834,52.226531393793444],[-63.741127403801414,52.226747498721245],[-63.74157629933902,52.22692599292918],[-63.741684101031616,52.227322299831954],[-63.74194050965135,52.22750959265855],[-63.74266861853407,52.22781079958216],[-63.74320131437099,52.22789299498101],[-63.743486011754996,52.22789381268038],[-63.74370911034686,52.22779190430091],[-63.74382838915936,52.22778988737533],[-63.74378340208338,52.228053388941156],[-63.743917710340156,52.22830378861893],[-63.74439708979427,52.228832494412224],[-63.74475609428073,52.229094793577325],[-63.74564119302862,52.22929279500899],[-63.74629850149464,52.22969440053603],[-63.74640533887029,52.22971720757157],[-63.7465675104505,52.229751816581825],[-63.74707771895566,52.22974429604082],[-63.74761891989641,52.22993239431534],[-63.74825507626988,52.230069303083766],[-63.74859169878053,52.23024169477845],[-63.74886329767325,52.23068141209726],[-63.74890230237415,52.23113751431949],[-63.74878450382466,52.231253489309665],[-63.748408106514,52.231377201348074],[-63.74824927972433,52.23152090270959],[-63.74836128310503,52.2324133992262],[-63.74853669488994,52.232635906101294],[-63.74883931889497,52.23282809117685],[-63.74914138965075,52.23288610864965],[-63.749784903297126,52.23330371424871],[-63.75000880368141,52.23362469104179],[-63.751234601620666,52.233759393649464],[-63.751426814913366,52.23390500245379],[-63.751393411638446,52.2340588931481],[-63.751219087891855,52.23410480614622],[-63.75092037748927,52.234120005664764],[-63.750465887055505,52.2340635047834],[-63.75040307744138,52.23413570069199],[-63.75076789351208,52.23456479520266],[-63.751100206103416,52.23512749671713],[-63.75138612460962,52.23539669735845],[-63.752152186440426,52.236328688936084],[-63.7521915979629,52.236630298843984],[-63.75214419319106,52.23680029230421],[-63.75188728123526,52.23721069422992],[-63.75189881522769,52.23754440132264],[-63.75205330255346,52.23779101060962],[-63.75243940580881,52.238041500733395],[-63.75267929894208,52.23830591025064],[-63.753281308359576,52.238173697855764],[-63.753816883720035,52.238195001618706],[-63.75403681418048,52.23826722624884],[-63.75414327691915,52.23830220587396],[-63.75455191280523,52.23864260679415],[-63.75474438238319,52.23863370206466],[-63.75491719775443,52.23847390946081],[-63.75510700385833,52.23808271173401],[-63.7552868068001,52.23747169103661],[-63.75551668108999,52.23707300144133],[-63.75573951037153,52.237125608946336],[-63.75588890923832,52.23733949714033],[-63.75583842665236,52.23772499437647],[-63.75540327954257,52.23841710055037],[-63.755382019755125,52.2385956934724],[-63.7556707155586,52.239247107831915],[-63.75566669107095,52.23992620231433],[-63.75600192498131,52.2404279976961],[-63.75662018411727,52.24303290802045],[-63.75651030136643,52.24312051395967],[-63.75631347863004,52.24307650540988],[-63.75599620998778,52.242766197276715],[-63.755719278877976,52.24273710253106],[-63.75474879664371,52.243253396746525],[-63.75477818087891,52.243335197277354],[-63.7549531040025,52.24342358755945],[-63.75502261048575,52.24349790687702],[-63.7549821752492,52.24365990104887],[-63.75478940693345,52.24382338856911],[-63.75454099933325,52.243896386252985],[-63.75429629122059,52.24388819951127],[-63.754082194184456,52.243786992586834],[-63.75393801540304,52.24360559107734],[-63.7536713903773,52.24364180493376],[-63.75339350557952,52.24363300014859],[-63.75331730682694,52.24385540233231],[-63.753256192051296,52.24388689593122],[-63.7529131111471,52.24385670966307],[-63.75278159775534,52.24383410799537],[-63.752733597932576,52.24386989959441],[-63.752757607199214,52.24407360190392],[-63.75284021006945,52.24415230267923],[-63.753274701615005,52.244212489413435],[-63.75339038616305,52.24429169095752],[-63.75340550050125,52.24454409494271],[-63.75379420804927,52.24488820960702],[-63.75379410977527,52.24533151359325],[-63.754077074990064,52.24537290604628],[-63.75483511946074,52.24531249319789],[-63.75524258336512,52.245384498078295],[-63.75545640268562,52.24564030960954],[-63.755540789808165,52.24612159360968],[-63.75583469234684,52.246805691074144],[-63.75583428755947,52.246960206822095],[-63.756008881559794,52.2472030997621],[-63.756698284256096,52.24749129467522],[-63.757031385201486,52.24774499227444],[-63.75750608707308,52.24779769092823],[-63.7576521102302,52.24789554832838],[-63.75789842364024,52.24806059870177],[-63.75810828090744,52.24855210704943],[-63.7583318054846,52.24873889490145],[-63.75931578982024,52.24895880615836],[-63.7600459162703,52.2493737990575],[-63.761245503806414,52.24980879025012],[-63.761382781633195,52.25000000176684],[-63.76172331975888,52.25053259243159],[-63.761744023676336,52.25066309338821],[-63.76121070921428,52.25117871069661],[-63.76109132364745,52.25118079473367],[-63.76080400461013,52.25108639796437],[-63.76056708499818,52.251049902271454],[-63.75971458488003,52.25129580184285],[-63.75911781760014,52.25130600075006],[-63.75870589280745,52.251181104367056],[-63.758598089878014,52.25107360593494],[-63.75772189148173,52.25051789796952],[-63.757375360665556,52.25042034339588],[-63.7570610859867,52.250331895663805],[-63.75604238138681,52.25000000243268],[-63.75483441538029,52.24945650992239],[-63.754276203405354,52.249345300681924],[-63.75355357825434,52.2494998037941],[-63.75317702218107,52.24962359790919],[-63.751688319849926,52.249577993514436],[-63.751236711396885,52.24930599666084],[-63.75108998857425,52.24947430516901],[-63.75086759283206,52.24999999318911],[-63.75137709114823,52.250455197294116],[-63.75167348513221,52.25078959666459],[-63.75189958548373,52.25135869552734],[-63.75195550648995,52.251737890464184],[-63.75211570467706,52.252151308468804],[-63.752047399842475,52.25234541450896],[-63.751626099368515,52.25257818909648],[-63.75122181331349,52.25257948986359],[-63.75072918357596,52.252335205737744],[-63.75054769426368,52.25165708519045],[-63.75029180439096,52.25116069685071],[-63.74983841773504,52.250929295802266],[-63.74938041604195,52.25079950210994],[-63.74913050632609,52.25075871480463],[-63.748667424434714,52.25059629399466],[-63.74834968072191,52.25044040368039],[-63.74811380121032,52.25038348908016],[-63.74788020995507,52.2504201915931],[-63.74792418865502,52.250620195511075],[-63.74851090002508,52.25083350430376],[-63.748647200556896,52.251043286860266],[-63.74865898913807,52.251222387742864],[-63.748420903247556,52.25136071074064],[-63.74817170033708,52.25174279844262],[-63.7479414879176,52.25185269284412],[-63.7476662904234,52.2517830071376],[-63.74738358894205,52.25158701057243],[-63.74703339982683,52.25156478564449],[-63.74685169645894,52.251773190557984],[-63.74675358551895,52.252039901048086],[-63.7471850920303,52.25231570577255],[-63.74739878176432,52.2525715058443],[-63.74749471713075,52.252943203856894],[-63.74742661467254,52.25298269862458],[-63.747869422116715,52.253303300029096],[-63.7483783066225,52.2536251042912],[-63.74885858793834,52.25355600709688],[-63.74887699298907,52.25388170458481],[-63.74879310564942,52.25397778940386],[-63.74849148896472,52.25405410429913],[-63.74845259430643,52.254329885545374],[-63.74816818681311,52.254463408748805],[-63.74745528554732,52.25454889571736],[-63.74731739700262,52.254668487855646],[-63.74725690716386,52.25483421123965],[-63.74731120863661,52.25509951158391],[-63.74783930373447,52.25543790008603],[-63.748169514725056,52.25546379153036],[-63.74842519132623,52.2556714969639],[-63.749075802487425,52.255792402098486],[-63.74932840787804,52.256215490343436],[-63.75005580674352,52.25669151033128],[-63.7506179112363,52.25745339899153],[-63.750219592438796,52.25746698884688],[-63.74993250331144,52.257661406807756],[-63.74959823401769,52.25766546659992],[-63.7492362806766,52.25766990381293],[-63.74890578706812,52.25779849918211],[-63.748792989585226,52.25794699196708],[-63.7484467094294,52.258132291827174],[-63.74883888530745,52.258106405794734],[-63.74912928230028,52.25798530088317],[-63.74974528974274,52.25799169315674],[-63.749804553461175,52.257983274657036],[-63.75020547714065,52.25792630634515],[-63.750379598788314,52.25803500399704],[-63.75060370229743,52.25835599064854],[-63.75092569431959,52.25856481064586],[-63.7514775819329,52.25881809496494],[-63.75211239867404,52.25899560828523],[-63.75280249576712,52.25941808690448],[-63.75309471761916,52.25969959386971],[-63.753079492994374,52.259890501605426],[-63.75313689037948,52.25994018315198],[-63.75354759323949,52.25979670542459],[-63.753857797752566,52.25982641222223],[-63.75420497914311,52.260064107088915],[-63.75460417741637,52.26003020582544],[-63.75495169501668,52.26011329622621],[-63.75503069629774,52.26027329053441],[-63.75531440740637,52.26044890482685],[-63.755839604307056,52.26055941534696],[-63.7561251973905,52.26069439838653],[-63.756551094541486,52.260803311803755],[-63.75674521964684,52.260908201792844],[-63.75680081840757,52.261441903726414],[-63.756945094490355,52.26162328735215],[-63.75767169928775,52.262119489726466],[-63.758158378253164,52.26235139840237],[-63.75874689879102,52.262678606946345],[-63.75915670023193,52.262998694590244],[-63.759246913540935,52.26320351058432],[-63.75935721969677,52.26384790087678],[-63.759637289171266,52.26410481018236],[-63.76001441985951,52.26426979131388],[-63.76043401441935,52.264520908666825],[-63.76082860014304,52.26458849304935],[-63.761376102997914,52.26450019868976],[-63.761853699505195,52.26449200094295],[-63.76301670547071,52.26471899073076],[-63.763624704496955,52.26490809019627],[-63.76413489298257,52.26520961076201],[-63.76431298273461,52.2655257092373],[-63.76435131722723,52.26600219606875],[-63.763991007341545,52.26620350588659],[-63.763994296845794,52.26627680637994],[-63.76417880604054,52.26645070844097],[-63.764142416038226,52.26682020777361],[-63.76460549525947,52.26713700941881],[-63.76585920183419,52.26785760369773],[-63.76661709744126,52.26810631201615],[-63.76808078461343,52.26843180248984],[-63.7690404749853,52.26891150521299],[-63.76914229630544,52.269006811152245],[-63.76976501206971,52.26931409261922],[-63.77006536176869,52.269531867146426],[-63.770362196156505,52.269747097428294],[-63.77065191422498,52.27008949076869],[-63.77074800142201,52.27046121124412],[-63.770977814918744,52.27066029841625],[-63.77123121459638,52.27077428971123],[-63.77210250726652,52.27100859671861],[-63.775070507539276,52.27209531556979],[-63.77573159429699,52.27243578686789],[-63.77601979206928,52.2726642836614],[-63.77657747775621,52.27279560010257],[-63.776621895138604,52.27284108971641],[-63.77649178669528,52.27293249443727],[-63.77648729061821,52.27303409912027],[-63.777519798880924,52.273372608798034],[-63.777895204354756,52.27357820747036],[-63.77812750658234,52.273870810162926],[-63.778611299891935,52.27387481458085],[-63.779192896712495,52.27376660744085],[-63.78009329119285,52.27379378985089],[-63.78087009047811,52.2737701014293],[-63.78094999082188,52.27331189507607],[-63.780656402109386,52.27260749353859],[-63.780874277301315,52.272627405700064],[-63.78104669909168,52.27277668762451],[-63.78131597962971,52.272833998533564],[-63.78144491613607,52.2729174940023],[-63.78130199720829,52.2734478912246],[-63.78143610702399,52.273563999135455],[-63.78199828751776,52.27359370515518],[-63.78237939397957,52.27352278704827],[-63.782836477112944,52.273229507097206],[-63.7837452892907,52.2729191934746],[-63.78456461438917,52.27298170017611],[-63.78491610542586,52.27282890576641],[-63.78573651520705,52.27271650933414],[-63.78815539487291,52.27273629669341],[-63.78970251046879,52.27283119419206],[-63.79026800099291,52.27308861119413],[-63.79144199534311,52.27322599590526],[-63.79191170818229,52.27340051387883],[-63.79211629930714,52.27357069352784],[-63.79221102125155,52.27382850112274],[-63.79218058838585,52.274519305691975],[-63.79239411994659,52.27464079830838],[-63.79289010897942,52.27466940981345],[-63.79295839287633,52.274320702349456],[-63.79358281298048,52.2741440002559],[-63.79361451771396,52.27387609939956],[-63.793509205979845,52.273707608891925],[-63.794242214101615,52.27377259099986],[-63.795350590747816,52.27419760722912],[-63.795483816882474,52.274333995698],[-63.79590821379033,52.27448340550689],[-63.796986295984475,52.27469239222976],[-63.79758662096216,52.275064200762685],[-63.79793170260108,52.27520819577664],[-63.79839281495514,52.275276797198224],[-63.799534781065866,52.27523869794926],[-63.799720302048385,52.275392209479925],[-63.79959009790444,52.275792709111705],[-63.79968400508245,52.276070797793075],[-63.800369502925804,52.27661489871513],[-63.80038431338884,52.276733111206504],[-63.800181794448456,52.27696559194614],[-63.80018250876288,52.27709979944518],[-63.80043241331726,52.277449592917165],[-63.800429488116,52.27781969574797],[-63.8005775923753,52.27791970651609],[-63.80102480101336,52.27800439416922],[-63.80126600070904,52.27824831007579],[-63.801470458737874,52.278721919228886],[-63.80148879433447,52.27876440031954],[-63.80147639876569,52.2788942924465],[-63.801297483887126,52.279196407893046],[-63.80150827621816,52.279378803385725],[-63.801411300012695,52.27962528975104],[-63.801440702001976,52.279861708088745],[-63.800916286193676,52.28032889919403],[-63.80090207887086,52.28065399856504],[-63.80120941410459,52.281208109442375],[-63.80093268711563,52.28146790764548],[-63.80075281051988,52.28179028884024],[-63.80060980280492,52.281877407426364],[-63.80003350828875,52.28186388799734],[-63.79983227709739,52.281612504407356],[-63.79971368397656,52.28159420695651],[-63.7994205072716,52.28193099187291],[-63.79915540037051,52.28192669566425],[-63.799078717411874,52.28186030169844],[-63.79888991908212,52.28057200029334],[-63.79872110827955,52.28018700951405],[-63.79829859386873,52.27984241218413],[-63.7973120871238,52.279354400794276],[-63.79652679737568,52.27911771101456],[-63.79536991064966,52.278285203070574],[-63.795056996674525,52.278162100944755],[-63.79409220351125,52.27793869112293],[-63.79324839768532,52.27782720144812],[-63.792395807307024,52.277764204578226],[-63.79181379957022,52.277429210889096],[-63.79074641334361,52.27697640540169],[-63.78988281118026,52.276714014369745],[-63.78925192107339,52.27643509463447],[-63.788623616156684,52.276249792584416],[-63.78772277932003,52.2757793989393],[-63.78730359634951,52.27566260182012],[-63.78704559061601,52.275650208410866],[-63.78678290742403,52.275893913506536],[-63.786639897921354,52.27657880388231],[-63.78516621774142,52.276920306227524],[-63.78478848711057,52.27706450158854],[-63.78494337711266,52.277311101729694],[-63.78521608556193,52.27744180926399],[-63.78519579372354,52.27759999200323],[-63.78484729196041,52.278135090036024],[-63.784908613525026,52.27854689993606],[-63.7850800092977,52.27887110929173],[-63.78448882257733,52.27889379385775],[-63.78406959773183,52.278777006073454],[-63.7835904984076,52.278516913501],[-63.78304100704595,52.27804809527646],[-63.78227699250194,52.277632795332515],[-63.78155268796513,52.27751898585648],[-63.78053088771726,52.27753449599678],[-63.77989938982525,52.27771918584472],[-63.779811587472615,52.27820579509552],[-63.78011360896044,52.278572811431324],[-63.78008110612029,52.278706515931916],[-63.779870808549745,52.27881280351304],[-63.7790903890777,52.27891768773785],[-63.778726681504246,52.279045800620054],[-63.778473588894606,52.27922060953219],[-63.777970587500725,52.27919999317654],[-63.77763518671972,52.2789869019039],[-63.777122995602106,52.278726193185705],[-63.77587579323274,52.27844100743608],[-63.77559501544143,52.27849329398293],[-63.77510511819723,52.27847700659754],[-63.775057685865725,52.27864700937743],[-63.77517088987316,52.278787087778255],[-63.77571191593166,52.278995493620286],[-63.775942703008624,52.27917420705346],[-63.77616019085728,52.27950319936288],[-63.776762808432636,52.279968804593246],[-63.77683399561251,52.28015708558741],[-63.776607890226565,52.28032001167392],[-63.776246899504415,52.28038719817763],[-63.775197976184586,52.280414407358755],[-63.77418289412421,52.27997848771605],[-63.77374801027202,52.27991839339991],[-63.77308360698535,52.27994791363107],[-63.77273469054282,52.280039707406054],[-63.77241531612459,52.28021330320544],[-63.772408984558645,52.28035549477243],[-63.772289510301114,52.280357591890414],[-63.77143808788678,52.280119593862445],[-63.77063130996985,52.27977259951155],[-63.77031611901855,52.27955579697369],[-63.769726977470135,52.27938330674917],[-63.76945008910004,52.2791997038487],[-63.76940930271202,52.27907289024262],[-63.769429483263,52.27847130509392],[-63.769227992343374,52.278528991671145],[-63.769187028521806,52.27858224351517],[-63.769101314834685,52.27869359647732],[-63.769108395615035,52.27912889199956],[-63.769327686908234,52.279417208857595],[-63.76946156601943,52.279517756796494],[-63.76957148385944,52.27960029269847],[-63.76996087935363,52.279789807094936],[-63.77036060652023,52.28004460509614],[-63.77090958635213,52.280224603715126],[-63.77098351222311,52.28035200539611],[-63.77061761443169,52.2806752991078],[-63.77078659608689,52.28075128837768],[-63.771223404621416,52.280770809077175],[-63.77134580049086,52.28055330096122],[-63.77282858875921,52.28076110386753],[-63.772609510375226,52.280916095672495],[-63.77230611063526,52.28087841357561],[-63.77199311704858,52.28090980427362],[-63.771849706649085,52.281151414396],[-63.77190062332779,52.2814979962302],[-63.77165291227477,52.281550791339484],[-63.77140491346937,52.28175810519298],[-63.77145331181447,52.282011099114804],[-63.771680715355984,52.28211649771485],[-63.77185310561846,52.28226578800787],[-63.77182761696672,52.28239150749122],[-63.77165899258709,52.28260420210497],[-63.77167788773135,52.282775403629685],[-63.77196341130456,52.283064813748446],[-63.772490483032215,52.28328920558588],[-63.772968483176896,52.28372429811521],[-63.773692378196856,52.28414719803418],[-63.77394150237182,52.284362805034455],[-63.774128512138276,52.28463030172237],[-63.774225587476366,52.28498170143655],[-63.77444980526684,52.285457194194635],[-63.774729305035294,52.28573441139658],[-63.77513978837486,52.285899889389256],[-63.77604019343582,52.28608168734741],[-63.77675302006776,52.28645959205565],[-63.77730901382406,52.28663158954547],[-63.779479106260986,52.286899714988735],[-63.77970221212922,52.286952209530924],[-63.7800106192394,52.28717690109685],[-63.78016118876366,52.28737060422977],[-63.780681185627564,52.28775749725371],[-63.781693181930585,52.28812010558795],[-63.7825054071854,52.288499694149344],[-63.78305428487431,52.28883420251728],[-63.78365581146937,52.28903129760998],[-63.78425971712666,52.2893219007847],[-63.78475411566537,52.28939120778006],[-63.7866151954854,52.2893000981059],[-63.78678700410652,52.289315096187025],[-63.78717390107757,52.28956559872664],[-63.78723459518036,52.28984320846057],[-63.78671931811284,52.29039590267549],[-63.78660131871305,52.29066640506245],[-63.78661129732115,52.291040701721286],[-63.78669039642838,52.29120068778681],[-63.78692398779815,52.291318393610254],[-63.787980713458,52.29157190950027],[-63.78876258909799,52.29188990384725],[-63.78941948670393,52.29248639606143],[-63.7896067181796,52.2927538934396],[-63.78995078391208,52.29307280466976],[-63.79027249799524,52.29314731111812],[-63.79152757901444,52.293115198823756],[-63.79217281498639,52.293223498076735],[-63.79251021502663,52.29339579028476],[-63.792605096198365,52.293499089101765],[-63.79258490258065,52.29365730297653],[-63.79200732111615,52.293818597542284],[-63.79175121534746,52.29436340404323],[-63.79177289689119,52.29447359404924],[-63.792291508269635,52.29474661468801],[-63.79367369280921,52.294993110444906],[-63.79434999639169,52.295451696211735],[-63.794741413543605,52.295600493642105],[-63.79589770223435,52.29585548873001],[-63.7972337064051,52.29609719126772],[-63.79806620997946,52.29662748937883],[-63.798960808721596,52.29695131636898],[-63.799481295777255,52.29718359956421],[-63.79987531616458,52.29742599416529],[-63.80030518958514,52.29760798634251],[-63.80066340994278,52.297910790490874],[-63.80067439490456,52.29826480622569],[-63.80053041868585,52.29837220541208],[-63.80028693197295,52.298417553012655],[-63.80000867807774,52.29846940778983],[-63.80002338081943,52.29858759467893],[-63.80014721180873,52.29863839031147],[-63.80090462324699,52.29857386494169],[-63.80094630139104,52.29857030619183],[-63.801250693105374,52.29858749164528],[-63.80125655404319,52.29867263852313],[-63.8012791065541,52.29899869114137],[-63.80176059318738,52.29906359029689],[-63.80217379062228,52.29932260882439],[-63.80237327815256,52.29961460110898],[-63.80206438689442,52.2996989870068],[-63.80200747800509,52.2999380004309],[-63.80210160805334,52.30006160241848],[-63.802998589241135,52.3007881050829],[-63.80336040273983,52.30100959975104],[-63.803742189704,52.30138199820344],[-63.80415660114934,52.301311491775756],[-63.80504200771301,52.301395203422686],[-63.80569340579545,52.301670297872626],[-63.806228793287765,52.30202070184075],[-63.80675460782409,52.30228560039439],[-63.80694371563583,52.3025124058194],[-63.80714520568893,52.30260919297272],[-63.80760319113898,52.302604511370525],[-63.80766962015301,52.302451100993885],[-63.807674085007335,52.3021949005957],[-63.80786689442319,52.30218590658302],[-63.80805779191406,52.3023720056408],[-63.80821048648516,52.302370501621475],[-63.80830311615049,52.302225594760834],[-63.80822678753564,52.30154098675264],[-63.808369908887,52.301453898277174],[-63.80858891746104,52.30145340669853],[-63.80885129880398,52.30167329347944],[-63.80905967958321,52.30176210352634],[-63.81170880447455,52.30217560644231],[-63.811825320876785,52.302698100703296],[-63.812313814841076,52.30275490775097],[-63.81300979929871,52.303075412234406],[-63.81346760698115,52.30337980887279],[-63.815136980490394,52.30404969542043],[-63.81521979585839,52.30412829121465],[-63.81598211758601,52.30444989072986],[-63.81663540760378,52.304838800958365],[-63.81789230795374,52.305384015131104],[-63.81820190314779,52.305588306077134],[-63.818431309513926,52.30565300967108],[-63.818940799168594,52.305685802358816],[-63.81929929327563,52.30583389167191],[-63.819663996130636,52.30583990186918],[-63.82009328418427,52.30557839998957],[-63.82026622409581,52.30526399469218],[-63.820295190811315,52.30459339759719],[-63.82057258910869,52.30462229044731],[-63.82072700911931,52.304734604224194],[-63.82092499823682,52.304758188102085],[-63.82135590963901,52.304919808848794],[-63.8216002209569,52.30510270120238],[-63.822123607018526,52.30511930755304],[-63.82256850913538,52.305264891009564],[-63.82322001360482,52.3056944088817],[-63.8238275140523,52.30585490418118],[-63.824204108470575,52.30595440986893],[-63.82454859172483,52.30627319521684],[-63.82543050528727,52.306592489617834],[-63.826281918015546,52.30715949328392],[-63.826690178130974,52.30723120678777],[-63.82708191357265,52.307379909508114],[-63.827560006880574,52.30768050364036],[-63.82969389195738,52.3086668030376],[-63.830288888165015,52.30902619402024],[-63.83229641062617,52.31002259496809],[-63.83306770090166,52.310604503391055],[-63.83454838247347,52.31197469789383],[-63.834627813345755,52.31213459783165],[-63.83508061969103,52.31256079275666],[-63.835157860803065,52.31267933331647],[-63.835311014201594,52.31291430665473],[-63.83595148886862,52.313607987746735],[-63.83593749837949,52.31377859102393],[-63.83531789283444,52.314451910950375],[-63.83531530266423,52.315131088402794],[-63.835739398217015,52.315609688131175],[-63.835837216864924,52.315806607327715],[-63.83528912405626,52.31589529722969],[-63.83505000619589,52.31605419388294],[-63.83497410948181,52.316276610876876],[-63.83504909291333,52.316692703990256],[-63.83529348278167,52.31733930437423],[-63.83464941393747,52.31734519987623],[-63.83438589587935,52.31730030893317],[-63.833060296418445,52.316640298491954],[-63.83252979953903,52.31632260692174],[-63.83142680951819,52.31573529689887],[-63.83040409317521,52.31528769706572],[-63.8295812056184,52.31482289160693],[-63.82941112269027,52.31476719776825],[-63.82926282254526,52.31466719383125],[-63.828402378907285,52.31430349999213],[-63.827525485896416,52.31386219959838],[-63.82668348228052,52.313689905069104],[-63.825315388599265,52.31294379753589],[-63.824281604685844,52.31229649440615],[-63.823967588147546,52.312039291639266],[-63.82265808080647,52.311322501557264],[-63.82057039582842,52.31034078687755],[-63.81946869617689,52.30973321002854],[-63.819079518613925,52.30967799247805],[-63.818158179503705,52.309654899327576],[-63.81793227937709,52.30950880725502],[-63.817731594803845,52.30954619991939],[-63.817542099266475,52.30978309846216],[-63.817574172877215,52.31011310642002],[-63.817827997129704,52.31038159736278],[-63.817827111775934,52.310556498577355],[-63.8175363492899,52.31056869617631],[-63.81684978844667,52.31059748754399],[-63.81644138431819,52.31068029070103],[-63.81610289012106,52.31068289835794],[-63.81543280593602,52.31052548914499],[-63.81477329077941,52.3104334064056],[-63.814227926692745,52.31046109364412],[-63.81397038809614,52.31058299902338],[-63.813433578878836,52.3110257021989],[-63.813485706735904,52.31135190189553],[-63.81326139707011,52.311474402708974],[-63.81333258782039,52.31212628543535],[-63.81326438589753,52.31232040936291],[-63.813282614890795,52.312511906793944],[-63.81365328065804,52.31283929533877],[-63.81398640583903,52.31326770320096],[-63.81434229451546,52.313476888789694],[-63.81461010753581,52.31357479123771],[-63.81491280719401,52.3137871992828],[-63.815039197443085,52.31408619158153],[-63.8149831134854,52.31461401208909],[-63.81524651583185,52.31481349750227],[-63.815673993096155,52.31490188555214],[-63.81581449216493,52.315030311215644],[-63.81683271979203,52.315270594273684],[-63.81727679602306,52.3154363897604],[-63.81757886680713,52.315622806550294],[-63.81784558665787,52.31578739195783],[-63.8193226916133,52.31646630665949],[-63.81967171115645,52.31668349712017],[-63.82003031349009,52.31683170484626],[-63.82050850028767,52.31697770056432],[-63.82093068342296,52.31749710426834],[-63.821756011367505,52.31805559312313],[-63.822491377233746,52.31900710105535],[-63.82331941758613,52.3196590962469],[-63.82366920598057,52.320165094613714],[-63.82356870554637,52.32064751141002],[-63.82369082398682,52.3210480968049],[-63.823153264322556,52.32104165070791],[-63.82274209294032,52.321036705084815],[-63.8223110019133,52.32087519856209],[-63.82166879892781,52.320531197880946],[-63.82039559560052,52.32004268654139],[-63.81963989913568,52.31986768802893],[-63.818048889198735,52.319666902513575],[-63.81738660338385,52.31948121247481],[-63.816306414774175,52.318983592997284],[-63.81469061992452,52.31813569221014],[-63.81382338604318,52.31762528970308],[-63.81371573333112,52.31755309908581],[-63.81244329239053,52.31669970154061],[-63.81140888699025,52.31576358809416],[-63.81130868180585,52.31562770836201],[-63.811243200144766,52.31560629233544],[-63.81080620735098,52.315277915616804],[-63.81073728857828,52.31518320210957],[-63.810235780376715,52.31481300097546],[-63.81003958849844,52.314594191658216],[-63.80969143539995,52.314367117157914],[-63.80931039918911,52.31411860418095],[-63.808791511687986,52.313691107926225],[-63.80867229743138,52.3132295998315],[-63.80868788804612,52.31287236606245],[-63.8086926882609,52.3127620976297],[-63.80877470816787,52.312706491394025],[-63.808993802320046,52.312706091593924],[-63.80960538428651,52.31283400101777],[-63.80977809606149,52.312828709435856],[-63.80960809339437,52.31261850931099],[-63.80979941729903,52.31234099933888],[-63.80979951194831,52.31218639683411],[-63.80939500119935,52.31156968968903],[-63.80881689791587,52.31097860769748],[-63.80748779509996,52.31011080082678],[-63.807117896983264,52.310072202411554],[-63.806672781499685,52.310235695594436],[-63.8057408923666,52.31030179549853],[-63.80556191929544,52.31044929891529],[-63.80558250242127,52.31088899560142],[-63.805394807423674,52.310930589179726],[-63.80474750841697,52.310863001284055],[-63.80450445058304,52.31085533279075],[-63.8039455848447,52.31083769544695],[-63.80338731921106,52.31070649909665],[-63.80266139742143,52.31061320825268],[-63.80236051356959,52.3105147086703],[-63.8013877790178,52.310299402492305],[-63.800359179509066,52.31014820492994],[-63.80038484289695,52.31030886639777],[-63.800432102516865,52.31060499581359],[-63.800397207315605,52.310645109671775],[-63.79932459150874,52.310891794600494],[-63.79906439364877,52.311074586150625],[-63.79903972113046,52.311334497081795],[-63.799372810971995,52.31160840578091],[-63.799389314153096,52.311686008235384],[-63.7991361987965,52.31170621296699],[-63.79871568826665,52.3116097849294],[-63.798443199647934,52.31192248955534],[-63.798524791984164,52.312330606157566],[-63.797924616748645,52.31224749074235],[-63.797558895353774,52.31226180983134],[-63.7976202981494,52.312828209403406],[-63.79720510204033,52.3127643999594],[-63.79701757697517,52.312651503147784],[-63.79683259274497,52.31263219149603],[-63.796715409587115,52.31288238904089],[-63.79588939805173,52.31340569798078],[-63.795532413839965,52.31352590897988],[-63.79519041426111,52.31350371109074],[-63.794943398597496,52.313487696233246],[-63.79460921132061,52.31354311418577],[-63.79463691375931,52.313665591188986],[-63.794727607517956,52.31371589637142],[-63.79512188957702,52.313786787997756],[-63.795425598474516,52.31384139468301],[-63.7954901011576,52.31388311032449],[-63.795493605099836,52.31395640643618],[-63.795098012135284,52.31419790869432],[-63.79511179904757,52.31433649527749],[-63.79560120846188,52.314527604014515],[-63.79585229802616,52.314702601975746],[-63.796579108272226,52.31568260455378],[-63.79670869904635,52.31605489646779],[-63.79626030598501,52.31599050256209],[-63.79555989442945,52.31561699284698],[-63.79473333455108,52.31533562944891],[-63.79397750999332,52.31507829902886],[-63.793227321158916,52.31478119321692],[-63.79257597726679,52.31435149905784],[-63.79163751547264,52.31396170585159],[-63.79108202190857,52.31361499721038],[-63.790289188435445,52.31323170079565],[-63.78996228008199,52.312969994979795],[-63.789453907968706,52.31276229416378],[-63.78870580526461,52.31227000074619],[-63.78792521362706,52.31191130656646],[-63.7874632165352,52.3115538041627],[-63.787015900227665,52.31131460938222],[-63.78653877924937,52.31114799939217],[-63.785277518738305,52.310858601994255],[-63.784957385693346,52.3107434887113],[-63.78420111198294,52.31058851407931],[-63.78412181289295,52.3106168849052],[-63.78400558811526,52.31065849192452],[-63.78403220010421,52.310955895308005],[-63.782972814604754,52.31105210470132],[-63.78203550030819,52.31123989648676],[-63.7817717996694,52.311349394528136],[-63.78125818501639,52.3117069055995],[-63.78115200330348,52.312156595134624],[-63.78156590985765,52.31254991499941],[-63.781649006816814,52.31307190745795],[-63.781429800029656,52.31322690918357],[-63.78125771436712,52.31336639906137],[-63.78135330070367,52.31360388935798],[-63.78155291830922,52.313741504991626],[-63.78164697431829,52.31386500331906],[-63.78046730015381,52.31382910829786],[-63.78050271153063,52.31407781384366],[-63.77945378155037,52.31408469889049],[-63.77834919543795,52.31400120379366],[-63.77798720079705,52.31393419313543],[-63.77630990265247,52.313446600187774],[-63.77589268503478,52.31323907893264],[-63.77527749430648,52.312933100436965],[-63.77441858719246,52.3125485899923],[-63.771927992403505,52.311103708337136],[-63.7699529978233,52.310301904246636],[-63.7695727824096,52.310197904649556],[-63.76880130469904,52.30979041454636],[-63.767568401031056,52.309314210430536],[-63.76666980310704,52.30878249071988],[-63.764795386831686,52.307961900811485],[-63.7644395036935,52.30790719614982],[-63.76391598800108,52.30789020731384],[-63.76375178180495,52.30800130152359],[-63.76369740575328,52.30817941146217],[-63.762724394534615,52.30827280584283],[-63.763041384845884,52.30860359201927],[-63.76290422045493,52.308818991697],[-63.76254169779861,52.30938830036417],[-63.76242549672258,52.30946360225606],[-63.761717391524,52.30927268483828],[-63.76138101346888,52.30908000639262],[-63.76081339255767,52.30886300370522],[-63.75990880126688,52.308762307886084],[-63.75949909217767,52.3090197986979],[-63.759326295766606,52.30902500780872],[-63.759024624165804,52.30894669439272],[-63.75856439054583,52.308702998943076],[-63.758380364301686,52.308634200814666],[-63.75789220563044,52.30845171420523],[-63.757477916664335,52.30836740205084],[-63.756834895440726,52.30835250325474],[-63.75629381990588,52.30843280161336],[-63.75608240624185,52.30855939613321],[-63.75556988884993,52.30918529703081],[-63.75490919500408,52.30926759708206],[-63.75437270313379,52.309246398260434],[-63.75381029189965,52.309062008788096],[-63.75306940047361,52.30871589607393],[-63.75229650569795,52.30863769386853],[-63.75188890053279,52.30869998927905],[-63.7511780098359,52.309013298009106],[-63.748889904069046,52.309572403543115],[-63.74871289020147,52.30952470094918],[-63.74855270601905,52.30939988958488],[-63.748434020305154,52.30938169509279],[-63.748311190109916,52.309310396380816],[-63.74793191916021,52.30918599544408],[-63.747352818669754,52.30907859649037],[-63.7466644861116,52.30903839190177],[-63.746362396867994,52.30911458575712],[-63.746185095664174,52.309221409429725],[-63.74588210986298,52.30931800582581],[-63.74631470810045,52.30985238723061],[-63.745929697564684,52.31029330586255],[-63.74590851270952,52.3103475115034],[-63.74690610855819,52.31059219322524],[-63.74700891861565,52.3106671978203],[-63.74715981231058,52.310706290123775],[-63.74736718710141,52.31081559580435],[-63.74771297219631,52.31109400549732],[-63.74786959164849,52.31130000492743],[-63.74800060796688,52.31163169411597],[-63.74796061006899,52.31192799782904],[-63.747786599605654,52.31210808908137],[-63.747299778164624,52.31245369879569],[-63.747159187192516,52.31247970231766],[-63.746974895402765,52.31259459161583],[-63.74668490621745,52.31269539982459],[-63.74643699905279,52.312748092595655],[-63.745918708110075,52.31276369843916],[-63.745863599023465,52.312807488097455],[-63.74584588068761,52.312904803330206],[-63.74594499265708,52.313061102267156],[-63.7458905059753,52.31323911285991],[-63.74533740973675,52.31358360218976],[-63.74531358819725,52.3136685999999],[-63.74522509532824,52.31459860269598],[-63.74517108392407,52.314696397231735],[-63.745138319561896,52.314755694508364],[-63.74478069914377,52.31503030162236],[-63.744700397263955,52.31504519990725],[-63.74448621469009,52.31523269562761],[-63.744579207418646,52.315376702752864],[-63.745057503365295,52.31536848725511],[-63.7452788961201,52.31546179957702],[-63.74535718868468,52.3159308969596],[-63.74543201147532,52.31603790248964],[-63.74566379570432,52.3161963911802],[-63.74601789922161,52.31629190101412],[-63.746185079881165,52.31640859751156],[-63.746304416340706,52.3165611913596],[-63.746662679870276,52.316709606717644],[-63.746855593206604,52.31670070222784],[-63.74734138395157,52.31681879952262],[-63.74775301004129,52.31696400781196],[-63.747942684568706,52.317170596543114],[-63.74801809262274,52.3174118935563],[-63.74831310204736,52.317787097201624],[-63.74868211796391,52.31784619437773],[-63.748825111745454,52.31791370726241],[-63.74895739130298,52.318070508333165],[-63.749347389231055,52.31810559811065],[-63.749878801247895,52.3185376039101],[-63.750567304872355,52.31857778830154],[-63.75094237933584,52.318649207373326],[-63.751149901756136,52.31875850679629],[-63.75123870538882,52.318849497904466],[-63.75145841813451,52.3189833969808],[-63.752420289369404,52.31928840885725],[-63.752772308672114,52.319579102510495],[-63.75293691983385,52.319756792938506],[-63.75336311478212,52.320020309739306],[-63.75378689672939,52.32019021291208],[-63.75541730770612,52.32098239487724],[-63.756429913453175,52.32134530869615],[-63.75678888165266,52.32162790421155],[-63.75760979222522,52.321824811424975],[-63.75811908162995,52.32201240735035],[-63.758389296288165,52.322203999370345],[-63.758691402584326,52.32257119615],[-63.75931220299641,52.3229395946237],[-63.759930115452946,52.32336890541823],[-63.76008868769581,52.32353430402238],[-63.7615796955842,52.3243322918147],[-63.7617515946118,52.32434740336205],[-63.76176109417108,52.32487630069786],[-63.76183319937116,52.325044304601256],[-63.7619107920706,52.325090387643144],[-63.76199940533429,52.32533590912609],[-63.762307995994355,52.3255607022316],[-63.76277541260614,52.3257964101494],[-63.763437486766534,52.32598240633361],[-63.763821303403084,52.32615970956689],[-63.76390680262145,52.32617739072445],[-63.76411338126242,52.32630700380596],[-63.76447889557077,52.32644738862545],[-63.76495150051431,52.32671570558987],[-63.76571020403827,52.32667551110235],[-63.76604429277662,52.32677471151629],[-63.76720749930077,52.32748569659501],[-63.767373079068534,52.327643102708016],[-63.768119015800266,52.32788740674831],[-63.76892208105047,52.32789279558269],[-63.769210472768584,52.32791753350489],[-63.77015890247148,52.32799890936675],[-63.770282926888314,52.32808754356442],[-63.77034540654157,52.32813219713411],[-63.77058461403595,52.32812811169016],[-63.770974570589196,52.3281162360344],[-63.77153528477606,52.328099204471066],[-63.77175800263824,52.32801761073875],[-63.77262848241858,52.327405707831424],[-63.77284060395849,52.327413311268074],[-63.77297570034908,52.327509113833315],[-63.772998009262984,52.32775361541654],[-63.77350840495551,52.32792069799328],[-63.774147192526584,52.32803718583735],[-63.775259200417764,52.32811270932407],[-63.776032296741896,52.32834529663409],[-63.77644697264195,52.32838262711016],[-63.77703078936539,52.32843518450516],[-63.777186920764265,52.32850689993334],[-63.777326385083455,52.32865570786808],[-63.77731728752362,52.32885889393596],[-63.776924903113645,52.32917369558533],[-63.77697948999459,52.32943900396722],[-63.77705712538786,52.32948499472437],[-63.77811320584847,52.32962470169805],[-63.78054810709811,52.33011270487517],[-63.78277492304324,52.33020259615506],[-63.783145905810876,52.3302210054061],[-63.78357181572987,52.33035010705831],[-63.78410588888275,52.33043219975984],[-63.784410385180514,52.33060409270782],[-63.78455418746055,52.330805798845596],[-63.78485518086851,52.3309042978657],[-63.78583729732499,52.33091658519784],[-63.787545597930475,52.331022190212074],[-63.788748303675796,52.33130250603948],[-63.789413193041725,52.331581894558106],[-63.79098060312886,52.332022797275734],[-63.791503315554664,52.3322144950149],[-63.79210908770407,52.332330303135215],[-63.792271507674656,52.33225968946121],[-63.79283300127688,52.33217549465591],[-63.79286178597627,52.332123088861685],[-63.79274060598974,52.33201118849492],[-63.79273720462068,52.331938003247195],[-63.79296421231493,52.331909211852185],[-63.79307971021541,52.331699607005945],[-63.79352669006342,52.33164998529525],[-63.79357049967198,52.33156118832142],[-63.793499813992334,52.33150720092677],[-63.79293158029456,52.33144490034952],[-63.79271349842448,52.331270503954315],[-63.792707384315335,52.33050570117988],[-63.79298348892273,52.33026619046885],[-63.792916612210526,52.329976304857354],[-63.79352709428692,52.32968130746571],[-63.79452599437997,52.32946189931201],[-63.79494420519974,52.32946468875944],[-63.79543820054454,52.32955419672481],[-63.79650931333489,52.32950279923925],[-63.79686369849911,52.3295980923261],[-63.797155093264614,52.329765595577925],[-63.79746111018078,52.33020589452919],[-63.79769220552964,52.330384587820205],[-63.798158398513316,52.33035160213493],[-63.79848148539791,52.3302512022248],[-63.79880119212056,52.33007751164012],[-63.79891378897339,52.330083405098456],[-63.79907521727889,52.33018769240312],[-63.799672313493154,52.33019760851287],[-63.79999249386786,52.33046720107801],[-63.801401998857884,52.33087691285591],[-63.80255319701515,52.33111949969563],[-63.80421610886215,52.3313542905152],[-63.80448850556208,52.33135058845989],[-63.80518351191057,52.331248197151524],[-63.80594469174564,52.331301288697176],[-63.80821589452776,52.33174529641967],[-63.80932449847564,52.332056307401125],[-63.810049110224924,52.33203570084068],[-63.81053888796134,52.331917608918154],[-63.81090199313096,52.33211880661346],[-63.81164401772466,52.33215530683685],[-63.81237900777003,52.33235439987622],[-63.81259811756725,52.33235399375527],[-63.81268719698081,52.33229030073782],[-63.8127685138535,52.332100493505614],[-63.81454779524085,52.33195060360487],[-63.81562248778093,52.3319721917741],[-63.81755440954617,52.33212980735768],[-63.8184388089764,52.33209941605552],[-63.81862909059432,52.33215138790951],[-63.819487985145116,52.3325558097171],[-63.82189389736715,52.33296098676927],[-63.82333250571477,52.33331800085463],[-63.824543396659365,52.333724005382635],[-63.82497201443142,52.33379199968805],[-63.825612814460236,52.333712899169434],[-63.82600918598585,52.333759992529146],[-63.826494618167864,52.33405259155915],[-63.82803109477885,52.33445170603565],[-63.828493817093104,52.334499895597816],[-63.828653603051556,52.33433570304794],[-63.82899150491382,52.33435338988286],[-63.82907969279917,52.334310112018386],[-63.82900638917472,52.33400789831744],[-63.829054389417905,52.333971992722745],[-63.82977560949478,52.33387799342617],[-63.83063638130778,52.33362340070449],[-63.831172494632014,52.33366461147323],[-63.8312740061518,52.33369779448723],[-63.83153918953273,52.33378439163113],[-63.83170070454953,52.333888710896254],[-63.83190141038018,52.33416049119185],[-63.83204369767181,52.3342481949879],[-63.83379598893706,52.33457339321229],[-63.834821798748756,52.334496392835035],[-63.83534308027199,52.33426479865417],[-63.83598129044061,52.33409208925558],[-63.83638198692316,52.334037506463964],[-63.83741570415937,52.333932096047114],[-63.836833399137355,52.333886105729306],[-63.83590449397959,52.333871203673105],[-63.83478429878461,52.33413379809557],[-63.83408409704537,52.33435838547958],[-63.83389808411639,52.334359499149954],[-63.832404318975605,52.33404650325815],[-63.831798111752526,52.333380605124574],[-63.83177668950964,52.333357094973586],[-63.83176800925368,52.33325121366694],[-63.83223861710192,52.332807294888404],[-63.832510104118015,52.33266940747367],[-63.8335402977168,52.3323362057504],[-63.833651202335076,52.332228087751375],[-63.83367210010495,52.33204950000939],[-63.83400299988196,52.331920593830695],[-63.83427187709507,52.331379900866246],[-63.83454949404426,52.33109968702896],[-63.83459061625744,52.3309172944051],[-63.83519118170807,52.33053649672732],[-63.835599799527685,52.33014449722004],[-63.83558058246546,52.329973307020474],[-63.83535622384508,52.32978669925043],[-63.835275885742334,52.32980159909791],[-63.83557010734607,52.32913531555706],[-63.83542168814945,52.32826240596046],[-63.83471198763981,52.327474106804864],[-63.8345941843752,52.32728100454036],[-63.83423722624079,52.32693759481824],[-63.8332708978018,52.32640549847142],[-63.8325943940549,52.32592678958034],[-63.831795814748276,52.32551119149355],[-63.83072579367243,52.32461530323121],[-63.830273713711975,52.32432330014343],[-63.82977707979499,52.323831202764765],[-63.82943150903578,52.323223702565315],[-63.8290841797211,52.32296590279725],[-63.8289917125098,52.32264709525093],[-63.82851360288242,52.32203740629099],[-63.827475116762706,52.32118270131433],[-63.82690878406199,52.32077080845853],[-63.82605711137858,52.320358415534116],[-63.82570017900679,52.320015008275995],[-63.82557873269201,52.31980066382438],[-63.8254350231429,52.319546994215514],[-63.825122594373624,52.31924910767298],[-63.82511918542642,52.319175797695614],[-63.825231680243355,52.319181698323725],[-63.82693781640162,52.319791000104274],[-63.82765333160293,52.32007302965498],[-63.82816479617293,52.32027460565807],[-63.830536915935205,52.320833591725886],[-63.830694581146076,52.32082410739236],[-63.83112248950436,52.32079838845238],[-63.83178841366299,52.320438991007464],[-63.831995309148716,52.320413893733516],[-63.83279999656073,52.32068721248818],[-63.83424871101423,52.32080011260141],[-63.83440580568108,52.32085140415989],[-63.834752280970456,52.321129497221115],[-63.8353170048797,52.3211183150253],[-63.836215089763364,52.321535396439984],[-63.83662097863419,52.32182260656926],[-63.83707661032827,52.322033316324436],[-63.837270986439584,52.32217131203297],[-63.83753390543396,52.32235800703296],[-63.838398894579335,52.32277459667987],[-63.83887020635862,52.322928592352554],[-63.83944541111649,52.32329170364076],[-63.84179868516612,52.324297602165785],[-63.84385349496959,52.324834911113584],[-63.844153804249984,52.3247990905806],[-63.84434659798098,52.32463539783899],[-63.844798800003964,52.324618296355496],[-63.84507889085676,52.324431601803234],[-63.845363522981465,52.324452393218365],[-63.845543307934975,52.324593614507],[-63.84590291559306,52.324566791621855],[-63.84608880038045,52.324411211534624],[-63.846538291063574,52.324455008244975],[-63.84670069677567,52.32438440239081],[-63.84680452474362,52.32428429740065],[-63.84709340449613,52.32420361308661],[-63.847315087075536,52.324296593910795],[-63.8475089168776,52.324267200223794],[-63.8475341909327,52.324141504775746],[-63.84780210923869,52.3239302125629],[-63.84794259529964,52.32390399162741],[-63.8490659007923,52.32386908842516],[-63.8496960777183,52.32387910579334],[-63.849901992958586,52.32356518625547],[-63.850086990172095,52.32342979629569],[-63.85042821569089,52.32336609177783],[-63.850979816764614,52.3233505954119],[-63.8512871132802,52.32346119888754],[-63.85145470442074,52.323423188292416],[-63.8514966154319,52.323375100084476],[-63.85146590238695,52.32315900348944],[-63.851633392250164,52.32281190509057],[-63.851889899202185,52.32271020508597],[-63.85199631393314,52.32254919116413],[-63.85220049809987,52.32243051365479],[-63.85208859802022,52.32194061327697],[-63.85164589827053,52.321425100825486],[-63.85162572274742,52.321119693416435],[-63.851698892818234,52.320958212008016],[-63.85212390470109,52.32079821033246],[-63.85284298620851,52.32074458881981],[-63.85297399448262,52.320787392476376],[-63.85306219757572,52.32089858623922],[-63.853252508996434,52.320950503994915],[-63.853348380541846,52.32087880169806],[-63.85326371213907,52.320686297423315],[-63.853887584070435,52.320374892477],[-63.85417559388558,52.32031439713353],[-63.85656187887518,52.32070220402923],[-63.857155868686704,52.32069237939279],[-63.85731250118438,52.320689794953154],[-63.85800088505845,52.320420090239054],[-63.85890141447031,52.320157796173746],[-63.85962840718591,52.320075893371644],[-63.85967450183103,52.31977149252405],[-63.86035590011872,52.31950990192411],[-63.86051288130301,52.319406594980165],[-63.8605494085294,52.31917130879357],[-63.86065849152291,52.31910390787995],[-63.861039004577975,52.31905299287912],[-63.86128161912136,52.31912189119582],[-63.861448417566194,52.31925880690688],[-63.86350500074131,52.319909595420654],[-63.86417109060469,52.32016829890055],[-63.866614710176684,52.321089599579935],[-63.86762558358037,52.32135779644738],[-63.86877170192006,52.32156709872268],[-63.8694771808275,52.3218384973886],[-63.87031969263752,52.322164997706025],[-63.87165420886628,52.322157601590675],[-63.87230188782926,52.32222479648969],[-63.87269561081518,52.32233269628794],[-63.873006392962644,52.32248962073686],[-63.87361860273621,52.322798698356884],[-63.874077983273594,52.32308250845463],[-63.87474248030182,52.3233817963395],[-63.87517378986716,52.323505436390185],[-63.877339983661194,52.324126295257116],[-63.87843149095994,52.324533890946746],[-63.880158490586794,52.3249840946166],[-63.88111622104708,52.325100800309286],[-63.881757798480514,52.325155592262064],[-63.881997108732556,52.32530581289616],[-63.88283292092556,52.32564019353749],[-63.88308957917159,52.325693000645884],[-63.88352080218764,52.32569979904872],[-63.88353808548437,52.32560240017834],[-63.883344790388854,52.32530249269561],[-63.883300719004595,52.324927592068164],[-63.88348389845289,52.3248327922224],[-63.883617412373596,52.32481459559546],[-63.88404699263795,52.324862006017],[-63.884576193237294,52.325065506163654],[-63.884775425500685,52.325223194068016],[-63.884706694081395,52.32543770919104],[-63.884124599594635,52.325546490026596],[-63.88388039609722,52.32567290259109],[-63.88389997737915,52.32599850504622],[-63.88403029763425,52.32621619372863],[-63.884114200191725,52.32627441375626],[-63.884983794228525,52.326434501806304],[-63.88582132372167,52.32672819801853],[-63.886785682404145,52.327320899504386],[-63.8880424054335,52.32775129368194],[-63.88816897402622,52.32774110600357],[-63.88845868588581,52.327639805581995],[-63.88881829428734,52.32761289186632],[-63.88886691802323,52.327402198160364],[-63.88871389441244,52.32724929325775],[-63.88873898107748,52.327123599143626],[-63.88894062270062,52.327065694280314],[-63.889438994976594,52.32705321020283],[-63.89046500133757,52.32728480977464],[-63.89152000854779,52.32761849344673],[-63.89198009082178,52.32772730661413],[-63.89326691417916,52.32775549600726],[-63.89539939920842,52.32771951078919],[-63.895635179013865,52.32779640407553],[-63.89571491307334,52.32795629919582],[-63.89608059179191,52.32794158930649],[-63.896236980654045,52.32801319459492],[-63.89636379216857,52.328157490417915],[-63.89703141668972,52.32806620063686],[-63.89720531010389,52.32819501233214],[-63.897121882831456,52.32844590588545],[-63.896693409939424,52.32853280927943],[-63.896589692040244,52.328632791178556],[-63.896628908550795,52.329129699578615],[-63.89696499205827,52.329671809589726],[-63.8971128779517,52.32994659970733],[-63.89724718911586,52.33039199580652],[-63.89757077675835,52.33075500375334],[-63.89775169216247,52.33087578743301],[-63.89873990713056,52.3313833121295],[-63.900891299861634,52.3326611985403],[-63.90170369466361,52.33292601142388],[-63.9025278063299,52.333390292985065],[-63.90335331874191,52.334143305016575],[-63.903643203545116,52.33419659758628],[-63.90410770309285,52.33420379849318],[-63.90464220683679,52.33380118860599],[-63.904985083906304,52.333696698269556],[-63.90544870556421,52.333724196145205],[-63.905796390229035,52.33382720522618],[-63.90611978049993,52.33403560134078],[-63.90617591233469,52.33412589365649],[-63.90658491091747,52.3353199138042],[-63.90751310980992,52.33632259615289],[-63.90750999722627,52.336558502397004],[-63.90732658860878,52.33698280773285],[-63.90741548974272,52.337403107945875],[-63.907858294229,52.33793869737036],[-63.90858328986599,52.33855590717953],[-63.90874651375893,52.33943300673896],[-63.90882444260576,52.33956915983151],[-63.909174014116346,52.34017979078912],[-63.90974098425057,52.34076610619133],[-63.91003298580465,52.34093330890882],[-63.91026970819456,52.34098991550559],[-63.91148719295074,52.34109811001184],[-63.91219961649937,52.341052090939904],[-63.91236678743048,52.34085958724443],[-63.91238778576204,52.34083540654853],[-63.91239168143684,52.34057920619789],[-63.91262117508491,52.3404891039033],[-63.91286569477698,52.34051729151786],[-63.913116722717184,52.34071229739211],[-63.91318338928001,52.3408679059345],[-63.9130695814347,52.340999016351546],[-63.91289067355568,52.34120510593169],[-63.91285859005531,52.34133879486114],[-63.913562802669965,52.34149610828648],[-63.914790617378515,52.34151499999786],[-63.91494089491154,52.341574202281734],[-63.91495131109321,52.34196889112174],[-63.91512950887803,52.341996116048264],[-63.91569390925673,52.34215931168563],[-63.915816193430686,52.342580093706175],[-63.91617739957342,52.34284188569974],[-63.916369287599466,52.3431824944059],[-63.91688998971919,52.343279905418655],[-63.917075782045885,52.343608192291256],[-63.917359192322934,52.34382401150004],[-63.917633692022335,52.343934010787905],[-63.9185377761384,52.344074007150276],[-63.91912900513945,52.344070799572926],[-63.91956988319743,52.34400840528872],[-63.92010301587945,52.34380099741001],[-63.920873087000665,52.343320609435175],[-63.92102889198741,52.34308300575775],[-63.9210415996306,52.34293269257429],[-63.92072888658458,52.34246018703535],[-63.92073830915992,52.34239110935623],[-63.92111530949823,52.34226681101828],[-63.921168816653015,52.34222377129919],[-63.92161648570652,52.34186359982698],[-63.92188979001956,52.34183930954483],[-63.92224371176498,52.34195450503244],[-63.92274928685589,52.341933806936986],[-63.92331750611545,52.34184080644744],[-63.923968596547006,52.34167179591318],[-63.92449420105229,52.34164721126632],[-63.924784306106204,52.34170051369051],[-63.925163095886475,52.34201950274399],[-63.92534910420183,52.34201821449736],[-63.925823594708376,52.34178140253342],[-63.92607678283771,52.341760899498716],[-63.92620460885061,52.3418848029731],[-63.92625399438891,52.34246719931936],[-63.92638008924314,52.34263190793744],[-63.926705777906825,52.342624603289735],[-63.927266683139024,52.342385098954026],[-63.928150108099786,52.34221949303631],[-63.928655609026826,52.34219880214798],[-63.9298621936933,52.34208700083782],[-63.93141489782194,52.342118695209464],[-63.93194948312647,52.34220009909893],[-63.932416184877795,52.34232100786778],[-63.93351158455329,52.34249220675062],[-63.93391070718311,52.34247790899303],[-63.93423970977468,52.3423893906987],[-63.93500710337279,52.34164040302249],[-63.93521729813199,52.34153380492912],[-63.93529681707968,52.3415390023323],[-63.93523517637205,52.34273390488449],[-63.935407701582015,52.342903309855416],[-63.935857090727175,52.3431215952099],[-63.93665229480188,52.3436584066462],[-63.93748889515672,52.34399240112211],[-63.93775312304959,52.34419159246605],[-63.938198103941126,52.34435698800163],[-63.93889330586506,52.344737714483635],[-63.93920598613791,52.344947190515605],[-63.9395206017894,52.345157996351915],[-63.94071088907535,52.34611149316751],[-63.941277991181884,52.346872510516356],[-63.941287902726735,52.346958104764354],[-63.94218198437807,52.347846094357514],[-63.942802402194374,52.34827440282279],[-63.943326080763406,52.34846540286228],[-63.944116912336646,52.3486197094599],[-63.944726605457426,52.348653302279466],[-63.945481006275855,52.348558912014674],[-63.945805006180855,52.34826278831809],[-63.946141279931204,52.34766170210832],[-63.9463351127897,52.347632110855386],[-63.94695800791,52.347999390504484],[-63.94741578540952,52.34834390066106],[-63.94789252497492,52.34837942879496],[-63.94844218721153,52.34842039340949],[-63.94886179978881,52.348227406415475],[-63.94910110633215,52.34822279325212],[-63.94959690722318,52.34844588824128],[-63.95013778438651,52.34853939061044],[-63.95151550636756,52.34863740732083],[-63.95240760482999,52.3487523909254],[-63.95270301047745,52.348838194207985],[-63.952734606195186,52.34887938966463],[-63.95325829848722,52.34907021277997],[-63.95371778260341,52.34937410009358],[-63.95489722131322,52.34977809764568],[-63.95548250358263,52.35009201229978],[-63.95634739452532,52.35072320724047],[-63.957212500525884,52.351683812149716],[-63.95754671364448,52.352132204148255],[-63.95829120885324,52.35278598964634],[-63.95886021748012,52.3531768062899],[-63.96149451498171,52.3547536967402],[-63.961615501674466,52.35488571047975],[-63.96284327520295,52.35558320366238],[-63.963145597975355,52.35583589322021],[-63.96395189769328,52.356108211987454],[-63.96481329181789,52.35666609378065],[-63.96562098087524,52.35707260177872],[-63.9659108977927,52.35730059203412],[-63.96610968183998,52.35733654042367],[-63.966695804184496,52.35744250620302],[-63.967213616691346,52.3576209907931],[-63.967284297695834,52.357345407526616],[-63.96745270509734,52.357286913502335],[-63.967918311365466,52.35727348995871],[-63.968194901177526,52.35716781298613],[-63.9684919878825,52.35721290705496],[-63.968765386247306,52.357188410720276],[-63.96893331487219,52.35697539545007],[-63.9692390192072,52.35697179843394],[-63.96941571928391,52.35703950518397],[-63.969805796634866,52.35742350777709],[-63.96982979946756,52.35782249553597],[-63.97050271506644,52.35811310742555],[-63.970781596897346,52.358450792667355],[-63.971093298591974,52.35812999044847],[-63.971572796584596,52.35810050803033],[-63.9721716867975,52.35824358907415],[-63.97319307291583,52.35828720516939],[-63.9739979216915,52.358095693344296],[-63.97415420364353,52.357837696206325],[-63.97456380281299,52.35755900626553],[-63.97528398441213,52.35715480274771],[-63.97556078536439,52.356874109697245],[-63.975971105409066,52.356575111533566],[-63.97635048979416,52.35638949650754],[-63.97684788174153,52.356242296532926],[-63.977102996598724,52.356006109384396],[-63.977038608448105,52.355614603909],[-63.97709058044863,52.355477104791476],[-63.977343998063596,52.355281492744076],[-63.977814374061445,52.35514610609276],[-63.978246758605266,52.35514336404309],[-63.97877789348474,52.35513999102679],[-63.97920728937642,52.35503240269377],[-63.979447595015436,52.354832594878175],[-63.979886889198994,52.354810597861544],[-63.98034770845919,52.35491899049032],[-63.98123059511907,52.355782110783515],[-63.98214728251346,52.35612100276419],[-63.982328580316334,52.356241706025756],[-63.9830325079843,52.35641880203346],[-63.98327400373398,52.35652808917716],[-63.98403851506931,52.35702329000721],[-63.98449101272811,52.357005601887536],[-63.98517401772223,52.357206798606704],[-63.9865268152601,52.357779799113445],[-63.98659701072214,52.35785411478506],[-63.98729409953622,52.35786431457382],[-63.987383599973775,52.35795510095845],[-63.98742340970229,52.358297312748014],[-63.98821459747081,52.35845131151774],[-63.98898198867969,52.35853569705913],[-63.98937719441458,52.35862290747116],[-63.99036811236001,52.35910920301852],[-63.99117540334258,52.359361009343324],[-63.99226749198654,52.35980810558325],[-63.992553087902195,52.35994920561652],[-63.99342130678173,52.36037821600276],[-63.9954983021802,52.36129929326522],[-63.99606948902984,52.36147438918319],[-63.99705608787851,52.36173280479522],[-63.99732229328658,52.36189118744646],[-63.99809391498923,52.36255330345684],[-63.998851295443934,52.36272701133464],[-63.99978217799175,52.36322460129905],[-63.9999999781824,52.3633130011388],[-64.00031871199383,52.36343981472426],[-64.0006149926718,52.36367999458467],[-64.00097088122095,52.363754401031564],[-64.00176538337733,52.3638268930627],[-64.0021214039106,52.36390118898886],[-64.00243480425453,52.364044107270075],[-64.00254578997001,52.36426531024364],[-64.0027240900948,52.364467200242615],[-64.0031462887972,52.364717396202714],[-64.00350140835518,52.364812110861926],[-64.00377469436462,52.36496251144182],[-64.00536287852266,52.36530270648336],[-64.00649250982626,52.36564858933047],[-64.00684451724496,52.36582450169776],[-64.00717271085475,52.36593090097186],[-64.00743119734419,52.36611769437074],[-64.00758171487473,52.36635170856748],[-64.00819310344434,52.366694091144446],[-64.00920299669478,52.36704229324458],[-64.00942840489883,52.36722860308882],[-64.00999361687806,52.36756619343804],[-64.0103271144574,52.36770519448506],[-64.01065210688515,52.367892992083966],[-64.01084969154174,52.36811139722894],[-64.0109870924997,52.368341209775664],[-64.01128668845448,52.36850009341945],[-64.0116356835137,52.3685823959275],[-64.01202719982844,52.36859618652091],[-64.01226669834617,52.36841659927885],[-64.01200038509398,52.368258193816786],[-64.01169311002077,52.36812760637929],[-64.01154179973584,52.36791389029281],[-64.01139370196718,52.36744399721128],[-64.01124251129279,52.36723031416976],[-64.01053619841264,52.36658970881283],[-64.0099564179448,52.366288393099005],[-64.00922128230465,52.366050000844496],[-64.00893488027899,52.36589540330552],[-64.00861239713416,52.36547169578966],[-64.00842709074867,52.3652778862495],[-64.00811370178486,52.36513511269293],[-64.00772907760549,52.365113203541185],[-64.00741489082142,52.36499071009837],[-64.00724359413469,52.3647808025478],[-64.00675659355534,52.36431410314017],[-64.00644479756434,52.36413061006821],[-64.00609042543789,52.36401569415725],[-64.00461340812889,52.36372180459942],[-64.00426750330361,52.363558098658885],[-64.00400819396103,52.36339170947594],[-64.0037636110098,52.36318880391841],[-64.00287899123961,52.36269601002424],[-64.00183710290179,52.36197718823376],[-64.00150979549014,52.36185038629661],[-64.00096300537754,52.36189938806348],[-64.00093220952922,52.36183791129667],[-64.00115008920307,52.36170278666342],[-64.00162352000534,52.361486001843346],[-64.00222899449751,52.36129139163559],[-64.002565676402,52.36134910072054],[-64.0031120100122,52.36079570144881],[-64.00350188300098,52.3606990552011],[-64.00356138776363,52.36068430383672],[-64.00388570792698,52.3607174932138],[-64.0040574007409,52.36081199923482],[-64.00434111231473,52.3609680903682],[-64.00449930325377,52.36099890801377],[-64.00461438602213,52.36094360603569],[-64.00465161247072,52.360842396410895],[-64.00492259649366,52.360878906130935],[-64.00541069993979,52.36062561240458],[-64.00557830251472,52.360587406987456],[-64.00577672275668,52.36061059481119],[-64.00584070749454,52.36067249061535],[-64.00593869446627,52.36088949867954],[-64.00627340430742,52.36126859531303],[-64.00629518797454,52.36129328786226],[-64.00641920292128,52.3616937875546],[-64.00792320701774,52.36197581152908],[-64.00802661385198,52.36205049910665],[-64.00807430675346,52.362364390261725],[-64.00820480608722,52.36242730861263],[-64.00852369697078,52.362427910426376],[-64.00869901692548,52.362361301318685],[-64.00913759915278,52.36235949666753],[-64.00958780469209,52.36240259054325],[-64.01029958433102,52.3625511079122],[-64.01113741175686,52.36253471360726],[-64.01213579794003,52.36266299267931],[-64.01256969907926,52.362783212797645],[-64.01287748728967,52.362903454569654],[-64.01303449062816,52.36296481041234],[-64.0138003230836,52.363439495885835],[-64.01441098730865,52.36362729527287],[-64.01456000775498,52.36372709414305],[-64.01484472272467,52.364272100250865],[-64.01486709496454,52.36438230015288],[-64.01493729509247,52.3644564944728],[-64.01496580604106,52.364579010359975],[-64.01503610157746,52.36465320315907],[-64.01504611846725,52.3647386911441],[-64.01514257908983,52.36482150169918],[-64.01516570682867,52.364911292344914],[-64.01525680436745,52.36496141205935],[-64.01551151482074,52.36524979069751],[-64.01568759680207,52.36533780623552],[-64.01581410061158,52.365502289991866],[-64.01593770732629,52.365573200071815],[-64.01594229491326,52.36562620766519],[-64.01602102255713,52.36565169645774],[-64.0164455781136,52.366015797345035],[-64.01662932096161,52.366250297270724],[-64.01664468888139,52.36636849986399],[-64.0167359045981,52.366418593468126],[-64.01680070001815,52.36663509761598],[-64.01687710360828,52.36672159451574],[-64.01690868975476,52.36693758899206],[-64.0169719875907,52.36701989961167],[-64.01710920759872,52.3675994999242],[-64.01723500499344,52.367784287463294],[-64.01728290544054,52.36792331561319],[-64.01750438218576,52.36821119471698],[-64.017820210854,52.36846799124022],[-64.01782559280052,52.36850060061164],[-64.01807961547786,52.36863440649947],[-64.01816218383453,52.368733195343054],[-64.01854447928407,52.3689909036702],[-64.01918530138803,52.36961020554581],[-64.01934737474625,52.36971430298208],[-64.01936520855172,52.369771506593366],[-64.01952807365343,52.369855205115336],[-64.02074198587347,52.37078369564254],[-64.02101151137184,52.371035697359474],[-64.02133337850293,52.37147959786715],[-64.02139210977063,52.37168391370221],[-64.02306695183402,52.37582881698492],[-64.02312407009964,52.376248614102344],[-64.0231197756183,52.37662276578607],[-64.02324020598088,52.37686245068863],[-64.02317761245936,52.377022258836845],[-64.0233355101756,52.37741300617635],[-64.02333355703081,52.37755125731512],[-64.02345710158949,52.377797111596074],[-64.0237270016011,52.37812636448775],[-64.02376643713106,52.378226556814944],[-64.02379110271929,52.37827576090805],[-64.02383820737236,52.37834759939654],[-64.02400117564564,52.37860620651426],[-64.0241066072082,52.37871749811973],[-64.02416993942106,52.37879980719689],[-64.02483840802978,52.37957211631871],[-64.02504965416226,52.37987205545089],[-64.02510763660423,52.37992170707969],[-64.02517440935931,52.37999995134242],[-64.02523310889316,52.38011670304494],[-64.02528020043947,52.380188564799205],[-64.02532696126428,52.3802705438605],[-64.02559809206984,52.38056935769071],[-64.02583596848098,52.380867711195776],[-64.02608549407736,52.38121090734834],[-64.02637822486774,52.3817276010325],[-64.02641608545855,52.381781012304124],[-64.02663236484892,52.382123806432524],[-64.02674053981313,52.38225145344481],[-64.0267795189888,52.38227434780765],[-64.0269301901403,52.38242090455993],[-64.0269483124889,52.38246794605972],[-64.02716847250443,52.382709068646406],[-64.02741410731278,52.38289156572635],[-64.02746823551196,52.38295539998936],[-64.02765861588315,52.3831920089154],[-64.02806151207469,52.38343571172735],[-64.02816812577888,52.38351655289237],[-64.02819324090362,52.383555556165135],[-64.02825965994278,52.38364396376617],[-64.02839293148169,52.383723172084544],[-64.02878114228314,52.38400325432136],[-64.02896805530729,52.3840689627864],[-64.0292759670013,52.3842767691477],[-64.02946757774149,52.38448291516018],[-64.02967306110342,52.3845854632259],[-64.02990137381985,52.384788002580336],[-64.03015867040754,52.38501541889763],[-64.0306438733629,52.385368119682106],[-64.03088452947989,52.38550781156101],[-64.03107653823331,52.38570376725943],[-64.03121794049498,52.38591931203323],[-64.03145439348702,52.386170816130985],[-64.03154170116684,52.38623510848687],[-64.03183721632756,52.386505756149504],[-64.03190057509214,52.38658800431639],[-64.03227956347237,52.38693710342571],[-64.03255891766537,52.387284814294865],[-64.03262656104559,52.38734270118415],[-64.03268838859138,52.387378212847416],[-64.03285216297004,52.387529018353064],[-64.03309362726974,52.38773579504772],[-64.03315505248928,52.38778146009205],[-64.03319717132328,52.3878104977498],[-64.0333331773441,52.38799345406944],[-64.03373886802034,52.388253460802034],[-64.03385785931229,52.38835891613484],[-64.03404407245257,52.38844494561065],[-64.03421643896779,52.38854706164005],[-64.03434661222106,52.388707549213706],[-64.03453482659363,52.38883020619071],[-64.03461522938152,52.38890249912187],[-64.0348725242596,52.38912991903582],[-64.03504791133979,52.3892381461679],[-64.03529368324656,52.3894206736688],[-64.03573492561446,52.38979505063218],[-64.03578592567261,52.38985270202055],[-64.03580757782682,52.389895758131445],[-64.03586518623713,52.38995555890905],[-64.03593547501058,52.39002980267592],[-64.03600425922468,52.39005720472339],[-64.03617699168319,52.390236608266115],[-64.03630412456198,52.39039097091408],[-64.03644711594708,52.39047841958496],[-64.03662602813753,52.39075754627524],[-64.03702096202673,52.39121472141034],[-64.03703918704801,52.391349216120275],[-64.03704414739767,52.391391969413],[-64.03712802896679,52.391547720332134],[-64.0371879324171,52.39163402051035],[-64.03723392985461,52.391736362541536],[-64.0373495433039,52.39202072025654],[-64.03740906365589,52.39211715065528],[-64.0374199592535,52.39244477151553],[-64.0374802594701,52.39260837357432],[-64.03744046937508,52.392693222172554],[-64.03749148621831,52.392838305335594],[-64.03745631603314,52.392976164884395],[-64.03739997690597,52.39314821064542],[-64.03743672089415,52.393407072755004],[-64.03741049846855,52.393835855366554],[-64.03739206317591,52.394323747860795],[-64.03735653525531,52.39438431674211],[-64.03733801513143,52.394522352407826],[-64.03728817729714,52.39460911715028],[-64.03719891040635,52.394770566064565],[-64.03718310891928,52.394837468385326],[-64.03700616179582,52.39511971629808],[-64.03690144277557,52.39525041188263],[-64.03669245296176,52.39541420369407],[-64.03659627705154,52.39549625714629],[-64.03645137992942,52.395547100609235],[-64.03610678682065,52.39595511976337],[-64.03593480862922,52.39610520767167],[-64.03590548075867,52.39617802161478],[-64.03584597392579,52.39625651325956],[-64.0356292180303,52.39644871925559],[-64.03542021890242,52.39661256716303],[-64.03535565382995,52.39664824803061],[-64.03524554516383,52.396746365912236],[-64.03493877896425,52.39694540080371],[-64.03454888342677,52.39714325057836],[-64.03439039677122,52.39720001533157],[-64.0342254133338,52.39725460524587],[-64.03395377067977,52.39731584786846],[-64.03353525972317,52.39739131125433],[-64.0332682805326,52.397418001877575],[-64.03239186468969,52.39746860912357],[-64.03209700926391,52.3975274503215],[-64.03169897132993,52.397588945513625],[-64.03151504216422,52.39761685431571],[-64.0314036920076,52.39765796220619],[-64.031276205263,52.3976887145224],[-64.03107141011448,52.397740713609664],[-64.03092340262576,52.39778535706159],[-64.03070429369002,52.39786360873539],[-64.03061079223237,52.39787451229224],[-64.03041762019765,52.397883968375396],[-64.03000642050267,52.39785371159259],[-64.02963773489299,52.39784236277013],[-64.02943099907382,52.39785771677303],[-64.02924706701089,52.39788562158529],[-64.0290975240589,52.39788346666586],[-64.02875241968995,52.39777685564645],[-64.02860745438667,52.39774020956071],[-64.02825352791254,52.39769245998307],[-64.02787946973844,52.39747356854993],[-64.0276924556859,52.39740784453609],[-64.02751279016617,52.397411350157824],[-64.02733115293775,52.39737826066739],[-64.0268527568523,52.397367366310334],[-64.02659966793101,52.39737802259995],[-64.02612315549216,52.39749124714599],[-64.02560685351948,52.397601857958136],[-64.02536684820099,52.397704211797084],[-64.02519296411452,52.39781766277882],[-64.02482620051627,52.39810530828572],[-64.02476206972075,52.398218307895405],[-64.02462796901179,52.39833437001949],[-64.02459970153757,52.39846412006733],[-64.02454252524288,52.3985690703724],[-64.02453398681864,52.398705214463256],[-64.02442997289015,52.39890307176962],[-64.02429855439624,52.39903542240159],[-64.02425797628749,52.39914062095104],[-64.02422704190703,52.3992541170344],[-64.02406625178905,52.39954677076519],[-64.02403531406539,52.399660208846825],[-64.02404416503522,52.39977625917436],[-64.02412183068837,52.40000722328983],[-64.02425279301097,52.40023485499704],[-64.02446992821193,52.40064476379173],[-64.02488998061087,52.40375471075943],[-64.02497533539677,52.40413220187657],[-64.02502210881576,52.40421426843533],[-64.02510052656847,52.404512374283755],[-64.02520829997867,52.404737667577486],[-64.02556691200697,52.40536314450274],[-64.02570682615908,52.405531912282555],[-64.02581374883763,52.40565681174363],[-64.02592013178968,52.405781068776555],[-64.02647394415514,52.40625886819946],[-64.02668659543555,52.40644090583024],[-64.02682450817589,52.40657306582693],[-64.02704596786624,52.406871167909415],[-64.02762882795763,52.407461173251455],[-64.02798905653927,52.407783607385205],[-64.02804122697265,52.40781081554782],[-64.02810148125532,52.40788692531224],[-64.02838480201953,52.408133013524974],[-64.0285591578104,52.40827175328322],[-64.02865271638248,52.4083483564226],[-64.02865540688536,52.40836470353905],[-64.02909951737647,52.40866801682376],[-64.02924292588416,52.40874531484216],[-64.02927966885802,52.40876994315613],[-64.02952507193754,52.408934403470596],[-64.02972147552114,52.4091060126571],[-64.02978986660722,52.40914359811956],[-64.02998662035239,52.40930506518823],[-64.02999551566485,52.40933365838367],[-64.03006081431357,52.40936510889115],[-64.03029588239741,52.40965730647229],[-64.0312023754975,52.41048585956094],[-64.03136087829446,52.410604017841685],[-64.03146559708686,52.410648265906296],[-64.03168905620954,52.41080801523143],[-64.03188350001233,52.411030461879676],[-64.032116210222,52.4112087199521],[-64.0322932853487,52.411363801867886],[-64.03284532941737,52.411717413247],[-64.0332087131529,52.411958496496766],[-64.03328835657496,52.41205116210556],[-64.03334363027463,52.41208450270023],[-64.03365328568003,52.412251662712485],[-64.03375416714243,52.41231007011261],[-64.03384655331011,52.41241710900408],[-64.03419376796462,52.41264782277832],[-64.03468557648569,52.413012755627165],[-64.03500179808712,52.4131820161507],[-64.03510428113152,52.41328720768257],[-64.03519085197327,52.413371868927086],[-64.03569734325946,52.41370045887265],[-64.03598613033306,52.413891671270335],[-64.03602793315396,52.41393085187888],[-64.0364134364237,52.41411736907862],[-64.03702117406606,52.414406720750954],[-64.03728136983759,52.4145629560165],[-64.03744218946012,52.41462017035187],[-64.03784854929987,52.414870015850425],[-64.03794755380491,52.41489176355442],[-64.03813392103551,52.41497776884517],[-64.03837284032235,52.41508081192412],[-64.03843238592206,52.4150898104064],[-64.03856387480758,52.4151323223341],[-64.03917053301713,52.41545212416997],[-64.03943496858656,52.415584003745955],[-64.03946707142927,52.415614957272304],[-64.03968669798688,52.41570146260048],[-64.04010271619738,52.415872100453576],[-64.04015838500555,52.415895306855475],[-64.04061543469727,52.41603800384085],[-64.04092283778387,52.416178607924614],[-64.0410596690985,52.41625382371211],[-64.04116487044944,52.41637529931253],[-64.0412681431964,52.41646016574204],[-64.04133738056262,52.41656487360315],[-64.0413984774757,52.41662066859633],[-64.0423338707091,52.417134268344526],[-64.04260492107625,52.41726825513346],[-64.04276656389834,52.41739255648082],[-64.04295062174846,52.417452099121626],[-64.04321592434877,52.4175636717821],[-64.04353141207697,52.4176657556884],[-64.04376767858902,52.41766501252005],[-64.04398921509666,52.417700703518136],[-64.04434652386402,52.41784202091522],[-64.04472627326774,52.41800601672844],[-64.04498955440775,52.418080919271404],[-64.04517480982425,52.41819742199988],[-64.0454045251057,52.418369461477326],[-64.04552907028238,52.41850750191359],[-64.04563583694397,52.41858836799737],[-64.04590083387414,52.41888500084901],[-64.04620329867531,52.419070320076486],[-64.04636651492699,52.41924141493979],[-64.04647949098701,52.419422011773335],[-64.0465750794738,52.41962270767062],[-64.04694717326558,52.41990256485692],[-64.04696819062242,52.42022831807235],[-64.04705402057438,52.420333256896505],[-64.04711367502895,52.42060462622142],[-64.04722132986683,52.42092752325276],[-64.04726197445322,52.42099725675357],[-64.04728024885486,52.42113176138051],[-64.04742336905859,52.4213941177048],[-64.04754298547958,52.42166432641896],[-64.04757093369017,52.42180710361884],[-64.04766687461462,52.42199759967098],[-64.0478351832412,52.422211506886974],[-64.04784951169805,52.42227277066093],[-64.04793544354615,52.42237770785738],[-64.04806076746482,52.4225828551791],[-64.04812429470745,52.42275261098928],[-64.0480996215708,52.42296585437068],[-64.04797595539806,52.42315737029363],[-64.04789556316769,52.423259971234195],[-64.04788364266317,52.42340015827772],[-64.0478860147368,52.42351411131627],[-64.04776743754579,52.423748417134775],[-64.0477655894505,52.4238867220094],[-64.04789705964144,52.424016722932144],[-64.04802436749911,52.424171062953285],[-64.04806343973284,52.4241939631455],[-64.04819922659655,52.42429961051501],[-64.0482433720828,52.424452811364965],[-64.04837727693484,52.424609265444786],[-64.0484906751869,52.424779650066576],[-64.0485606897864,52.424864058639514],[-64.04870530352268,52.42499577735042],[-64.0488759847655,52.42515126766641],[-64.0490036818482,52.425295475746616],[-64.04912978085937,52.42539281538328],[-64.04930624687226,52.425655659411575],[-64.04936736950425,52.42571145120541],[-64.0493697448919,52.42573791734915],[-64.04940108547271,52.4257892128896],[-64.04967343811971,52.42606761394721],[-64.04975429149104,52.426129818835186],[-64.04982278808453,52.42625481011416],[-64.04989754416293,52.42647966185307],[-64.05006934270872,52.42660210716394],[-64.05013862183564,52.42670681226765],[-64.05036305194882,52.42693370718505],[-64.05045320139017,52.42701431522243],[-64.05047171323618,52.427051158352725],[-64.0506237678716,52.427167213365585],[-64.05078203951317,52.427295571748935],[-64.05090353454561,52.42742747484166],[-64.0509027182368,52.42744780810915],[-64.05125486830217,52.42781885016523],[-64.05179728551698,52.42817432974089],[-64.05226922792784,52.42845556735947],[-64.05235821910543,52.42847916148543],[-64.05268630722881,52.42860575727169],[-64.05301704313403,52.428748712064674],[-64.05317602873572,52.42885670101816],[-64.05363014417686,52.42899325883432],[-64.05385025821272,52.429069606252654],[-64.05404754284591,52.429133406301275],[-64.05437667280924,52.429142057780695],[-64.05456620723176,52.42923421871929],[-64.05503660332248,52.42938115636171],[-64.05520631948968,52.4293794514126],[-64.05554788767982,52.429412705922225],[-64.05589244686496,52.42936466476748],[-64.05602082729972,52.42940100000262],[-64.05632017412582,52.42940515095081],[-64.05638172845984,52.42945076074929],[-64.05711620040647,52.429477313644846],[-64.05742188088203,52.42975621797271],[-64.05797928729493,52.429890076568384],[-64.05819096647036,52.43001508559325],[-64.05830393297133,52.43010822259825],[-64.05840737562862,52.430280528099615],[-64.05868059802084,52.430538564714674],[-64.05973002717886,52.43130991805592],[-64.05981245397756,52.4313314269381],[-64.05980970131166,52.43176262988908],[-64.05987466489069,52.43180421876211],[-64.05983305580284,52.4319399628928],[-64.05976199599925,52.43206101313475],[-64.05984756677107,52.4321761220685],[-64.05965123446188,52.43235440703668],[-64.05954877793467,52.43242421090868],[-64.05955226004512,52.432507668532736],[-64.05944288432948,52.43258547767355],[-64.05936140941999,52.432718612001004],[-64.05942377310352,52.43291882010531],[-64.05943623389341,52.43303085796792],[-64.05949897145997,52.433133421623886],[-64.05966659823406,52.43328022986678],[-64.05974676731469,52.43345015739607],[-64.06001689848766,52.433614626981054],[-64.0600617925034,52.43366000515216],[-64.06019953143405,52.433714807801806],[-64.06032061738391,52.433769356777006],[-64.06039452865845,52.433839572756334],[-64.0605098302632,52.433871674225614],[-64.0605377135312,52.43392696484631],[-64.06075728092793,52.43419857437624],[-64.06123848769279,52.43423582750976],[-64.06145324453905,52.43436697834384],[-64.0618118795373,52.43447769719425],[-64.0619913914364,52.43448425095441],[-64.06260380564028,52.4345741139378],[-64.06302308838961,52.43457586009174],[-64.06328218672691,52.434500163932995],[-64.06363495397063,52.43450101011246],[-64.06396101305745,52.43450352070261],[-64.06431883271709,52.43454710941896],[-64.06451730829488,52.434580356169434],[-64.06505956910638,52.43458586410491],[-64.0656796799113,52.43464735845064],[-64.06594112224408,52.43459811111164],[-64.0660382006922,52.43458321174514],[-64.06645438284164,52.43457880989404],[-64.06651084341811,52.43458162410372],[-64.06686750191038,52.43452936238703],[-64.06699273260907,52.434511028533635],[-64.06714318545387,52.43449272628087],[-64.06744603258409,52.43449287138014],[-64.06762129841691,52.43452375770098],[-64.06792104218376,52.43451770920105],[-64.06817408734257,52.43460461817406],[-64.06836484457716,52.434666255470276],[-64.06856988523484,52.434701654670114],[-64.06873470404182,52.434744613251766],[-64.06889527942408,52.434811972013684],[-64.06919791142113,52.43490970847916],[-64.06929386263673,52.43492525898294],[-64.06959754853638,52.43499257747617],[-64.06981422964957,52.43507285545248],[-64.07017104206592,52.435234412633605],[-64.07042224180616,52.435372125174794],[-64.07090419341453,52.4357490323497],[-64.07118215815763,52.43597256608407],[-64.0712847606556,52.4360777179532],[-64.07148078742405,52.436357073562434],[-64.07152607131788,52.436392257401224],[-64.07160123801046,52.43651943259902],[-64.07193127546385,52.436955264451505],[-64.0722314738923,52.43729911538914],[-64.07223749570896,52.43734686662993],[-64.07224434615114,52.43740096336602],[-64.07236057923845,52.437587699244176],[-64.0724981187842,52.43782761029901],[-64.07260659938017,52.437955230326125],[-64.07265661362256,52.43804335950552],[-64.0728328331627,52.43822891940191],[-64.07284137307794,52.438267666609725],[-64.07286742751435,52.438373822065195],[-64.0729150712192,52.43843551918072],[-64.07297897705241,52.43850762304284],[-64.0730010884659,52.43854046415945],[-64.07313710440272,52.438733561769226],[-64.0733284293692,52.43895997026808],[-64.07368383374303,52.43924967501064],[-64.07386194791954,52.43938431912623],[-64.0742559770398,52.43961962503285],[-64.07441663610923,52.439686905600055],[-64.07449792998409,52.439738903868204],[-64.07467877925707,52.43988987066476],[-64.07479728959858,52.44001555858964],[-64.07493442158392,52.4401781666898],[-64.07507074827585,52.440273605026285],[-64.07540671564531,52.4404593201919],[-64.07588023260348,52.440797404541655],[-64.07612689442736,52.44096967306091],[-64.07635580093033,52.44117217823566],[-64.07675759841096,52.44137905330955],[-64.07706070075305,52.44155411758936],[-64.07728649189353,52.44175045254144],[-64.07747997347134,52.44182841086893],[-64.07774548424749,52.44192382638517],[-64.0779038589583,52.44198072327008],[-64.07807302609268,52.44208681651493],[-64.0783664942393,52.44225361833151],[-64.07850591116893,52.44247523132321],[-64.07906898675118,52.44252156305443],[-64.07921106311858,52.44255200963178],[-64.07956124063855,52.44262396986219],[-64.07972498891769,52.44269742383821],[-64.08023932565271,52.44283259850591],[-64.08083475920714,52.442844874689506],[-64.08107308956525,52.44288067047131],[-64.08143253233402,52.44288356866618],[-64.08197000555397,52.442933675916315],[-64.0821158564114,52.44294990855603],[-64.0826414156395,52.4430527083367],[-64.0829641859283,52.44314666054544],[-64.08331244154263,52.4431819500064],[-64.0839413494255,52.44336957608375],[-64.08421459959268,52.44345260728474],[-64.08462753731239,52.44353966843335],[-64.08515135917797,52.44378081634531],[-64.08532697622762,52.443801519764506],[-64.0855445580078,52.44386146707792],[-64.08589489641157,52.44402082789507],[-64.0867000562622,52.44430642813596],[-64.08700894219575,52.444416419091084],[-64.0872052486874,52.444510671168786],[-64.08770624933531,52.444739266685765],[-64.08819148326488,52.44503476881542],[-64.08852016079726,52.445151114730315],[-64.08870329031915,52.44524105881452],[-64.08905221480097,52.445441122865546],[-64.0890773925072,52.44548010747516],[-64.08932720934827,52.44565846976043],[-64.08941474638637,52.445722724652235],[-64.08970026738646,52.44592801611738],[-64.08989793776487,52.44616672434886],[-64.08998710292622,52.44627775679106],[-64.0900204903432,52.44636565454376],[-64.09021494567672,52.446510701344884],[-64.09027431214058,52.44661730691113],[-64.09037588637051,52.44675295550127],[-64.0903840977144,52.44680192689489],[-64.09057084587187,52.44697531567353],[-64.09062623635401,52.44700860566289],[-64.09071699650342,52.44716646289401],[-64.09084730812651,52.44733711925649],[-64.09089863719439,52.44748226839448],[-64.09093377023669,52.44770447199976],[-64.09107959562148,52.44790582026807],[-64.09113364327703,52.44806725883289],[-64.09126069201764,52.44841687671687],[-64.09136465922548,52.4485789574604],[-64.09152450590571,52.448851665697035],[-64.09173103110318,52.44930407045815],[-64.09173926268153,52.44935301856096],[-64.09179003528654,52.449420808149455],[-64.09192420403097,52.44957727562638],[-64.09206695345588,52.44977246638181],[-64.0920987378387,52.44981356242401],[-64.09218481151841,52.44991846048576],[-64.09220203526816,52.45008350625369],[-64.09230766297729,52.45029245791529],[-64.09242404901615,52.450479154846825],[-64.09248566110921,52.45052476963098],[-64.09249398959729,52.45066115370929],[-64.09274973866364,52.45086197908273],[-64.092709253243,52.45096720921819],[-64.09304248298682,52.451234173994926],[-64.09314741743908,52.451278318080995],[-64.0933309568684,52.451358123445665],[-64.09352197279105,52.45150716469871],[-64.09384423907348,52.45170885507154],[-64.09390894335093,52.45176062638408],[-64.09410219451445,52.451848675726374],[-64.09440275344754,52.452007323793445],[-64.0945742575741,52.45205237869956],[-64.0947416899427,52.45220925974237],[-64.09492490824131,52.45229926380672],[-64.09527115001258,52.45248297618667],[-64.09581848381217,52.452813803436484],[-64.09619249878558,52.453150504149555],[-64.09634716516537,52.45329301543644],[-64.09650287697676,52.45340496808218],[-64.0965905868024,52.45355666597317],[-64.09685058641566,52.45373310360463],[-64.09695608418544,52.45385457055221],[-64.09706121323913,52.4539861697112],[-64.0970822123013,52.45404950920709],[-64.09712913897962,52.45413150971002],[-64.09735475842675,52.45433803322526],[-64.09738675651155,52.454466621539765],[-64.09740838031337,52.45469477158691],[-64.09747945450457,52.454846256253084],[-64.09750702222699,52.45509686257526],[-64.09755161815491,52.4551524178051],[-64.09754242088808,52.4556791678149],[-64.0975937268749,52.4558242716528],[-64.09759153963051,52.45588527444739],[-64.09760378971247,52.45600751663383],[-64.0976156526326,52.45613991475268],[-64.09768047669907,52.45627912167653],[-64.09765250615244,52.456408911879386],[-64.0976580772021,52.45652902091036],[-64.09754510300273,52.457438823080125],[-64.09757270974447,52.45750433257288],[-64.09753993548514,52.458038905180096],[-64.09751874835491,52.45807315715643],[-64.09741680673181,52.45822031990643],[-64.09738469417448,52.45846197543632],[-64.09729194685501,52.45854006683382],[-64.09721907740094,52.45871197737154],[-64.09718634270298,52.458788878700304],[-64.09717260254023,52.458892415199315],[-64.09718113529311,52.45893120983977],[-64.09721056118732,52.4591309592666],[-64.0972140522352,52.45958467955345],[-64.09724377107128,52.45977427492681],[-64.09731538639498,52.46000305516953],[-64.09742630866447,52.46034226150631],[-64.0975478442951,52.460571762729415],[-64.09755692875318,52.46068782735505],[-64.09761285986642,52.460798431907065],[-64.09766652677718,52.46097001818715],[-64.0976666752738,52.46105752576763],[-64.09774399851013,52.461221315025746],[-64.09778935573165,52.46125652452114],[-64.09787563708574,52.461448905503815],[-64.09789579920444,52.46190281825309],[-64.09796356041595,52.46214581242072],[-64.0980110352072,52.46230516628588],[-64.09798253264364,52.46281541196817],[-64.09798435677743,52.46294971108852],[-64.09793395929398,52.46314431895304],[-64.09793736304987,52.46332541089806],[-64.0980942327484,52.46404971198568],[-64.09814189596321,52.46429652797912],[-64.09812589497167,52.46446110670545],[-64.09804917400004,52.46464721030239],[-64.09800249921695,52.46538301953394],[-64.09796186993808,52.46558591949083],[-64.09793398010521,52.465618062482314],[-64.09786864559024,52.465859261314094],[-64.09775402848005,52.466079475960456],[-64.09769345474261,52.46618850952573],[-64.09768714535993,52.46636135786182],[-64.09765204834382,52.46641172222578],[-64.09763591652444,52.46648882744263],[-64.09748811028491,52.46698117082812],[-64.09743555437569,52.46705168169419],[-64.09740148494971,52.467071568018326],[-64.0973095425346,52.46740191651922],[-64.09723078890352,52.467736511716076],[-64.0971879826036,52.46781527889976],[-64.09716925265253,52.46796351098788],[-64.09710826885211,52.468082724602596],[-64.0970661983662,52.4681411683392],[-64.0970549350798,52.46835866343323],[-64.09694330602719,52.46849751414274],[-64.09691289581842,52.46860086395501],[-64.09686348360992,52.468677519723016],[-64.09684826852362,52.468821764275305],[-64.09685308430275,52.46896222476186],[-64.09681485489294,52.46900642080847],[-64.0967710300935,52.469203166580286],[-64.09679970705926,52.46942326919476],[-64.09689153221184,52.469920874554994],[-64.09694326270052,52.47005586296959],[-64.09700501963077,52.47018897659732],[-64.09702539856676,52.470545258274996],[-64.09710339946454,52.47087388181418],[-64.09716370077003,52.47104756131715],[-64.0972185423368,52.471188683944085],[-64.09723552253594,52.471363870316615],[-64.09725277468233,52.47152886746447],[-64.09731907847896,52.47181257433426],[-64.09736389774584,52.471955630142816],[-64.09736310562164,52.47216108389853],[-64.09734075079453,52.472225864430555],[-64.09734759296364,52.47258806901538],[-64.09733927551991,52.47272427195054],[-64.09732919287319,52.472911277266675],[-64.09730389448947,52.473057411084845],[-64.09719182931181,52.473206467453764],[-64.09708495188923,52.47339827027396],[-64.0969861830542,52.47363901482353],[-64.09697258408606,52.47383006660515],[-64.09686665530874,52.47436166424667],[-64.09674895516062,52.47457573669695],[-64.09663723001086,52.47471456761121],[-64.09657899367134,52.47485008467397],[-64.09655354515992,52.47490870800246],[-64.09655150124449,52.47505722531085],[-64.09637772905019,52.47534577423132],[-64.09634182869205,52.47541647593152],[-64.09631194216442,52.47559712438419],[-64.09612069167007,52.47581831818933],[-64.09607089887314,52.47590510810913],[-64.09602108785619,52.47599192157762],[-64.09600452239202,52.47607917417491],[-64.09597015158081,52.47610921545626],[-64.09586508391976,52.476250203277566],[-64.09571034730855,52.47656551602531],[-64.09545671600392,52.47703407368585],[-64.09531140097535,52.477182608807],[-64.09525115513398,52.47728153506766],[-64.09517774901057,52.47737610929288],[-64.0951580722523,52.47745722802886],[-64.09512055219197,52.47748112408139],[-64.09503204467998,52.47780748168943],[-64.09483963203263,52.478059178689534],[-64.0948165523622,52.47814431838204],[-64.09478173403498,52.478184528543544],[-64.09472960026322,52.478244813156984],[-64.09469260926372,52.47834606456302],[-64.09464823574433,52.4784655173801],[-64.0945079881796,52.47865688249265],[-64.09436538649786,52.4788217657572],[-64.09427959004877,52.47916441468899],[-64.09420521282507,52.4793770162126],[-64.0941442020029,52.479496232049264],[-64.09410978815693,52.479526262024855],[-64.09397573371334,52.47972991886152],[-64.09392554266742,52.47982686531972],[-64.0938812036685,52.479946329314856],[-64.09388668552167,52.47997897988028],[-64.09382444460005,52.480041175033385],[-64.09376968774892,52.480172670204276],[-64.09344743080464,52.48060367668688],[-64.0934060592703,52.48064176234265],[-64.09330528568375,52.48084586992326],[-64.09318674838822,52.48108022106535],[-64.09300783419118,52.481326020155954],[-64.09290649428276,52.48163797581279],[-64.09271818692083,52.48205042586169],[-64.09264513641001,52.48213486652322],[-64.0925629323232,52.48228837032442],[-64.09251310527615,52.48237518372643],[-64.09241605425922,52.482477622906195],[-64.09236776157005,52.48252377513944],[-64.09231680569209,52.482641069458936],[-64.09213472888922,52.48288066482207],[-64.09210068143531,52.48290056131879],[-64.09192635757023,52.48311182192054],[-64.09187378773356,52.48318230973712],[-64.09182047823035,52.483273121873744],[-64.09164144885207,52.48343141786945],[-64.09159434048958,52.483534580181605],[-64.09157818696073,52.483611630207434],[-64.09156518068257,52.483694825536375],[-64.09143920505396,52.48385997929737],[-64.0912621331688,52.48405491383514],[-64.0912501804556,52.48410766426834],[-64.09120545714653,52.48423726175755],[-64.09115982376574,52.4842997172422],[-64.09110804737915,52.48434986796485],[-64.0910891344751,52.48441061608054],[-64.0910439285195,52.48446292583434],[-64.09102816275757,52.4845298192778],[-64.09101896763306,52.48459887178434],[-64.09094824138633,52.48470981772417],[-64.09076165532346,52.48498398316879],[-64.09074861082637,52.48506722582815],[-64.09066172692302,52.4852552219872],[-64.09054719824707,52.485562884299014],[-64.09043397995669,52.485742431014465],[-64.0904194539863,52.485866322765744],[-64.09037844273256,52.48589421651647],[-64.0901994885772,52.48614001422287],[-64.0900598592242,52.48649616732652],[-64.09006119295789,52.48664066870635],[-64.0900338975411,52.48675016735002],[-64.08999906654418,52.48679037691863],[-64.08998529730637,52.486893920902105],[-64.08992446745363,52.48710061498294],[-64.08984418467008,52.48729078170122],[-64.08983622477643,52.48741677497966],[-64.08983065614323,52.48756931992794],[-64.08972179586922,52.4878119762674],[-64.08968515175494,52.48790303736825],[-64.08962909351169,52.48797758194833],[-64.08960851302099,52.488176672917916],[-64.08960643835964,52.488597780178324],[-64.08957289949399,52.488694917798846],[-64.08946732826233,52.4888460737084],[-64.08951500308905,52.48909286434554],[-64.08949264427487,52.48943032403757],[-64.08949776673686,52.49001837242051],[-64.08937118683326,52.4902913193708],[-64.08930457032312,52.490563024310774],[-64.08937815853565,52.490828528276154],[-64.08933181212585,52.49091131991448],[-64.08929597570551,52.491069526621395],[-64.08926075104037,52.4913050321236],[-64.08924770120147,52.49138827612374],[-64.08922917174307,52.49143886824183],[-64.08918601814796,52.49207302500633],[-64.08919621579845,52.49215861923012],[-64.089236269362,52.492248675626556],[-64.08924494915706,52.492374966691514],[-64.0892790417499,52.492627727218725],[-64.08904705071411,52.49313927840642],[-64.08909339587086,52.49332913256007],[-64.08913145160246,52.49338253834536],[-64.08917424617835,52.49348892113466],[-64.08911754657692,52.49367127291886],[-64.08916080154887,52.49385496923419],[-64.08915487143966,52.4942902738376],[-64.08906762847901,52.49448847623174],[-64.08907907225971,52.49536142511682],[-64.08905754004837,52.49549336501895],[-64.08906553543073,52.49563996977358],[-64.08901930918134,52.49581022077018],[-64.08896984675175,52.49588687885514],[-64.0889142918543,52.496038726143546],[-64.08889514734679,52.496197160487995],[-64.08886421388084,52.49622316774558],[-64.08875976871371,52.49634382056241],[-64.0887594867331,52.49644145965921],[-64.08865207766472,52.49664347093076],[-64.0886285859428,52.4967388289996],[-64.08860547898036,52.49682391384203],[-64.0885916844548,52.496927484209564],[-64.08851029991547,52.49714812496548],[-64.08846083477606,52.4972247831066],[-64.08844109216828,52.497491036367414],[-64.08843462924892,52.497576417506416],[-64.08839208508506,52.49764500883734],[-64.08834694912157,52.497784825375824],[-64.0883250795915,52.497926910587175],[-64.088286034315,52.49799147950095],[-64.08818400689182,52.49813857963875],[-64.08818378261421,52.49823626477989],[-64.08822069212782,52.49832017750431],[-64.08816188315669,52.49865102410798],[-64.08816378163583,52.49887282005993],[-64.08809061010847,52.49914244075866],[-64.0880523471785,52.499459264967754],[-64.08797771611962,52.49958442781397],[-64.08798185700844,52.499745224980494],[-64.08797589197343,52.49990626967049],[-64.08797873797924,52.500010509229384],[-64.08800682934444,52.50015492534],[-64.08798333134926,52.500250226140366],[-64.08798339941795,52.50079504027091],[-64.08801264059079,52.50145262745189],[-64.088108128116,52.50257908767059],[-64.08832144616555,52.503218781786934],[-64.0884731207376,52.50362771794387],[-64.08864874917953,52.50447652692309],[-64.08868444679862,52.504503474280945],[-64.08878542549833,52.504659472833104],[-64.08883919121968,52.504831107523785],[-64.08892289540127,52.50509473603108],[-64.08889802469477,52.50531823201894],[-64.0888771881034,52.50561498555756],[-64.08877053179495,52.50579662958518],[-64.08869118729311,52.50586876920153],[-64.08860802944731,52.50595511063263],[-64.08851624413033,52.506002711017565],[-64.08813259720321,52.50628031115348],[-64.08767723396976,52.506514193740884],[-64.0872624411242,52.506370172691945],[-64.08716278515256,52.50635862348367],[-64.086892373994,52.50636916813533],[-64.08604200406302,52.50628028027204],[-64.08571717898889,52.50622701874267],[-64.08534225987383,52.50608556858308],[-64.08505811878914,52.506014521846446],[-64.08450173371364,52.50581970920881],[-64.08438549330505,52.50580796421258],[-64.08418114108579,52.50574211850133],[-64.08386021502001,52.50567467157131],[-64.08333145770285,52.505545375148294],[-64.08330548186744,52.50552667337751],[-64.08298442552578,52.50537172845125],[-64.08280299838425,52.50531837637206],[-64.08265448931546,52.50527563569491],[-64.08258239494154,52.50524207327681],[-64.08247349336177,52.50521213676897],[-64.0824270007451,52.50520740994109],[-64.08205318366329,52.50503547809593],[-64.08178959438685,52.50495048215685],[-64.08175038235716,52.50492757825677],[-64.08122754501257,52.504820720632836],[-64.08081236603837,52.504686878988366],[-64.08055730547846,52.50464062305807],[-64.08000755414902,52.50444792349568],[-64.07978348079983,52.50437567145457],[-64.07938486728733,52.50415452160147],[-64.07922658268872,52.50401607889165],[-64.07881211636692,52.50377437308974],[-64.07867091702616,52.50371342687716],[-64.07845258944243,52.50357611553038],[-64.07831298046015,52.503474516450545],[-64.07811088258225,52.50326016309894],[-64.07789629525757,52.503021223749535],[-64.07768293122781,52.5028392271397],[-64.07753112526572,52.5026153660963],[-64.07738750201742,52.502352989183066],[-64.07736458256075,52.502340433708824],[-64.0772602934958,52.50227591825809],[-64.07706157042881,52.50197007056137],[-64.07693599955974,52.50193987767825],[-64.07658714196837,52.50181707739665],[-64.07624344061838,52.50182451203759],[-64.07607223114711,52.501856781238196],[-64.0758718847117,52.50186416610345],[-64.07577188887677,52.50186277431334],[-64.0757246528297,52.501878369857835],[-64.0748697829544,52.502456672518136],[-64.07485653534037,52.50272506387823],[-64.07477564833957,52.50311057701619],[-64.07470942663825,52.50318696771573],[-64.07480482836091,52.50358296718187],[-64.07481869043416,52.50383952247625],[-64.07492405400387,52.50414616567584],[-64.07509712958415,52.504695824578704],[-64.07513934273624,52.5049975215563],[-64.07526326628954,52.50525357379563],[-64.07540426998929,52.5055871823449],[-64.07559251092268,52.50581761671744],[-64.07569052808645,52.50614247340593],[-64.0758734050548,52.50642783086053],[-64.07596817965309,52.50665902246244],[-64.0760685006898,52.506922832089465],[-64.07619652930434,52.50706703010087],[-64.07633427683798,52.5072194762075],[-64.07657601083316,52.50744661871467],[-64.07693708168966,52.507691673019856],[-64.0770228882035,52.50780676960613],[-64.07718775682366,52.5079474353526],[-64.0772793343638,52.5080850301286],[-64.07738924747726,52.50826961517076],[-64.07743943022112,52.50844532683381],[-64.07759305841934,52.508890983388795],[-64.0776259387843,52.509446865828764],[-64.0776599057284,52.509612133699925],[-64.07764089505046,52.50994557772024],[-64.07771634343146,52.51016021415703],[-64.07769061894946,52.51040402558634],[-64.07763304636168,52.51051917315714],[-64.0775643447448,52.51075426806145],[-64.07743385131313,52.510856269212574],[-64.0773088269327,52.510990866510376],[-64.0770052503583,52.511175935644765],[-64.07675275148229,52.51133112428329],[-64.07640989491193,52.51149324009018],[-64.07610503233276,52.511621316836525],[-64.07577842377724,52.511706364225404],[-64.07548666172877,52.511751168441975],[-64.074784635107,52.511977518339215],[-64.07463313640393,52.51201616167234],[-64.07421432801019,52.51215892709329],[-64.07399617732592,52.5121966207007],[-64.07368148797119,52.51222892144619],[-64.07351150192257,52.51231811949226],[-64.07230322260472,52.51228518895722],[-64.07216445357628,52.51249082869668],[-64.0720990701517,52.51263439107209],[-64.07189729683962,52.513130087679436],[-64.07186242433707,52.51353043022066],[-64.07180113141514,52.5138347736672],[-64.07181486886773,52.51400383944374],[-64.07178430457915,52.51437982231755],[-64.07151910852144,52.51559594445361],[-64.07125393444261,52.51681208120256],[-64.07131303033609,52.51701636424095],[-64.07132528564203,52.51722611856635],[-64.07135317168047,52.51755407249649],[-64.07140289351146,52.51765243838381],[-64.0714436442949,52.51772217105811],[-64.0716845382342,52.51788218307813],[-64.07166022068259,52.517997834881164],[-64.07160671450536,52.51827382265895],[-64.07145373487324,52.518440567689986],[-64.0713816971225,52.51849454200555],[-64.07114602297595,52.51891243539001],[-64.07110694602548,52.51897697824621],[-64.07099038199837,52.51906287431683],[-64.0708745299836,52.51912843297959],[-64.07075481808684,52.51920818227795],[-64.07050422701955,52.51940007156407],[-64.07035790891533,52.51956897454829],[-64.0702323886389,52.51962621290018],[-64.07006114092408,52.51974592732368],[-64.06977019399123,52.51994536629668],[-64.06966802060423,52.520092481216786],[-64.06944165813283,52.52044137142057],[-64.06902879239396,52.52086908224218],[-64.06895324068753,52.520927019223684],[-64.06865408208624,52.52107753020296],[-64.06827984053315,52.52127584124334],[-64.0681531479644,52.52136364313771],[-64.06786479014785,52.52140442878664],[-64.06758072807457,52.52150831909206],[-64.06687891539558,52.52181197649465],[-64.06650804452705,52.52191872548603],[-64.06611351393803,52.522120834743234],[-64.06592299134239,52.52231148421924],[-64.06575019315916,52.522384367737416],[-64.06549642852315,52.522570076444175],[-64.06515427322614,52.522799333801515],[-64.0649900585435,52.522998485893346],[-64.06471351019181,52.523259179497565],[-64.06459032532265,52.52334293207296],[-64.06432509580685,52.52375339750039],[-64.06250028567179,52.52652274710262],[-64.06204792810367,52.526664974200834],[-64.06214523587069,52.52709772535431],[-64.06209016202911,52.52714173346996],[-64.06214957206099,52.527248321947475],[-64.06221748566604,52.52730623671818],[-64.06233428608131,52.527395326690154],[-64.062430601833,52.52758593673187],[-64.06249161229417,52.527739372686504],[-64.06260138696204,52.52783652986677],[-64.06260049723699,52.52812951776797],[-64.06260875786445,52.52826596952482],[-64.06255459314244,52.528464619079635],[-64.06243099243372,52.528558586362],[-64.06237631150576,52.528592378819084],[-64.06230537219346,52.52861577110566],[-64.06196766908228,52.528635523835916],[-64.06177112512472,52.528628771462],[-64.06157878071521,52.528597566369854],[-64.06122333457054,52.528735083820756],[-64.06088560271196,52.52866731923658],[-64.0605261232795,52.52864402256251],[-64.06045358888825,52.52862062400355],[-64.06026210542785,52.52865662550627],[-64.05915862555726,52.52872266848535],[-64.05903342111674,52.52876978408009],[-64.05882524143837,52.52880552918061],[-64.05844763298353,52.52891018449609],[-64.05821855363862,52.5289700686718],[-64.05787277308595,52.529115814249685],[-64.05784139670872,52.529152030772416],[-64.05744642361441,52.52936423328056],[-64.05718400862246,52.529511132207254],[-64.05698832858764,52.52965897787628],[-64.05682705718237,52.52977677920741],[-64.0566136525998,52.530129881675656],[-64.05638004712846,52.53039927191121],[-64.05630428213225,52.53072992262026],[-64.0562148583344,52.53089147386279],[-64.05619019550761,52.53119227711702],[-64.05611124481291,52.531429232164214],[-64.056143979802,52.531712540566346],[-64.05625243378735,52.532112889290545],[-64.05629330264485,52.53227012043182],[-64.056343344776,52.53235829414899],[-64.05646558663244,52.532480073053016],[-64.05660258798576,52.53265288344508],[-64.05704422615793,52.53315554059094],[-64.05707806950018,52.53332083905599],[-64.05718178024439,52.53358067796592],[-64.05728227226803,52.53365938665811],[-64.05784786409055,52.53397044205216],[-64.05790794114927,52.534416876717756],[-64.05802710494326,52.53453249476426],[-64.05812494901008,52.534682376827476],[-64.0586157061922,52.53494357598007],[-64.05878034473544,52.53526943479296],[-64.05896841780606,52.53532498370108],[-64.05900997913012,52.5353743850913],[-64.05919547752087,52.535501071675284],[-64.05948649961161,52.53566178872083],[-64.05954974468357,52.535754237390236],[-64.05967395988947,52.5359126352134],[-64.05973917903492,52.53604173988219],[-64.05973547630232,52.53623093723318],[-64.05972820446975,52.53633662985278],[-64.05968172621061,52.5365069239945],[-64.05967293949642,52.536653271189714],[-64.05990270473035,52.536845734272255],[-64.0599306250784,52.53690108870012],[-64.05977154314388,52.5372305239325],[-64.05974446537434,52.53732982699145],[-64.05966773295508,52.537418279996906],[-64.05965814869425,52.537497520475235],[-64.05949384355476,52.53769667238668],[-64.05935741524944,52.537863686304334],[-64.05900119816502,52.538109030841134],[-64.05901905207426,52.53816622268622],[-64.05913593968458,52.53834284629347],[-64.05901978916475,52.538593537578635],[-64.05882612393,52.53895303261652],[-64.05868354708666,52.53910773765028],[-64.05838072266864,52.539262283558756],[-64.05827295881505,52.539376784578764],[-64.05816214054644,52.5394850785949],[-64.05794537574042,52.53956957979473],[-64.05782909859246,52.53964527351433],[-64.05758049006904,52.53968862220777],[-64.0574828058422,52.539713721996115],[-64.05726675832216,52.539777883418694],[-64.05701238563623,52.53979872928889],[-64.0568362897711,52.53977792675318],[-64.0565993000268,52.53977873443047],[-64.05611306302731,52.540018129775106],[-64.05589284082528,52.540106636150796],[-64.05578627752679,52.540278118881226],[-64.05565333606472,52.540353625131964],[-64.05553354540116,52.54043333830511],[-64.05541146953438,52.54066151597877],[-64.05528936818978,52.54071477610244],[-64.05520407403317,52.54076446650045],[-64.05512336820723,52.54077962730975],[-64.05498846610344,52.5409059349731],[-64.05482601023465,52.54096677492538],[-64.05416358898567,52.541010426980534],[-64.05388394549053,52.540992273967035],[-64.0536267986227,52.540996829528],[-64.05347203759736,52.54102927435063],[-64.05271146894414,52.541108242106205],[-64.05245901306031,52.54116572266802],[-64.05228332114694,52.54122227111538],[-64.05205029102198,52.54129633485092],[-64.05195216049484,52.54133157679909],[-64.0513953650925,52.54158422462977],[-64.05122011395373,52.5417181412293],[-64.05114876420252,52.54175171961009],[-64.05097266992182,52.541818482289834],[-64.05087457571537,52.54185373428598],[-64.05065156540921,52.54192588971341],[-64.04952045504389,52.5424513234285],[-64.04907143132066,52.54267704204334],[-64.04880462375216,52.54284827472712],[-64.0486177661346,52.54302473664609],[-64.04828776101978,52.543191039378094],[-64.04811712308863,52.54329037481721],[-64.04790078886079,52.54345217925668],[-64.04757777171982,52.54369797786507],[-64.047482375005,52.54374952182313],[-64.04738230750188,52.543835631272884],[-64.04718143145163,52.543940694408526],[-64.04700622319156,52.54416202837606],[-64.04678532329262,52.54462084323913],[-64.04667212398368,52.5448776745805],[-64.04646781462894,52.545161734546944],[-64.04639397354144,52.54579154418511],[-64.04636687609892,52.54589088078555],[-64.04627308266085,52.54607674533121],[-64.04620805325605,52.54629758215211],[-64.04615378182682,52.546496291651906],[-64.04606541635152,52.546714781165804],[-64.04608579516142,52.5472360414012],[-64.04610456224297,52.54762292229104],[-64.04616598583907,52.54794124308926],[-64.04622822333347,52.54832668444658],[-64.04623898816493,52.548927130838784],[-64.04624800521853,52.54921828966246],[-64.04629976451957,52.54952828920204],[-64.04651683643444,52.550056346554285],[-64.04648278338392,52.55033873016585],[-64.04649953562489,52.55042643463318],[-64.04656375484637,52.550936032313764],[-64.0468231090103,52.551493184326596],[-64.04685423722202,52.55164217597606],[-64.04687184161858,52.5518845904754],[-64.04700029098849,52.55201865002852],[-64.04709191570056,52.55224373799641],[-64.04713858414321,52.5524234722101],[-64.04725967673035,52.55257577915244],[-64.04744714534291,52.55273919807753],[-64.0476160051484,52.55286569052128],[-64.04774914724112,52.55305267945888],[-64.04779456410381,52.55317544010867],[-64.04783620279896,52.553312332452805],[-64.04779448623961,52.55371058583336],[-64.04777833820872,52.554137676947796],[-64.04750077162215,52.554681178036844],[-64.04724319829171,52.55566859005351],[-64.04698196589935,52.55639753557524],[-64.04687937881081,52.55690482481928],[-64.04688614531325,52.5572569283],[-64.04695111350891,52.557658733343104],[-64.0468184897138,52.55781153650494],[-64.04671091869064,52.55862603425752],[-64.04674633933706,52.55883817668991],[-64.04673513753909,52.558958090352576],[-64.04660528419116,52.55921467496774],[-64.04654558214385,52.55938074253866],[-64.04648314026974,52.559442981802775],[-64.04627054291687,52.55959058789498],[-64.04621467617207,52.559654873167986],[-64.04606849579062,52.55990112467775],[-64.04589629860939,52.560128627551705],[-64.04576362356794,52.56028141945243],[-64.04549131802023,52.56050757010844],[-64.04258482175857,52.56246129615613],[-64.04083050770265,52.562519783094274],[-64.04061242380664,52.56254721895485],[-64.04055499274172,52.562564741821845],[-64.04042382515011,52.56258937187291],[-64.04035868269185,52.562635288466694],[-64.03981663924293,52.56292879312981],[-64.03982475209521,52.562977739434174],[-64.03960403042709,52.56325139612296],[-64.0393475346194,52.563410597188835],[-64.03887957469156,52.563774378555195],[-64.0388380788327,52.56381242815382],[-64.03869565724706,52.56395693610582],[-64.03824551359149,52.56420293984977],[-64.03817142040235,52.56430769109176],[-64.0380573318001,52.56440988131807],[-64.03768714660312,52.56474858598784],[-64.03758784003821,52.564901825864254],[-64.03748030892137,52.565006143999334],[-64.03730882884852,52.565213341852164],[-64.03714319476163,52.56544298418498],[-64.03700159059771,52.56574218299164],[-64.03692743438796,52.565846946348316],[-64.03695814992608,52.566006082476285],[-64.03654446811626,52.56634619762763],[-64.0367319875108,52.566597153164054],[-64.03670177956982,52.56686528498758],[-64.03656981527536,52.56699773930746],[-64.03648715323978,52.56732628366714],[-64.03624072857075,52.56748359692338],[-64.03508904819849,52.56957758853267],[-64.03496559535996,52.56966132984901],[-64.03443307364942,52.5697881243022],[-64.034199399571,52.56995983751407],[-64.03409155903731,52.570161822933684],[-64.03376747148359,52.5702528906201],[-64.03367040911002,52.570345072960045],[-64.03360250561285,52.570374678774556],[-64.03349658742123,52.57043833485119],[-64.03329978180048,52.57060649513535],[-64.03307890781785,52.57070508562187],[-64.03298261716957,52.57077699649167],[-64.03285604703684,52.57085453990333],[-64.03268605855934,52.57093353998783],[-64.0325944561029,52.57097094102945],[-64.03242525696969,52.57102958809936],[-64.03229752879096,52.57105017610792],[-64.03185193593417,52.570999122744446],[-64.031593832718,52.5710239299033],[-64.03088658693854,52.57100168930357],[-64.03075034903377,52.570983486300726],[-64.02750260915252,52.570142705496316],[-64.02063340595626,52.574463100909625],[-64.01573751885934,52.5771431361437],[-64.0105146847495,52.57794178092186],[-64.00955026865863,52.578001188035365],[-64.00932196053915,52.57803043923031],[-64.00148434144357,52.57972784182304],[-63.994724604141034,52.58380689492883],[-63.9919221851132,52.584728932097825],[-63.991469196272206,52.584948280134306],[-63.99080745140505,52.58537828513052],[-63.99049482136768,52.58542665095076],[-63.99031605813618,52.58555428489426],[-63.99013405920444,52.58585078731403],[-63.990014353080035,52.585920288885426],[-63.98922100282896,52.58595757885589],[-63.98870210127723,52.58606804333476],[-63.9882679998144,52.58606168805655],[-63.98726337871894,52.58657146660971],[-63.98440323104749,52.58583929129435],[-63.982882397877276,52.585449946410904],[-63.982315138001375,52.58543143933523],[-63.98152072659125,52.58541168953644],[-63.98091141854302,52.58544143385113],[-63.97992607461289,52.58560204262419],[-63.979512857901796,52.58565903814536],[-63.97906500878017,52.585746138374496],[-63.978840989695016,52.58600334008564],[-63.97850878319825,52.58612263299769],[-63.9784143085461,52.586231147069704],[-63.978094914673356,52.58636483743071],[-63.97750507256896,52.5866634813066],[-63.97730176183715,52.58681924123744],[-63.97718246795161,52.586878545482],[-63.9768594781816,52.58710377910867],[-63.97592912900594,52.58730789776476],[-63.975589850532565,52.58752273590504],[-63.975004760029144,52.58812649522558],[-63.974920952400666,52.5882129906759],[-63.9740648220888,52.589156894806834],[-63.97372171474689,52.58955079342451],[-63.97351810461154,52.58962920099212],[-63.973377546120304,52.589887651206034],[-63.973352910402376,52.59025564940365],[-63.97319872834939,52.59077234132168],[-63.97267024517227,52.591291699678266],[-63.9724554461195,52.59181973923318],[-63.9718982921432,52.59196419930916],[-63.97183299856391,52.59201004241865],[-63.971569952492,52.592069235058624],[-63.97141807397131,52.592107690189],[-63.96755817792074,52.59496184448959],[-63.9654355080194,52.59513940118735],[-63.96513410009797,52.59515529310267],[-63.96469084125845,52.59520779061432],[-63.964459069871396,52.59515349212885],[-63.964177961958555,52.595078090726034],[-63.96386512400123,52.594961489103575],[-63.96374405277736,52.59489657380103],[-63.96314973152758,52.59471479545315],[-63.9621846176313,52.59469643149155],[-63.96208550145639,52.59475199337543],[-63.961721155414345,52.59475267736504],[-63.96164339924327,52.594753893054445],[-63.96138671132561,52.594757883726516],[-63.961264271614475,52.594811030999594],[-63.961015285454515,52.59501904539856],[-63.96070765961045,52.59527500430703],[-63.96066004356152,52.59537804787496],[-63.96064507449503,52.59540708261428],[-63.96056223613699,52.595567892063684],[-63.960353320357896,52.595778483767816],[-63.96037156131272,52.59599043196717],[-63.96005080969004,52.596154594942476],[-63.959927776674846,52.59630544219105],[-63.959727827710154,52.59645714191668],[-63.95973240194513,52.59651014049129],[-63.95963136351344,52.596781339104155],[-63.95922050806353,52.59694215601027],[-63.95903992967232,52.59711044778454],[-63.95849518403635,52.59719188101809],[-63.958356659874035,52.59714709936934],[-63.9581437043405,52.597206976203154],[-63.957625120102975,52.59721963529374],[-63.95728636088139,52.597249246958896],[-63.95709848377343,52.59718338135104],[-63.956873462707584,52.597043691868066],[-63.95667776684278,52.5970061468327],[-63.956596303565526,52.59695409099448],[-63.956307506321295,52.59665465010029],[-63.95625135470392,52.59655402772608],[-63.956170002469726,52.596249598157705],[-63.95615042678592,52.59617005421993],[-63.956069411473216,52.59584108049489],[-63.95593219145358,52.59567828968687],[-63.95575370696305,52.59537849361489],[-63.95572088080291,52.59528028642255],[-63.955570482344555,52.59511318238916],[-63.95517783716515,52.59490378045229],[-63.9550648341096,52.594887881605956],[-63.9547916427369,52.59478409800103],[-63.954507360776034,52.59479003575613],[-63.9542706388182,52.59483687756747],[-63.954003917502796,52.59500848505533],[-63.95391216168995,52.595045785038344],[-63.95355260756099,52.595176786707846],[-63.953220103347306,52.59538349685611],[-63.95296263145573,52.595552636119926],[-63.952236367574415,52.59574533201846],[-63.951608749488145,52.595892700969976],[-63.95155738123688,52.5959224463859],[-63.95150690547789,52.59593188395926],[-63.951361980178866,52.59596228487984],[-63.95049062793535,52.59613997990049],[-63.9504129507703,52.59625499722652],[-63.95017987549734,52.596599979924726],[-63.95006965018474,52.596765229383266],[-63.94988449254827,52.59688054076181],[-63.94952805660477,52.59718253630993],[-63.94924769536553,52.59750398152421],[-63.94915043601563,52.597760993808436],[-63.94867734079156,52.59813860690397],[-63.94824898992189,52.598484294465216],[-63.947937516772484,52.59883168698656],[-63.94779174986389,52.59904729315431],[-63.94758995285688,52.59932718463506],[-63.9472891991853,52.59973993858685],[-63.94723807778521,52.59984704187048],[-63.94713280041389,52.600219952232834],[-63.947164602616006,52.60059083550005],[-63.94717679965061,52.600867856438555],[-63.94720779831555,52.6010941896354],[-63.9468762431608,52.60135790186758],[-63.94701653073217,52.60185658675509],[-63.947001773483564,52.60189303675729],[-63.94713214735263,52.60214122913769],[-63.947173580837614,52.60219069703454],[-63.94764012898373,52.60255790199434],[-63.94806861168528,52.603123996951766],[-63.94811974398785,52.603181750569966],[-63.94829774967727,52.60332689112981],[-63.948353289867526,52.60352514138395],[-63.94881989763883,52.60405723580172],[-63.948956433354596,52.604152897026474],[-63.94911536097182,52.604523637345565],[-63.94913039682444,52.604564582059176],[-63.94935422809945,52.60473479238644],[-63.94951863579528,52.60488583537885],[-63.94952360412594,52.60492864141587],[-63.94958050772038,52.60500889377272],[-63.94973025145632,52.60510884462466],[-63.95005167704595,52.60542914943654],[-63.95022109589376,52.60562295065432],[-63.95023926812914,52.60567004705056],[-63.95026570799847,52.60584340558061],[-63.950225603181146,52.606417781103175],[-63.95019454228549,52.606862714854785],[-63.949834738990475,52.60683223415821],[-63.949417691450684,52.606893180184095],[-63.94926569650008,52.60693165180738],[-63.94871319255866,52.60695388249065],[-63.948390011869584,52.60692668338234],[-63.94779949886769,52.606895481696235],[-63.947531987563835,52.606814140299],[-63.94696127524576,52.60662445172218],[-63.94544152435536,52.60656233936216],[-63.9383058189508,52.606128335405536],[-63.937773355839866,52.60606943619413],[-63.93761145772787,52.606022195647284],[-63.937254858610075,52.60582957949386],[-63.936595074917065,52.60585829259333],[-63.936301193606546,52.605768396744786],[-63.936083188537175,52.60562057623618],[-63.935865458715234,52.60555018546392],[-63.93568292887532,52.60535204534532],[-63.93556931505734,52.605268887648094],[-63.93549385300834,52.605076719868954],[-63.93549053150819,52.60506824450158],[-63.93529939224508,52.60475395360716],[-63.935096695372906,52.60455957991041],[-63.93500987975329,52.604474835521735],[-63.93493358272246,52.60437804800915],[-63.93472035327972,52.60419574038962],[-63.93454112047576,52.60408108972452],[-63.93440482250101,52.60389788947272],[-63.93417264234433,52.60368884692021],[-63.93345129855876,52.60350698740579],[-63.93327829786755,52.60340462809855],[-63.93309435006932,52.603324529075465],[-63.932959692581065,52.60326547825177],[-63.932757390398216,52.60306095376078],[-63.932193032636306,52.60271863419109],[-63.931944412981814,52.60242183906108],[-63.931556694648776,52.60225518648349],[-63.93129675630975,52.60199073943637],[-63.93101281876805,52.60182159751541],[-63.930826632513934,52.60171494196249],[-63.93074583435626,52.60156512801576],[-63.93063760594334,52.60151469450575],[-63.930551843868976,52.60132209753167],[-63.93029284045893,52.60127949040312],[-63.93005760329959,52.601064240991775],[-63.92981160136362,52.600948600115785],[-63.928939338465824,52.60069723471295],[-63.92801388427499,52.600603879528464],[-63.927674106051775,52.60057638767368],[-63.927269126373766,52.60050714610452],[-63.922022852842865,52.59842619706782],[-63.91857760659908,52.601089542672845],[-63.918301337659535,52.60138653697274],[-63.918047555192544,52.601706284348076],[-63.91785371733147,52.601947585534084],[-63.91761768672073,52.602159748000545],[-63.917568340231284,52.60230347962577],[-63.917383827530955,52.60256325073248],[-63.91735207059344,52.602929078274556],[-63.91698482001488,52.60324298572754],[-63.91689587874009,52.60337395028477],[-63.91686052160675,52.60350163542111],[-63.91668058596979,52.603641001799545],[-63.916677546631355,52.60364334939574],[-63.916445250412764,52.603763995743755],[-63.91625174879145,52.60391775027378],[-63.91596682954399,52.6040986015432],[-63.91557033581928,52.6043103466182],[-63.91429942899055,52.605784887688756],[-63.91416723294073,52.606071878433504],[-63.91399652268698,52.60623819172425],[-63.913646395394515,52.60654218436894],[-63.91329438810003,52.60680955695122],[-63.91299972558401,52.60698213588675],[-63.91291888306587,52.60699717705486],[-63.91225870668799,52.607278186931715],[-63.9120138850875,52.60753903612839],[-63.911844635747194,52.60775219467188],[-63.911362479496475,52.60819714957776],[-63.910820993468754,52.6077280940981],[-63.9107212020289,52.60777939588718],[-63.90985870261275,52.60777839982402],[-63.90781461238373,52.607889506492086],[-63.90701391114028,52.60801161672746],[-63.906174582381105,52.60825519434019],[-63.90578380705659,52.608489312463554],[-63.904842113724655,52.608947095413875],[-63.904041483763876,52.609708205274714],[-63.90343470338782,52.610150690751716],[-63.90233611827864,52.611485297491065],[-63.901001686449256,52.613825795461004],[-63.90049229644719,52.61417619865471],[-63.89963118858113,52.6146188881121],[-63.89942199848781,52.61466449452543],[-63.89923471525556,52.61466569026488],[-63.899169503957445,52.614624004066876],[-63.899589513282365,52.61385289089378],[-63.899372824809866,52.61359719398183],[-63.89897659191152,52.61331430599841],[-63.89830801075779,52.61314929357167],[-63.89766159468057,52.61309448885787],[-63.89731871841952,52.61313809551477],[-63.896751885466195,52.61341839412078],[-63.89601329881841,52.613972804282014],[-63.895713612924354,52.614102504788036],[-63.89553549732625,52.61436439475788],[-63.895063916931285,52.614768197830706],[-63.89469462293734,52.61480320131366],[-63.89443237724436,52.615316203387486],[-63.89419792156403,52.61548760036895],[-63.89371530229832,52.61567151134862],[-63.893433315591764,52.61585840273407],[-63.89296079406279,52.61628259926702],[-63.892679689071336,52.61644928560608],[-63.892391188103815,52.61646920953743],[-63.892402501069675,52.61635949836628],[-63.89269220208619,52.615989400013305],[-63.89303658706095,52.61575050053556],[-63.893383685991815,52.615605301627255],[-63.89357248357583,52.61540870374205],[-63.89367138548715,52.61512119425952],[-63.89360239780676,52.61485148770309],[-63.89350899750935,52.61468719307685],[-63.89331272488207,52.614582393297894],[-63.89283420411775,52.61450990702678],[-63.892619908868355,52.61467750657179],[-63.89245111509818,52.61471559237598],[-63.89124891483706,52.61467669920065],[-63.89073701178578,52.61460360591348],[-63.890589304243996,52.614617587225105],[-63.89026939137933,52.61475099623113],[-63.88978211680456,52.61472719125291],[-63.88965811858962,52.61465610054485],[-63.889843587695275,52.61405650890927],[-63.889869577754055,52.613755697614685],[-63.89006011636523,52.6135183991675],[-63.88999731287237,52.61326100015726],[-63.889864300995725,52.61308391417323],[-63.88981639206359,52.61279009445362],[-63.889856588673126,52.61275189957622],[-63.89042227671501,52.61221330107085],[-63.890367394924525,52.61192739892123],[-63.89017899869914,52.611794300108784],[-63.89020349226207,52.611688795900974],[-63.890540023505146,52.61147829425685],[-63.890920487028865,52.61133350503833],[-63.89113267858567,52.61089720102245],[-63.89171769766888,52.61049919419539],[-63.89071358186799,52.610524296515656],[-63.89016711161782,52.610800796071864],[-63.889802109176266,52.610734106871114],[-63.88970519276418,52.610651203870106],[-63.88954281116002,52.61021721455881],[-63.889218306976,52.61014290043774],[-63.88893879319672,52.61026890356833],[-63.888940688224416,52.61038288702323],[-63.88962649061773,52.610934900613266],[-63.8905295202074,52.61092860361176],[-63.89061397474378,52.61098690261332],[-63.89059399816046,52.611145305341616],[-63.890319092158926,52.61132420980797],[-63.88953949287246,52.6115766849824],[-63.88931358639078,52.61169940062585],[-63.889288317132326,52.6118251989979],[-63.889533081485666,52.61204889655562],[-63.88954651693291,52.612207792327325],[-63.88933008433572,52.61231440254228],[-63.88912999786637,52.612412994896815],[-63.88870280571015,52.61255298824667],[-63.88857189520754,52.61264458821371],[-63.888442284313136,52.613025193517394],[-63.887663489974464,52.61325738362379],[-63.88688719411811,52.61342850761951],[-63.886520004810244,52.61373220478597],[-63.88560449771053,52.61435299468445],[-63.88518279530555,52.61468021271971],[-63.88496510896295,52.614929304050754],[-63.884511408585745,52.61569970315365],[-63.8843172006589,52.615863599504635],[-63.88392238027219,52.615869706160765],[-63.883076995238405,52.61561629085475],[-63.882068897785125,52.615413399434004],[-63.88100038525734,52.61537640341426],[-63.88049479431291,52.61547029697539],[-63.87993750153035,52.615681387020146],[-63.8792310862057,52.61625659153347],[-63.87811810077341,52.61743200931337],[-63.87775458871667,52.61796369707623],[-63.87755150304743,52.61881539292465],[-63.87719660692179,52.61914359826957],[-63.87621620367462,52.61939290647657],[-63.876185514338644,52.6194861000201],[-63.876247287542874,52.61976390212936],[-63.87651498056696,52.62007740698124],[-63.87649671106917,52.62019519535618],[-63.87637621144482,52.620197391061126],[-63.876124617173645,52.62013650110204],[-63.87450782570817,52.61993209414709],[-63.87431350541052,52.61994120798592],[-63.87377540931575,52.62016889025156],[-63.8732328082974,52.620188914155655],[-63.87321598898439,52.62011130084118],[-63.87334779970403,52.619999410974046],[-63.87333962139733,52.61971839678331],[-63.87324191771935,52.61965579460221],[-63.872963990326255,52.61958628428003],[-63.872009793711115,52.619689412905466],[-63.87121051977212,52.61992519408814],[-63.87090710743126,52.619981488992416],[-63.86989749910965,52.61997379690474],[-63.86903810651549,52.61989109549109],[-63.8689054085817,52.620023392188756],[-63.86891169777644,52.62019038530824],[-63.86900769800976,52.62029368758478],[-63.86961369893881,52.62035608829862],[-63.869858383078785,52.62057980282178],[-63.870862095636284,52.62072980893053],[-63.87121118614238,52.62069870335799],[-63.871648915291146,52.62031469215205],[-63.87211671243299,52.62016739388582],[-63.87225380028013,52.62008811145204],[-63.872340894416794,52.620085398710124],[-63.87233238204849,52.62044350636008],[-63.872155789555926,52.62066458354072],[-63.87167158986261,52.62104378454807],[-63.8709242931467,52.621471700126726],[-63.86960719241531,52.621931402369164],[-63.86891668922814,52.621965404112444],[-63.868857801477255,52.62193599455517],[-63.868760779792375,52.62169830412855],[-63.86828489115937,52.6215647103426],[-63.867624089624016,52.62121639243549],[-63.86711378770575,52.621102498468474],[-63.86628530038897,52.62108140460933],[-63.86501798751698,52.62130981014503],[-63.86473749931225,52.62130130432015],[-63.864484913259275,52.62110599881324],[-63.86458162138788,52.621034198612506],[-63.86499660443616,52.620869797219655],[-63.865216414726355,52.62073479835358],[-63.865209202970796,52.62058811325399],[-63.8651115102469,52.620525503315974],[-63.864640916018985,52.620424499844894],[-63.864091200414364,52.62045249787905],[-63.863144180923335,52.62070220745851],[-63.863148702750784,52.62090988609738],[-63.86295359322319,52.62109409802678],[-63.86293878698435,52.62128519942352],[-63.86289739121988,52.621312992178545],[-63.8624928021608,52.62123340478017],[-63.861927083111425,52.62100869158894],[-63.86164207988307,52.62094720689302],[-63.86100788195385,52.620916795462584],[-63.86096218191664,52.62089170682588],[-63.86098931224236,52.620725203722586],[-63.860389522006635,52.62067499306884],[-63.85973340486314,52.620843812251664],[-63.85953301178354,52.62099529473489],[-63.85936181440094,52.62155849889298],[-63.85916228690877,52.62184439347115],[-63.8589249048014,52.62192201171545],[-63.85820280854291,52.621914695726204],[-63.85755901223608,52.62210811116406],[-63.85682822369482,52.622149396275574],[-63.85593749711744,52.622798912510824],[-63.85572750118829,52.62317421338844],[-63.85571961466903,52.623357307653684],[-63.85590460531221,52.62388129385852],[-63.85640188250438,52.62445499681359],[-63.85640029858565,52.62465038908163],[-63.856196191401395,52.624728611640606],[-63.856083592170855,52.624702386360205],[-63.856090590809515,52.62453958757566],[-63.85576670158199,52.62429029195413],[-63.85550638550855,52.62427800943433],[-63.85419078394024,52.625006196340046],[-63.853224205190315,52.62523919431597],[-63.851981287755784,52.625362002942076],[-63.85161641203475,52.625604593934945],[-63.850756199130835,52.62585150071559],[-63.85040171229084,52.62584990854396],[-63.85018429660419,52.62561439846404],[-63.849713597097015,52.625358606363854],[-63.84797798965665,52.62511530027755],[-63.84778719105866,52.62519770347655],[-63.8475577031621,52.625556387858346],[-63.84737921331623,52.62566350638715],[-63.846633107381905,52.625277094508775],[-63.845692694295764,52.625054505258504],[-63.84457201224834,52.62482499759785],[-63.84317600882469,52.62461950006625],[-63.841908419830034,52.62407409666027],[-63.84125569444936,52.62385199176848],[-63.84088801539887,52.62384620280751],[-63.84010958827526,52.62405759873874],[-63.83895820541882,52.62423060864729],[-63.838309007941724,52.62423649755541],[-63.83741007734843,52.62414070134789],[-63.8371488031656,52.623993996838706],[-63.836563011462815,52.623927693709746],[-63.835799481463454,52.62348390465003],[-63.83529460235706,52.62340249607397],[-63.833736010364014,52.62355671050817],[-63.833644482724495,52.62350640650329],[-63.833665592523786,52.623327596898584],[-63.83408339773458,52.62325690472536],[-63.83424090391371,52.623173991696426],[-63.833918896091376,52.623038501676646],[-63.8337378057644,52.62305189105625],[-63.83289949822913,52.62340890125285],[-63.83271119097206,52.62358499416967],[-63.83242802393735,52.623637498438356],[-63.83007070652617,52.62354260427808],[-63.82933000030754,52.6236529074337],[-63.8277783140615,52.624263011239776],[-63.82757250289384,52.62438181411086],[-63.82741580642067,52.62475381486207],[-63.82723190995688,52.62482819856459],[-63.8271078784083,52.62475699832067],[-63.827057012337626,52.624389799683655],[-63.826876687647996,52.62422809393326],[-63.82695069745354,52.623911812625984],[-63.82739759886314,52.62363400144509],[-63.827372097997895,52.62345039786072],[-63.8267555154176,52.62347710386811],[-63.826284915154,52.6235306002135],[-63.82624878738411,52.62359109115527],[-63.82646868850274,52.623765599931446],[-63.82644921523797,52.624367801522396],[-63.82604270625328,52.624638093512836],[-63.82596001473532,52.62484839082261],[-63.825856187702826,52.62492819728997],[-63.82469069116015,52.62496230800575],[-63.8238892957202,52.625083706764535],[-63.82303690229285,52.62514730457011],[-63.8223480961704,52.62529498710539],[-63.82022079537828,52.62621330091193],[-63.8197798874123,52.626503292919715],[-63.81893879698269,52.626921208823155],[-63.81791549139735,52.62752760395292],[-63.81720640363441,52.62767890544971],[-63.81648571232258,52.62809471142222],[-63.81541140368175,52.62848850597053],[-63.81521079626053,52.62848519783967],[-63.815209117495655,52.628371207192075],[-63.815335009576664,52.628247108879364],[-63.816257902172865,52.627948492687885],[-63.81640927365426,52.62785330429142],[-63.816489490592744,52.62754930601029],[-63.81674289848873,52.62741491158675],[-63.817698405107436,52.62713730314182],[-63.817782021617624,52.62706129583659],[-63.81781290704954,52.62681351310651],[-63.81749631732371,52.62655589331254],[-63.81717349647936,52.626440808337534],[-63.81654468983071,52.62613338681719],[-63.81642328366608,52.6261559021362],[-63.81635991765718,52.62622809336821],[-63.81698168232603,52.6265434986315],[-63.817225321352474,52.62663299610008],[-63.81726840170103,52.626719199955865],[-63.81709241169578,52.62691990307467],[-63.81694370539338,52.6269541003053],[-63.8163200014682,52.62698880920916],[-63.81602170176788,52.62707759003078],[-63.81533800595554,52.62756720785937],[-63.814912019259054,52.6279755934822],[-63.81434527890048,52.62823510257486],[-63.81396609864798,52.62833888929074],[-63.81374531251402,52.628339298648896],[-63.81368019071636,52.62829759210992],[-63.813346808102786,52.628271810915614],[-63.81264200853213,52.628476103903644],[-63.81235440015998,52.62847548664419],[-63.811905803351664,52.628329803976555],[-63.811725492771785,52.62832280255112],[-63.811328698017846,52.62836930889243],[-63.8109617935152,52.62849768893943],[-63.80991049957349,52.62851729504079],[-63.80959470341765,52.62854879653131],[-63.80771519707702,52.62914508503145],[-63.80767911232144,52.629205592729924],[-63.8077300876935,52.629263395745774],[-63.80872312551409,52.629503493874566],[-63.808678217804946,52.6296127035948],[-63.80747551277647,52.629727497568524],[-63.80677800690745,52.62945961549617],[-63.80619130835429,52.62941339016529],[-63.80471848789239,52.62958479065136],[-63.80311380942179,52.62971330993852],[-63.80237390740269,52.629648313359965],[-63.801219003461114,52.62943811326036],[-63.80067189540653,52.62940478519321],[-63.79940248292418,52.62936359341072],[-63.79875048866151,52.62943031020428],[-63.79826228510643,52.62942640679308],[-63.7982658871515,52.629345002703715],[-63.798457905611684,52.62908760083585],[-63.798469393012674,52.62897789727483],[-63.79810190946518,52.62881721143891],[-63.7977062797318,52.62853390390713],[-63.79742309454532,52.62843148894022],[-63.79727010720252,52.628412704770575],[-63.79670068412541,52.62857850509809],[-63.796036495715875,52.62862050485802],[-63.79545308640142,52.62880229417912],[-63.795117019361875,52.62883750459981],[-63.79485749267681,52.62880468349395],[-63.79439250906145,52.6284265986997],[-63.793880591546134,52.62835310975337],[-63.793590413512256,52.62825879283894],[-63.793282509633066,52.62826180615194],[-63.79303789485998,52.62834739688299],[-63.79267538613543,52.628373990935685],[-63.79198329373466,52.6281387023398],[-63.79095771334424,52.62803231240686],[-63.78945908580602,52.62773080413308],[-63.78899809358586,52.62771509195644],[-63.78831529290291,52.62787479589984],[-63.787859214131274,52.62820120108203],[-63.7879118138243,52.628372992233125],[-63.78679779983713,52.62859889648252],[-63.784949313776835,52.62879239415176],[-63.7847257206242,52.62885379302781],[-63.78397030598183,52.62928920385424],[-63.78357438834943,52.629315192848225],[-63.783316811073625,52.629241691907794],[-63.783029290415655,52.62908638993004],[-63.78270210291203,52.62907281407838],[-63.78261128841162,52.62915680994276],[-63.78287770623367,52.62933629764598],[-63.782925010424144,52.629475516343454],[-63.782889711791064,52.62951560470306],[-63.78214788644825,52.62964580070768],[-63.7819710047857,52.629712089628995],[-63.78121881232763,52.62977700909991],[-63.78089918943617,52.629889783173695],[-63.78066408824394,52.630061002846524],[-63.77995731216588,52.630305806746094],[-63.77935381680171,52.63033649873142],[-63.77888869214082,52.6307114860157],[-63.77870267943399,52.63098120359438],[-63.7784517940781,52.63105438816187],[-63.77668621161037,52.63103730188936],[-63.775752393500184,52.63127018669395],[-63.774741506325654,52.631281906911106],[-63.7747086864328,52.63141568904488],[-63.775203588029626,52.63172109735643],[-63.775267497555376,52.63193801021229],[-63.7752065171685,52.63210389768692],[-63.774960214567656,52.63207529259427],[-63.77459969648732,52.63190649842556],[-63.774268796718395,52.63197428881814],[-63.77349200208888,52.63198990090766],[-63.772179413765436,52.63246070617622],[-63.77145960074421,52.63254651084761],[-63.771128010987475,52.6324798989453],[-63.77084860663773,52.63229608734986],[-63.76929480792293,52.63232719938085],[-63.76906992550593,52.63211989560787],[-63.76910979804162,52.63197810090988],[-63.76935110519315,52.631819315456035],[-63.76932842326759,52.631729295992386],[-63.769170111799184,52.631677790249334],[-63.76868178949252,52.6316738080605],[-63.76786379084085,52.631562504645196],[-63.76746971938003,52.63154770134205],[-63.76711851059384,52.631619205165464],[-63.767001389093195,52.63169459393061],[-63.76696949579321,52.63180811254704],[-63.76702970541074,52.63210629436647],[-63.76836787915596,52.6321082000422],[-63.76849270178969,52.632159187953974],[-63.768504089658634,52.63220419719329],[-63.768316395506744,52.632359800910386],[-63.768078693852694,52.632437309096346],[-63.76762328085768,52.63274320695277],[-63.766536720282936,52.632802399966806],[-63.76623979845509,52.63300509117529],[-63.765794485190796,52.63308719326651],[-63.76531290149062,52.633229812013475],[-63.764706906601766,52.633166815393466],[-63.763880281560745,52.63339320336339],[-63.76267980253084,52.63360109870619],[-63.76222189472457,52.63381331139015],[-63.76176861553746,52.63392379885905],[-63.761647991671815,52.633925898250894],[-63.76157520956103,52.63380560396873],[-63.76152351982515,52.633720200567886],[-63.76152809715759,52.633618489713875],[-63.76169618816746,52.6336010020769],[-63.76187471938517,52.63364870399212],[-63.76217740633597,52.63361308994666],[-63.762309010672006,52.63336690719084],[-63.76246848345041,52.63324339317083],[-63.76338311847175,52.63299399466093],[-63.76361742369322,52.63284329380292],[-63.76363699609093,52.63270520167474],[-63.76353938033353,52.63264250707514],[-63.76325448463377,52.63258070508346],[-63.762853297523094,52.632573992032526],[-63.76268740579447,52.63283990155434],[-63.76245249295621,52.63285639313765],[-63.76221878111027,52.632697807061426],[-63.762033215551114,52.632658003219326],[-63.76015890753514,52.632822094317895],[-63.75899309770286,52.63285549670773],[-63.75889677837388,52.63306150152507],[-63.75871001777001,52.63319680362145],[-63.75845908233148,52.63326999879386],[-63.75751217755926,52.63334370738304],[-63.75722581677528,52.633167906859896],[-63.756680412883306,52.63309359576298],[-63.75663259035636,52.632820005674674],[-63.75627780734919,52.63252909355806],[-63.75569990048888,52.632433911638145],[-63.75542479319758,52.63230310742654],[-63.755257683112234,52.63230030024649],[-63.755009204401084,52.63246710239449],[-63.754868718895864,52.632761902309674],[-63.7546141010363,52.63291640992574],[-63.75432981998253,52.632988999793874],[-63.753724292548256,52.63306031133083],[-63.752558815047905,52.63338271114899],[-63.751996581776105,52.63338539287902],[-63.75170639296492,52.633290994231196],[-63.75145949153966,52.633127998948446],[-63.75125170736673,52.63284360220777],[-63.7509456086902,52.63280588816358],[-63.750810011528124,52.63284430766887],[-63.75075970648295,52.6329208925495],[-63.75087470764016,52.63304090570523],[-63.75070249861583,52.63329438750609],[-63.75056789838559,52.633312498565374],[-63.75050218539641,52.63358010610467],[-63.75064207765586,52.63359470001564],[-63.7511146903351,52.63350089424102],[-63.75161620603661,52.63350929773851],[-63.75219502141432,52.63358419556906],[-63.752807810895554,52.63379399754435],[-63.75330431285594,52.63405879374548],[-63.75370889017284,52.63413888702616],[-63.754861474955995,52.63410120587601],[-63.755634195203456,52.63403279826649],[-63.75610129077008,52.63406101103663],[-63.75632460735564,52.63415429229594],[-63.756585892762715,52.63414641001549],[-63.75775610148573,52.63372229835574],[-63.7581265963554,52.633667411872885],[-63.75865019511238,52.63363139863789],[-63.759217012811426,52.63352691227211],[-63.7596516245871,52.63353419713748],[-63.75995060723328,52.63357990051933],[-63.76032148239539,52.63381409927713],[-63.76032389796192,52.63390778549887],[-63.76026141052467,52.6339596941108],[-63.75966758735168,52.633921198351935],[-63.75872931218461,52.63410089669719],[-63.75798947826552,52.63403560739401],[-63.756741116467005,52.63441369759781],[-63.75635831944929,52.63444389898046],[-63.75522251462157,52.63440450944476],[-63.753988504894416,52.634611793332134],[-63.75346070822436,52.63459480354222],[-63.752053393071236,52.634343108108226],[-63.751506180923414,52.634309500011014],[-63.751275602413756,52.634378909225795],[-63.75114488236874,52.63460470129117],[-63.75116481653789,52.63475570460996],[-63.75138070046441,52.63501171134725],[-63.75135118702957,52.63521880792863],[-63.75105269740058,52.63530749814007],[-63.75029232653479,52.6354004938434],[-63.75026681164514,52.63537160196429],[-63.750348503802336,52.63504729401249],[-63.750011207385064,52.63481359521634],[-63.74984411759765,52.634366996297494],[-63.74953369917868,52.63427628821273],[-63.749141415353485,52.63422080175817],[-63.748691505008495,52.633960793867],[-63.74785292039776,52.63327499224911],[-63.74710148961743,52.63287549843689],[-63.74619499587126,52.632652604596224],[-63.745251325507944,52.63251049781404],[-63.74384568552736,52.63237270862627],[-63.743043689000665,52.63220450192825],[-63.74248220756404,52.63189781436136],[-63.74202670266573,52.63147079588388],[-63.74149031795674,52.631347697322],[-63.74122898941926,52.631355496060415],[-63.7407526151049,52.631530589881415],[-63.739876900632794,52.631658301551504],[-63.73906669761019,52.63196209492608],[-63.7379484828672,52.631979801621554],[-63.73759777822089,52.63218559885997],[-63.7367282058676,52.63232559032624],[-63.73671351285548,52.6322072920296],[-63.73741771372489,52.631734711739185],[-63.738130895586046,52.631502512748796],[-63.73856440980569,52.631241204664576],[-63.73859920817306,52.631066715456384],[-63.73840597920962,52.63090060728417],[-63.737983192523004,52.630783488475984],[-63.737541499631355,52.63078410324712],[-63.7367544056644,52.63102319169843],[-63.73607499316851,52.6311013056405],[-63.73570881593067,52.63120899829353],[-63.73529768957154,52.631271288214464],[-63.735003893196485,52.63125809397026],[-63.73445110594127,52.631057413056645],[-63.73393031048315,52.63103231437474],[-63.732665284591334,52.631332394134354],[-63.73208580154495,52.63156678651712],[-63.7317887860473,52.631769401387274],[-63.730960604227334,52.63188148808859],[-63.730411092790206,52.632043212186275],[-63.72941208443701,52.6325229005121],[-63.72900629607131,52.632617696192646],[-63.728517984429914,52.63261350288315],[-63.72778299141346,52.63244628981509],[-63.72658171478764,52.631941296182205],[-63.72626341492904,52.631878895599584],[-63.72609440128362,52.63191669093457],[-63.72574168765325,52.6321630863817],[-63.725333113860266,52.632319009030496],[-63.725057596512194,52.63234279084895],[-63.724973286129185,52.63228430888546],[-63.72487489242903,52.63195290692045],[-63.72451041303668,52.631730890386905],[-63.723465996178824,52.631452488976635],[-63.72249130422271,52.63111419077978],[-63.72190979578221,52.63110021191605],[-63.720760502975814,52.63121079305687],[-63.71950671753628,52.631266693759144],[-63.71848029541782,52.631179887232776],[-63.71705930481233,52.63094379027146],[-63.71645749677407,52.63093350742185],[-63.71392770069822,52.63137858683888],[-63.71227347702301,52.63198530808573],[-63.71198300262839,52.63204548631066],[-63.71168728883269,52.6323619907729],[-63.711559697841416,52.63237200671807],[-63.71070700741678,52.632145701631224],[-63.71005159566446,52.6321384852858],[-63.707866720924486,52.63249980097434],[-63.70706658986908,52.63315780900397],[-63.70631261503568,52.633397198718875],[-63.7059693997388,52.63344010933621],[-63.70487840275589,52.633445706028006],[-63.703994497654264,52.63360150459458],[-63.70283658931279,52.63360590642877],[-63.70242879404811,52.63374130627011],[-63.702067978124774,52.63401600854963],[-63.70161871352168,52.634179297389636],[-63.70148579126309,52.63444571077026],[-63.70128982423532,52.634629592824545],[-63.700866915686014,52.634801406646936],[-63.700225019848375,52.634932798756644],[-63.69989068958604,52.634927008822366],[-63.69862689858445,52.63476261226095],[-63.698212594574024,52.63475140908791],[-63.69792201864522,52.63481150294356],[-63.697723711819165,52.634901702945356],[-63.697475588360646,52.634913586322554],[-63.6973041990244,52.634857799621734],[-63.69718279955054,52.63459100137655],[-63.69712402331911,52.63456149409569],[-63.69680289972916,52.63455999341323],[-63.69615911191747,52.634731997034166],[-63.69501012094947,52.634687701062255],[-63.69451708831788,52.634784986631914],[-63.69414361848791,52.63490060324396],[-63.69376529727882,52.63511798612884],[-63.69284260480704,52.63552940486531],[-63.69229390793496,52.63567050624936],[-63.69158890989567,52.635719413689294],[-63.691074611761024,52.63584071130979],[-63.69073691933446,52.63605059414051],[-63.690456988689704,52.63631038774916],[-63.69039031663217,52.63673260263615],[-63.69021261495993,52.63695349807192],[-63.690084011169695,52.63698380689375],[-63.689883391104836,52.63698029280155],[-63.689757704903954,52.636949598582625],[-63.689658012442514,52.63679319145844],[-63.68938859436756,52.63682918848819],[-63.68904560805007,52.63700640512515],[-63.68869328945416,52.637097987776365],[-63.68848118413844,52.63733859544466],[-63.688172286321425,52.63736169859368],[-63.68729730964349,52.63675609983605],[-63.687009200387976,52.63662081364519],[-63.68587602118659,52.63638529587838],[-63.68529348889477,52.636391385018705],[-63.68461230577349,52.63664420904757],[-63.683904199761606,52.6370429997694],[-63.68283690962642,52.637252412318055],[-63.68176481658525,52.63756340624787],[-63.679954186117605,52.637499201262045],[-63.67973909849319,52.63737728924661],[-63.67973080502463,52.637271313085606],[-63.67940378835112,52.63696839930005],[-63.67902468627578,52.63691701005539],[-63.67841387906103,52.6369551056514],[-63.6780266115434,52.63722111090465],[-63.67727488916347,52.637264990742224],[-63.67694451407686,52.63717770110747],[-63.676586297620425,52.63696790668885],[-63.67611310782155,52.636503606673166],[-63.67558998932502,52.63638450588273],[-63.67505320939684,52.63641581140134],[-63.67408519557973,52.6366471952828],[-63.67361520395774,52.636679594524345],[-63.672681623501425,52.636467798973555],[-63.67174070058035,52.63655300536738],[-63.671594407615295,52.63639170524074],[-63.67134401130932,52.636309908259605],[-63.67097531376408,52.63632380429156],[-63.66933992514619,52.63665739376814],[-63.66899389983868,52.636895604700555],[-63.668629410817765,52.63696240430078],[-63.66840239343885,52.6369503016165],[-63.66813719379014,52.63661579288132],[-63.66774309699523,52.636600811312974],[-63.66707892779638,52.636776294361134],[-63.66693029338501,52.63694470950991],[-63.6657362782111,52.63714349736926],[-63.66457700094918,52.63745691257572],[-63.66380760348814,52.63773240098116],[-63.66318510746212,52.63801461148396],[-63.66217721491643,52.63809859062919],[-63.661270106223704,52.638453014510596],[-63.66108268346779,52.638453806962104],[-63.66054330019152,52.638257012616535],[-63.659963698854355,52.63820190049323],[-63.6596528197824,52.638265602717354],[-63.65847449409856,52.6382732978038],[-63.65745979182781,52.63849959892209],[-63.656697905487206,52.638478000139365],[-63.656143391080214,52.63887528891304],[-63.655715103324646,52.63901429242193],[-63.655446703620214,52.63902981300931],[-63.655106899975706,52.6388569015453],[-63.654660096349076,52.63882451172639],[-63.65376589087206,52.6390488841598],[-63.65275499478431,52.63919380937342],[-63.65197250560608,52.639599291822186],[-63.651400499586146,52.639804893720495],[-63.650036202053435,52.64006159059287],[-63.64932760194767,52.64046018679489],[-63.648199504308735,52.64081468870495],[-63.64745188504623,52.64091130246127],[-63.64637950384504,52.64122199372924],[-63.64553061357441,52.64133710695677],[-63.64464320101051,52.64211118720786],[-63.644165499786105,52.642440596382194],[-63.643505198368985,52.64266910344136],[-63.64258109743748,52.642677012558565],[-63.64162109593733,52.64301410195744],[-63.64129621365568,52.643228089777],[-63.64023179339239,52.64364478392325],[-63.639418291915405,52.643719806603436],[-63.63883252110359,52.643652299011535],[-63.63838249870772,52.643546513527404],[-63.63810792664557,52.64354979389541],[-63.636811213323206,52.64378709154837],[-63.63639671495913,52.64377560962194],[-63.63599129833389,52.64371539025714],[-63.63561638246914,52.64371690770029],[-63.63513730608476,52.64379790388265],[-63.633891919920536,52.64380399929675],[-63.63321431686148,52.643975091018646],[-63.63273100677145,52.64400311609364],[-63.63199590049772,52.64370079339171],[-63.63138650422534,52.64329490064603],[-63.63088880558622,52.64320450770032],[-63.62923828471985,52.64328480818409],[-63.62901439997356,52.64334588752068],[-63.62832417961393,52.64405010282416],[-63.627835609992474,52.64473751354752],[-63.62765538088303,52.64486460440381],[-63.62742641185332,52.64489300199494],[-63.62725807437237,52.64477600387919],[-63.62707740226697,52.644499899331215],[-63.62681367493498,52.64427940436277],[-63.62603111735193,52.643992494480685],[-63.62573900777288,52.64380400585539],[-63.625429888398784,52.64369259594701],[-63.62324608503564,52.64358810016504],[-63.62297471431871,52.643664596498944],[-63.62251191043415,52.64395759281487],[-63.62215159965624,52.64434601320964],[-63.62187001857065,52.64449159605994],[-63.62150140640225,52.6447739871389],[-63.62125527961713,52.64487949835885],[-63.621033409960596,52.64489988872965],[-63.62075839667152,52.64449999954526],[-63.62042490578659,52.644339191988635],[-63.61875188410431,52.644329389821024],[-63.615925580796414,52.64408690532444],[-63.614395387067866,52.64389630350874],[-63.61395770637533,52.64394940395375],[-63.613637595744486,52.64406170431094],[-63.61303599837352,52.64445390224308],[-63.6123837198164,52.64478809150194],[-63.61077949676041,52.645968299929066],[-63.60981298534227,52.64629269377696],[-63.60941389078836,52.64651349404307],[-63.60931078750626,52.64697580595445],[-63.60918521094184,52.647079401518134],[-63.609058596482434,52.64706889239917],[-63.60839009695449,52.64609590920568],[-63.60805149174984,52.64590238293122],[-63.6077585903329,52.645868605760775],[-63.60679188164564,52.64592430240855],[-63.604978124446504,52.64591979705868],[-63.60464160269223,52.64595438659915],[-63.60350690404021,52.646296096452765],[-63.60152298668275,52.64675250620494],[-63.6002139173331,52.64723350839939],[-63.599043615743156,52.647480904724354],[-63.598172197599276,52.647774397779415],[-63.59760577895439,52.647857696197775],[-63.5972733945664,52.64794530598895],[-63.596735489274195,52.64839958792076],[-63.595981597800254,52.648617907925036],[-63.59578799762629,52.64860621038727],[-63.59502469538414,52.64806698745755],[-63.594837095280646,52.64753019153709],[-63.59477830033937,52.647500603296756],[-63.59436080300585,52.64755001340262],[-63.5941256950384,52.64770041114905],[-63.59318441021346,52.648053700119036],[-63.59276901013317,52.64833109164307],[-63.59227651189204,52.648407499552405],[-63.591891405786576,52.64834351121898],[-63.59099639143053,52.64789548447233],[-63.589437802984996,52.648005301809434],[-63.58904561081828,52.647949212596174],[-63.58833929600205,52.64774890911942],[-63.587960286830985,52.64769721049588],[-63.58628510994962,52.64772749019806],[-63.58598422068621,52.64799070014287],[-63.585547404622496,52.64802330668204],[-63.585203903529546,52.64779721001461],[-63.58477720828273,52.647760798580585],[-63.584380011133014,52.64794079776904],[-63.58350951796679,52.648213792312816],[-63.58302098792112,52.6482089079978],[-63.58237140982419,52.6480788888615],[-63.58214340415396,52.64835558682148],[-63.58197619932811,52.64835249133154],[-63.58180697543053,52.64825580678957],[-63.58150297710152,52.647908101643445],[-63.58146949660208,52.647773192899145],[-63.58132761605797,52.64766470182525],[-63.581108799492185,52.647624006253736],[-63.57998089321844,52.64755429841257],[-63.57962621149599,52.64741750517761],[-63.578975622492905,52.647038997395306],[-63.576974316666195,52.6464971966048],[-63.57588391021822,52.64648110650405],[-63.575559691766976,52.64640589292704],[-63.575205012842495,52.64640339079314],[-63.57428579228897,52.64657770690401],[-63.57339508723706,52.6465857022719],[-63.5729898148088,52.646525202434916],[-63.57273548861777,52.646255909634014],[-63.57206669039716,52.64624348944964],[-63.57155388780622,52.64618919202372],[-63.571340098706706,52.64631549790328],[-63.571051310566126,52.64633459313034],[-63.57046059634988,52.64609970381243],[-63.5701078769221,52.64605650300607],[-63.56995289933448,52.64607810242818],[-63.569678222525425,52.64621549751662],[-63.5693832776141,52.64622220252351],[-63.56894561101544,52.64614079703221],[-63.568391296486205,52.64611419566891],[-63.56812178769564,52.646015586741555],[-63.56788979179157,52.64583619683238],[-63.567625306659615,52.645770210159924],[-63.5672371926239,52.64576708523842],[-63.566655505528345,52.64588650066902],[-63.566142726743145,52.64610099572585],[-63.565246894011906,52.64621049969518],[-63.56495998988531,52.64632328400019],[-63.56470758324535,52.64655069753008],[-63.56466998605849,52.646765806118985],[-63.564559286386626,52.64723599314932],[-63.564018093086105,52.64734810679609],[-63.56246348790753,52.64751060271856],[-63.56128280688378,52.64769221364364],[-63.56064639360937,52.647834999713005],[-63.56033508677512,52.648032797253805],[-63.560191001157285,52.64836808801001],[-63.55993749237812,52.64861580971808],[-63.559339503642896,52.64879200841384],[-63.55789417699691,52.64904190297949],[-63.55735811029609,52.64905220641314],[-63.55658711788309,52.64880980720837],[-63.55643300980611,52.648810988988885],[-63.55553912491698,52.649014196873964],[-63.55521268711779,52.64911388648073],[-63.5544667077653,52.649169201964064],[-63.55352431041044,52.64913940482927],[-63.55295669292691,52.649242803517495],[-63.55271652348782,52.649226095986336],[-63.55172671237164,52.6488084957176],[-63.55151498096517,52.64875970365164],[-63.550974802411915,52.64871701023969],[-63.55025932080412,52.648833895277775],[-63.54909580832834,52.64893841616203],[-63.548608222807125,52.649047301332374],[-63.54829998483383,52.64918400491018],[-63.54791189512325,52.64918079596411],[-63.547476181986696,52.64905860742056],[-63.546910096505805,52.64860419606834],[-63.54660100653967,52.648626905092655],[-63.546023209585336,52.64879931184252],[-63.54574651149102,52.6488429157864],[-63.545284398934605,52.6488465031815],[-63.544886190257486,52.648777883501126],[-63.54465930716748,52.64863110013609],[-63.544323011370025,52.64853121065619],[-63.54340178510798,52.64847720934855],[-63.5428860721902,52.648349405779655],[-63.54260540712254,52.648340105221436],[-63.54230539991218,52.64844841432936],[-63.5416379890421,52.64893260038827],[-63.539868017229715,52.64951010081099],[-63.53939159367904,52.64952959189287],[-63.539171683783174,52.64950919695759],[-63.538833492507514,52.64931550184319],[-63.53833601036884,52.64922468931048],[-63.53789808988638,52.64927750789941],[-63.536706627132794,52.649930993765956],[-63.536605883063146,52.650197791900695],[-63.536244810537774,52.650451615660586],[-63.53574910935536,52.65058881542029],[-63.534909676088446,52.65076840065187],[-63.534064389260344,52.65080129415884],[-63.53255828562901,52.6509276023817],[-63.532371816745595,52.65090780004681],[-63.531335007046295,52.65088819732085],[-63.530724911599684,52.65090511328892],[-63.529990588073524,52.65060210149874],[-63.52974868442332,52.650357292696675],[-63.529735674140206,52.650218607002884],[-63.529985216559375,52.65005229820353],[-63.53082060913559,52.64981979897456],[-63.5311582878635,52.64963070745662],[-63.531362509948394,52.64930469108991],[-63.531584088683374,52.648767384413965],[-63.53182549216256,52.64862939959797],[-63.53174251610824,52.64855049939135],[-63.530298879764985,52.648893707316084],[-63.5300251002455,52.649010704719174],[-63.52978512045012,52.64964539272385],[-63.52986482540945,52.64991979870887],[-63.529538495746564,52.64988510143359],[-63.5293357877257,52.64992200713012],[-63.529080303948405,52.650727387598],[-63.528904913687676,52.65075260528606],[-63.52825361873496,52.65052849552507],[-63.527474914873366,52.650045502352974],[-63.52720440505598,52.64996710498263],[-63.526669414123326,52.64995690957252],[-63.526481007141655,52.6498434025438],[-63.52621050075177,52.64976500264814],[-63.525866306005916,52.64955889959123],[-63.52588471572483,52.64946160884753],[-63.526106794814574,52.64930700934351],[-63.52636369949363,52.64899831107042],[-63.52671838052232,52.649001002338444],[-63.52704651315726,52.64912939219423],[-63.52726031113285,52.64913749373385],[-63.52734059568739,52.64900870168087],[-63.52775302052067,52.649061298034816],[-63.52824960136207,52.64903809067094],[-63.52852741625847,52.648974191477436],[-63.52885089303899,52.64880120934336],[-63.52901851472389,52.64853559012552],[-63.528904079331745,52.64841530589193],[-63.527003016549216,52.64841189823954],[-63.52651870380689,52.64832530461612],[-63.52556710509508,52.64834388968621],[-63.52443269379189,52.647878604739546],[-63.52387089594759,52.64747701281417],[-63.52347067690454,52.64744900478217],[-63.52326079403591,52.647493897331046],[-63.52337979113713,52.64791559986694],[-63.523144589098656,52.647931497201654],[-63.52288859289428,52.64770270471489],[-63.52275628555379,52.64741100898479],[-63.522588290745134,52.647293794759726],[-63.52229441175399,52.647280107208225],[-63.522041895606385,52.647373008311426],[-63.52108111122916,52.64744031351566],[-63.52073190453187,52.64720148855762],[-63.520633893736616,52.64702461060233],[-63.52073549280781,52.64687178458446],[-63.52219911122651,52.64665939914915],[-63.522632781160674,52.64668799867982],[-63.52382618040901,52.64691420273686],[-63.52474740474282,52.646834002141816],[-63.52454200113404,52.646663192399885],[-63.5231772093659,52.646515112242206],[-63.52189270483915,52.64623819281977],[-63.5213323992753,52.64619910347764],[-63.520672014287186,52.64602359391296],[-63.520491618841234,52.64601610207263],[-63.51986628682522,52.646069395982444],[-63.519564501105215,52.64594960565149],[-63.51936989410517,52.64595809574154],[-63.51903929684382,52.64613918436676],[-63.51869960388066,52.64623449555581],[-63.51763251082893,52.64628749799841],[-63.51731418892819,52.64635878797522],[-63.516984806789985,52.64638510821415],[-63.516920010399986,52.64634311002753],[-63.51687390598386,52.646069413006565],[-63.51672400533833,52.64598919690896],[-63.51653762365368,52.6459692962411],[-63.516297188725396,52.646086904530534],[-63.51612291159506,52.64609170109249],[-63.51595279688584,52.64601520496252],[-63.51561741315196,52.64602920040695],[-63.515517885272054,52.64614130501646],[-63.515540415987246,52.64661399281231],[-63.51545608889781,52.64668979744911],[-63.51487639705186,52.64676828954746],[-63.51450061377935,52.64665530322736],[-63.51394111818648,52.64673009281788],[-63.51391770614872,52.64679481269227],[-63.51398538283357,52.64691009691791],[-63.5139841023663,52.64706478986944],[-63.51375792475803,52.64716639727623],[-63.51339011487424,52.64715940894764],[-63.5127156974437,52.6468655035106],[-63.51253429285355,52.646878396248],[-63.51222181291038,52.647096296328044],[-63.5121807062205,52.64737240902896],[-63.51258571020055,52.647567496543495],[-63.51240879535988,52.64788168571074],[-63.511978604002366,52.64817479709027],[-63.51194570773392,52.6484226068305],[-63.51210320378034,52.64874318744114],[-63.511883109839005,52.64885711102533],[-63.51131938640278,52.649013203441235],[-63.51016468018766,52.64920290795787],[-63.50911699671226,52.64965520988275],[-63.50855529360133,52.64977069990631],[-63.507872296009445,52.64977389747398],[-63.5072520950856,52.64972540167318],[-63.50682740915205,52.649782412461526],[-63.5066204220934,52.64990060274743],[-63.506156209151555,52.64994459385917],[-63.50594391091128,52.65016449875964],[-63.5055887140799,52.65043050211221],[-63.505027793383306,52.65065998618477],[-63.50445081216237,52.65081180041097],[-63.503288493726735,52.65076098917732],[-63.50230287797307,52.6505304028968],[-63.501387616333226,52.65010560747506],[-63.500843108066796,52.649761309069525],[-63.500344897262536,52.6495562104604],[-63.500000005464415,52.649504803944275],[-63.499360400533305,52.649305186657045],[-63.49888169826732,52.64898251335029],[-63.49860017519847,52.648859001876524],[-63.4961287890246,52.64875028598232],[-63.495444975498394,52.64863940243586],[-63.49481967469954,52.648175406802444],[-63.49439949767018,52.648016710490666],[-63.49387691586238,52.64789659095229],[-63.493455326136434,52.64789259627837],[-63.49277201571913,52.64803010640209],[-63.49104620364507,52.64800080868616],[-63.49049162078181,52.64810819324844],[-63.49002709696935,52.648286593168805],[-63.489749982602795,52.648464402089004],[-63.48941249499247,52.64890180644198],[-63.48904007586497,52.64911040136119],[-63.48693689108077,52.649639790941684],[-63.48524461340576,52.649993900164176],[-63.48400829229055,52.650332300401416],[-63.483037087070706,52.650468296696324],[-63.48228710794836,52.65047000094077],[-63.48097042510992,52.65017169319508],[-63.480263801894495,52.64985658897165],[-63.47933808222138,52.64963509959848],[-63.478698816972376,52.64956969120042],[-63.47766709290772,52.64958220702909],[-63.477249824596086,52.64949679619145],[-63.47703641616292,52.649354204169995],[-63.4771302799248,52.64909540279218],[-63.476242377594915,52.64879310244119],[-63.47611401038652,52.64868880684309],[-63.476216798830855,52.64851570690729],[-63.47659779970223,52.64852721125779],[-63.477045303052044,52.648674293501614],[-63.477378289818006,52.64883548955504],[-63.47766611570019,52.6488369928614],[-63.47816808788227,52.64871239085916],[-63.478533804985474,52.64837748875174],[-63.477968886276344,52.64817110519381],[-63.47790559260013,52.64797440089117],[-63.47766260766791,52.64788410825779],[-63.476955406362755,52.6478377925758],[-63.47653670974987,52.64790709562003],[-63.47615711457184,52.648123604053104],[-63.47580840412306,52.648515886664825],[-63.475626902399725,52.64852869298994],[-63.47526552179381,52.648399493312596],[-63.47525098143545,52.648167105943834],[-63.47560527946242,52.64792150137106],[-63.47610838973334,52.64777660337178],[-63.476167399443625,52.64767179013533],[-63.474830211645795,52.64751149709796],[-63.47444961125804,52.647365598879276],[-63.47416179644828,52.64736408672686],[-63.47412618204986,52.64740410708402],[-63.47414391706851,52.64757550819936],[-63.47469250019623,52.64783859312085],[-63.47480240376895,52.648040310222854],[-63.47479381317027,52.64820300994812],[-63.47449251336142,52.648331500006734],[-63.473402079160394,52.648314306574726],[-63.471172304261145,52.648067291587445],[-63.46979839439014,52.647967212695434],[-63.46869308189569,52.64785200461224],[-63.4682769761186,52.64774610132183],[-63.468158778581916,52.64760560278443],[-63.467809922589915,52.6477041461961],[-63.467773803922924,52.64765880632754],[-63.46758966649055,52.64742775944262],[-63.46751233337994,52.64737125485262],[-63.467393578697234,52.64727524567579],[-63.46712592513649,52.647145854380994],[-63.46694876635516,52.64707726110316],[-63.46671076987345,52.6470196644471],[-63.46666513096373,52.64701568633076],[-63.46634757857311,52.64698810968552],[-63.465847733870184,52.64697631853426],[-63.465145345830095,52.64702982013795],[-63.46464551941556,52.64701799978703],[-63.46425902795097,52.646983947392414],[-63.464096967381934,52.64694615084978],[-63.46368921254149,52.6467447550048],[-63.46341274567928,52.64669304047427],[-63.46299648007385,52.64661516960616],[-63.46238357880109,52.646558355337426],[-63.462038509402994,52.64656380121913],[-63.46176811801464,52.64667661614905],[-63.46079076091891,52.64667574825619],[-63.460606259729,52.64668234928075],[-63.46043655006021,52.64666275738878],[-63.46026212934371,52.646543313960294],[-63.459460445530816,52.64625880977224],[-63.459149597738296,52.64618755347512],[-63.45835777239538,52.646159806354056],[-63.45795921051467,52.64610110766865],[-63.45735069661327,52.64608710940672],[-63.4564757070262,52.64592334892237],[-63.45623781034615,52.645865751085864],[-63.45588823588922,52.64570414990709],[-63.45544231336649,52.64571775644807],[-63.45526571958075,52.645638950430765],[-63.454819471140574,52.64559560671423],[-63.4547030997101,52.645391751523995],[-63.454559467291304,52.645323757253585],[-63.45413342385553,52.64515249594562],[-63.453562715838075,52.64505780583015],[-63.45349091042082,52.64502379624244],[-63.45298214157937,52.6448977621269],[-63.45273060199944,52.64465460522397],[-63.45245852611488,52.6446737003101],[-63.452274571565425,52.64467009341106],[-63.45212385973157,52.64473429421549],[-63.451940052517074,52.6448549023581],[-63.45170683799047,52.644897110844326],[-63.451405145770295,52.644968550970084],[-63.45118174801015,52.644951950406195],[-63.451015109191246,52.64493851051468],[-63.450939225432215,52.64491864801262],[-63.450880459102855,52.64476480944012],[-63.45056819922761,52.64465683934193],[-63.45048266076966,52.644628714000135],[-63.45017814635812,52.6446267611089],[-63.45002660965861,52.644644157699965],[-63.449652555613895,52.64469173922594],[-63.44915032418594,52.644883401706686],[-63.448858188606486,52.644963156256864],[-63.44866416927377,52.64496136747856],[-63.44776434025321,52.64494974405575],[-63.447595222991175,52.64491994948735],[-63.44736250904007,52.64482785473638],[-63.4471078731641,52.64476984983406],[-63.44585500416621,52.64460056898039],[-63.44531781381905,52.64463071993425],[-63.44515939960788,52.64458890319595],[-63.44484811730599,52.644651967523195],[-63.44416290522733,52.6446953950462],[-63.44387190087029,52.644754795250954],[-63.443064894844255,52.6450117133372],[-63.4427855936034,52.64503874189162],[-63.442594361759774,52.64511029688237],[-63.44225077391408,52.64527655952839],[-63.44217766453534,52.64545430946827],[-63.44179204114323,52.64559125055746],[-63.44161119607315,52.645717962399196],[-63.44150925054821,52.64574651738873],[-63.44127520667669,52.64574184318752],[-63.440878301223854,52.645652558134174],[-63.440494378053394,52.64563475525885],[-63.44021454888923,52.645672004832676],[-63.439757346280985,52.64558356193827],[-63.4395729021468,52.64559005549063],[-63.43917381260403,52.645541443766916],[-63.438810602247415,52.645509863848716],[-63.43868535426241,52.64553586181019],[-63.43845511195864,52.645460003724104],[-63.437943348420234,52.64532770526718],[-63.437620273743995,52.645298911738976],[-63.43746211058647,52.645314101197904],[-63.43717712841603,52.64538585373579],[-63.43315315797596,52.64539560459975],[-63.43258011821367,52.645532859581685],[-63.432121550826324,52.6454077056504],[-63.43202448012746,52.645344711294335],[-63.431571198417274,52.64543340647654],[-63.43143745773208,52.64543070960129],[-63.431175141191986,52.64551511418996],[-63.43050609384522,52.645568999816774],[-63.430449129849634,52.645603858697676],[-63.430319196999775,52.645683355535624],[-63.429747268894616,52.64604860728995],[-63.42956042475014,52.64628720142087],[-63.42929864070664,52.64648560214613],[-63.429214292672626,52.64680971166837],[-63.42916531204819,52.64703675225475],[-63.42922510151021,52.647418698693556],[-63.42912010288786,52.64756524455748],[-63.42912834556894,52.648033689705436],[-63.429074468720074,52.64860066071497],[-63.42888809070871,52.64895321090813],[-63.428792213909965,52.64911824960001],[-63.428670763195626,52.64919731073458],[-63.42850219590448,52.64940565782905],[-63.428282391634816,52.64963340726084],[-63.427998702194145,52.649741802628746],[-63.42781424937157,52.649872505165824],[-63.42720410032125,52.650261460474184],[-63.42687267098704,52.65056467916927],[-63.42680620852266,52.65062546181464],[-63.42683442731457,52.650640727320976],[-63.4269363387517,52.65069591010477],[-63.42681793255391,52.65102950470373],[-63.42683245156642,52.6510705052401],[-63.42675518043123,52.65113820003017],[-63.42666250894389,52.65124226493181],[-63.42650726836485,52.65129146068135],[-63.42634233947089,52.65134374240299],[-63.42588651047498,52.65154029467244],[-63.42564418412956,52.65168820571277],[-63.42530838417319,52.651893261550256],[-63.4250553780555,52.65192891052659],[-63.424896694068295,52.651954262323386],[-63.42461107088501,52.65191191013193],[-63.424299072836995,52.65186091311152],[-63.424067483185375,52.6517483547515],[-63.423897016709425,52.65168185406034],[-63.42368478950854,52.6516429970855],[-63.42344929927033,52.65160165134146],[-63.422631032410585,52.651564965557505],[-63.42167521473248,52.65159681154414],[-63.421559251998524,52.651574118330025],[-63.42123469607749,52.651384400601806],[-63.421058184686906,52.65130554679177],[-63.42094032166709,52.65117355132101],[-63.42033018258932,52.650775859038575],[-63.42025567020802,52.65066850395469],[-63.41943159581258,52.64977426914502],[-63.418314936713685,52.650650048399065],[-63.41819349832636,52.650729108958046],[-63.41812061719863,52.650839609317806],[-63.41802684470633,52.65083976469079],[-63.41782179321718,52.65091709953337],[-63.4175391406741,52.65112931063781],[-63.4173014635696,52.65125281431164],[-63.41707966802046,52.65132984931147],[-63.416876783325314,52.65149069797249],[-63.416718310708866,52.65157305633578],[-63.41638467833696,52.65173740344548],[-63.41625011205046,52.65181211504831],[-63.41621750563292,52.651858261069904],[-63.416134712574326,52.65190340608274],[-63.416032944309976,52.65198889768273],[-63.41582512002053,52.65211710211022],[-63.415802088817856,52.6521716077262],[-63.415819295361864,52.6522859559323],[-63.415846135096515,52.65240865166409],[-63.41605223926874,52.652683602291276],[-63.41612854405245,52.65281807561315],[-63.41621117345864,52.6529637088666],[-63.41623615473228,52.653059907074564],[-63.416236110600536,52.65318410321086],[-63.416212442790496,52.653497194783775],[-63.41615265343192,52.65361206508132],[-63.41593794353021,52.65380525695551],[-63.415839241905275,52.65389689377025],[-63.41555358802995,52.653978747717176],[-63.41507678877641,52.654313299947646],[-63.41493392546031,52.65441630697138],[-63.41453353730507,52.65488476103425],[-63.41433308960378,52.65506195688776],[-63.414137889887655,52.65520460585735],[-63.41403448080449,52.65532065277143],[-63.41396538658353,52.65535996174692],[-63.413489941641004,52.65573116363967],[-63.413369260141295,52.655981265779616],[-63.41320164654236,52.65629349568733],[-63.41320161588806,52.656541912799035],[-63.41334488034705,52.656801306322954],[-63.413393390079825,52.65695700459454],[-63.413760698715876,52.657222955764304],[-63.41409451069579,52.65761240054896],[-63.41417317200718,52.65770560205732],[-63.41415939310837,52.65783565811615],[-63.414221598609444,52.657985545080464],[-63.414212220723435,52.65815841433207],[-63.414134899448484,52.65835025225888],[-63.41399583367362,52.65850631259832],[-63.41397689751211,52.65867085677014],[-63.41385643923961,52.65897795835888],[-63.41368690080789,52.65926370574678],[-63.41360845236466,52.65935170985591],[-63.41354430135032,52.6594236969907],[-63.41338690712742,52.65948570003602],[-63.41331915286114,52.65956171192289],[-63.41299831445785,52.65979755411871],[-63.41254472675121,52.660010415948705],[-63.41209198753503,52.660145915540824],[-63.411412000429955,52.66033587094126],[-63.410695788189095,52.66045180568996],[-63.410331109796196,52.66050760905521],[-63.410008646861755,52.66052560290805],[-63.40935475053049,52.66054302153788],[-63.409133879979194,52.660497613205905],[-63.40872885637152,52.66041436434555],[-63.40828908132471,52.6602487552323],[-63.40766240480433,52.66007325350312],[-63.40675003469093,52.65985539306054],[-63.40633413225203,52.6598063069605],[-63.40614114223206,52.65978405243096],[-63.4057594821741,52.659782507849236],[-63.40539210493194,52.6597649694784],[-63.40488290178994,52.65983006139387],[-63.40441319540204,52.65990814866922],[-63.40409152105412,52.6599729625252],[-63.40373067569247,52.66008174992977],[-63.40350561192931,52.66009555661648],[-63.403228607166085,52.66026301811979],[-63.402939187430256,52.6604730042159],[-63.40284318293199,52.66051386140505],[-63.40251353316324,52.660663997449305],[-63.40170923606104,52.660859563905845],[-63.40125644894824,52.6609950169296],[-63.40068874880437,52.66121160920824],[-63.3999060913689,52.66135545168471],[-63.39966044495845,52.661400597046914],[-63.3992228280825,52.661442665755054],[-63.39892125395523,52.66144670906116],[-63.397972228707694,52.661470303672125],[-63.39767014779848,52.66136034987445],[-63.396516035558896,52.661031646485654],[-63.396263032916664,52.660943051252104],[-63.39612384144013,52.660793648079775],[-63.39582099473182,52.66063685072417],[-63.395706794139144,52.66045946570694],[-63.39510029778691,52.66009901845383],[-63.39471436719752,52.65993036274861],[-63.39450944872914,52.65975925683948],[-63.39429868836856,52.65963279712853],[-63.394146054747075,52.65954626699641],[-63.39398602804582,52.65941064843801],[-63.39394633214783,52.659340591668624],[-63.393814309084846,52.65918320805279],[-63.39382151823649,52.65916789091366],[-63.393852179857916,52.6591025689744],[-63.39385009488314,52.659019004232334],[-63.393648139896186,52.65885406712634],[-63.39335736725958,52.658721953090634],[-63.39332100326646,52.65859091091747],[-63.39315517863444,52.65850000716534],[-63.39308484870876,52.65837845980651],[-63.39301057580236,52.6583280450023],[-63.39231987663009,52.658100298990476],[-63.3916917463246,52.6578310499393],[-63.391322022921734,52.6576729020844],[-63.39113704443601,52.65756529469728],[-63.39088948754685,52.65749920859636],[-63.39055974722561,52.65746805324223],[-63.39038152700787,52.65741964534892],[-63.38970238742837,52.657226718846516],[-63.38945333658824,52.65706696466155],[-63.38927105351071,52.65703271309677],[-63.389188330407826,52.65695366338304],[-63.38907894957235,52.656933114648],[-63.38891615299594,52.656848362568084],[-63.38875195867881,52.65685115073706],[-63.3882924980259,52.65680316001647],[-63.387892127909936,52.65689885329727],[-63.38729748895345,52.65693564586169],[-63.386841029222026,52.65719922081944],[-63.38683632919533,52.65722354958486],[-63.38680173799083,52.65754866206542],[-63.386513939023345,52.65772811423539],[-63.38611755850426,52.657933863210644],[-63.38604229064565,52.6583904621086],[-63.38603068163354,52.6584798111269],[-63.38599826028376,52.65858295663243],[-63.38561748059524,52.658809417651646],[-63.38556944702606,52.658891907756825],[-63.385572315025136,52.65902226404139],[-63.38548179770552,52.659085567705986],[-63.38545678460726,52.65911356997955],[-63.385452964848035,52.65911744475289],[-63.38518369129054,52.65939106939361],[-63.38489143323038,52.659651866366126],[-63.3848360364134,52.65968536025949],[-63.384760532019186,52.65977950096546],[-63.384698284979244,52.66005924542598],[-63.38394563085902,52.660349368007076],[-63.38379466264071,52.66042060318569],[-63.38325457146845,52.660675363940975],[-63.383189023747754,52.66071065278525],[-63.38256848236644,52.66103402303434],[-63.38029128216513,52.662224296122226],[-63.38025192228191,52.66290496563558],[-63.38027620052265,52.66349795054377],[-63.38027454427208,52.6635284490446],[-63.3803771817368,52.66367104921311],[-63.38055145285248,52.66379066635676],[-63.380552429505485,52.663894514233256],[-63.38060177437247,52.66415410224842],[-63.38061900105015,52.66444971520232],[-63.3806477508404,52.6644746997879],[-63.38074479117336,52.66471902481568],[-63.380686135728126,52.66517594525263],[-63.38088527732354,52.66539176117378],[-63.381133865926934,52.66556175551057],[-63.38118289563148,52.66558311423904],[-63.381494351445916,52.665644424046384],[-63.381661438937925,52.66577200611229],[-63.38172554339444,52.6658242490918],[-63.38219119349443,52.66606585459834],[-63.38223691479461,52.66614821038096],[-63.382591881303426,52.666513810822195],[-63.382905275892455,52.666782860872196],[-63.38352373314827,52.666986808435986],[-63.383651090613796,52.667071482758246],[-63.38380163580209,52.66717161114741],[-63.384448470666236,52.66746781068435],[-63.38515078067983,52.667730499486765],[-63.385297499253966,52.66782376612574],[-63.3850883779522,52.6681343938425],[-63.38570472540347,52.668560256487645],[-63.385964579661405,52.66870804654653],[-63.386188732283905,52.6688959216914],[-63.38752797148601,52.66963777778714],[-63.3888672620773,52.67037961831602],[-63.38897877441264,52.670483712186936],[-63.38923911881618,52.670745573070995],[-63.38937868747393,52.67100901067945],[-63.389400542875464,52.67109901610518],[-63.38970292070108,52.67157143356745],[-63.38900023028793,52.67338981330642],[-63.38929640175408,52.67379286112088],[-63.38945914033776,52.67400182024265],[-63.38947890471389,52.67406089788797],[-63.389591473703454,52.67439745303464],[-63.38987758091989,52.674678163294935],[-63.389977346458785,52.67481456471692],[-63.39014175919109,52.67484709506933],[-63.390252394168336,52.67486900448979],[-63.390314566167085,52.67489471001759],[-63.39055654985362,52.67488131455945],[-63.39073649927216,52.674899224913766],[-63.39085711634027,52.67489756642997],[-63.391561186362864,52.6752539098868],[-63.39193508078435,52.67552209773126],[-63.39205490300488,52.67559785871156],[-63.39238641972019,52.67572265628935],[-63.392647458528415,52.67585010335151],[-63.3928130000857,52.67600820581564],[-63.39294180780272,52.67610245264714],[-63.39305873928875,52.676353269668475],[-63.393046030424024,52.67646295353078],[-63.39303354019062,52.67662967182641],[-63.39300027345687,52.67668601988274],[-63.3927755443181,52.67681381485241],[-63.39260949832863,52.67697131367764],[-63.39255239767156,52.67703530193752],[-63.39231162582457,52.677420568025944],[-63.3922256882835,52.67755812096787],[-63.39261747916402,52.67778326398866],[-63.39548335741939,52.67943011476452],[-63.39761513027319,52.68063992336545],[-63.397870933179796,52.68080193092055],[-63.3985372694161,52.681913558453935],[-63.405861327714526,52.68277716105692],[-63.40633365990587,52.68308800992113],[-63.40677666268625,52.68313561355829],[-63.40823313284524,52.68327886574248],[-63.40842089961186,52.683584010501114],[-63.409086914664705,52.68378267585388],[-63.40936396712288,52.68386355471569],[-63.40954169695985,52.684046300449516],[-63.40996796419296,52.68434195750872],[-63.41029164588737,52.68442786313454],[-63.410569457872626,52.68467982250878],[-63.410524664113005,52.68494976583359],[-63.41138434169687,52.68528465535328],[-63.41150891866005,52.68533600620383],[-63.41172585206999,52.68547476835802],[-63.41183805783858,52.68556865943545],[-63.411970872075706,52.6855916649998],[-63.412121713627506,52.68577590653127],[-63.41230882146047,52.68578581263418],[-63.412682658362215,52.686121106363416],[-63.413100165061394,52.68633106106611],[-63.41313855903563,52.68648862951057],[-63.41334510780286,52.68669640553086],[-63.413486959962,52.68673790605458],[-63.413928114586284,52.686758968402586],[-63.41450914469309,52.68704346753964],[-63.41497170737954,52.68728895480004],[-63.41511458723644,52.68731015849892],[-63.41517934002855,52.687352166507715],[-63.41573925439526,52.687717658426216],[-63.415887925792546,52.68794261454167],[-63.416155963213455,52.688129222983626],[-63.416714831722196,52.68814241589582],[-63.417551914104145,52.688588769953164],[-63.417709949046674,52.68864080462776],[-63.418342330298536,52.68903016279951],[-63.419263640995354,52.689592267712065],[-63.419993210022966,52.68992041073376],[-63.420841051764725,52.69035477040965],[-63.421655395894,52.69078846999349],[-63.42174646106282,52.69096336526167],[-63.4222332562337,52.69113392139824],[-63.422554060150695,52.691213620955466],[-63.422940108710314,52.69120097823723],[-63.423325061846526,52.691208664741836],[-63.42359068581795,52.69125465949509],[-63.42408355188007,52.691313370720884],[-63.424461938136055,52.6913188507415],[-63.424673741873185,52.691367905916366],[-63.42526723786054,52.691485608620745],[-63.42550876960474,52.69160645432192],[-63.425707692812296,52.69183234967197],[-63.42587864536707,52.691955903123244],[-63.426121784748034,52.69204626931416],[-63.42616600913788,52.69215911371704],[-63.426491331501076,52.69224807288673],[-63.426613899715655,52.69280336262056],[-63.42662430242712,52.692858564800616],[-63.42732294792555,52.69295390421767],[-63.42765334602838,52.69304191347869],[-63.42792837018669,52.693287663276145],[-63.42827854197749,52.693630604075835],[-63.4284857319277,52.69399383635382],[-63.42869595904787,52.6939077092532],[-63.4293904996351,52.69389302134323],[-63.429649016634805,52.693947017040685],[-63.42974260143202,52.69401404819124],[-63.429957795963894,52.694126252009355],[-63.430185854619715,52.694185763977806],[-63.43024787006138,52.694278666695325],[-63.43037026087291,52.69437067042369],[-63.430633733714366,52.69445736767708],[-63.43132344453029,52.69490680567568],[-63.431699166227084,52.69508736175651],[-63.431933262642126,52.695283419449396],[-63.43271271718569,52.6954984213495],[-63.43310412231987,52.69569965788666],[-63.43366945750352,52.69590630061719],[-63.43411135703556,52.69616555258766],[-63.43431995109397,52.696275616770315],[-63.434613382178675,52.69636695675785],[-63.434759381693596,52.69651851431806],[-63.4349342684055,52.69669506618179],[-63.43506632633442,52.69679541184693],[-63.435616655509946,52.697095457536925],[-63.435818368429466,52.69714626851306],[-63.43616699323172,52.6973955005913],[-63.43695590945396,52.6979344640782],[-63.43788281655189,52.69833765612082],[-63.43825807779571,52.69852836166292],[-63.43838160869871,52.698600060599794],[-63.438575943024745,52.69872605760802],[-63.43874781486799,52.69889641224972],[-63.43881072628132,52.6990361656274],[-63.438969473342254,52.69932646946479],[-63.43917703919834,52.699581010739024],[-63.43926355947214,52.699656004316275],[-63.43948094829405,52.69972751650905],[-63.44001050118658,52.70004139725283],[-63.44038995044961,52.70034211144088],[-63.440465177082096,52.70043930737319],[-63.44076885936433,52.70077722108454],[-63.44081919983096,52.70102667133443],[-63.44110971388769,52.70123602686852],[-63.44154685715998,52.701586748462994],[-63.441555944432245,52.70172945701184],[-63.44215486522056,52.702376624766885],[-63.44284324721727,52.70298076066413],[-63.44296496169172,52.70315016802344],[-63.44300345556748,52.703307721829674],[-63.443020785507166,52.70342211697151],[-63.443171301382435,52.703616459834414],[-63.44334210740042,52.703682961461276],[-63.44353485693171,52.70383947754631],[-63.44350226416787,52.704009876591115],[-63.443638858967425,52.704401506550035],[-63.443637023037674,52.70449927800115],[-63.44372861504067,52.704855402126945],[-63.44412639445438,52.70544157252027],[-63.44421289884936,52.7055165520246],[-63.444500089446834,52.70566271680113],[-63.444476486752556,52.705727420765825],[-63.44435277824726,52.705847164136635],[-63.44438654593651,52.70590486192281],[-63.44441954247382,52.706039907047725],[-63.44443691483462,52.706154255942835],[-63.44458252408369,52.7063159633144],[-63.44459335519538,52.706552407853046],[-63.444734231080965,52.7066142582814],[-63.444630821804466,52.7068545095663],[-63.444896467342176,52.70721612835115],[-63.44456602626339,52.70816934277162],[-63.444145961305495,52.709380932364425],[-63.44676996828142,52.7104298108508],[-63.447041052925066,52.710689674928915],[-63.44713666823013,52.71078315954655],[-63.44737504569924,52.71096501668816],[-63.447636057112696,52.71122670430117],[-63.447668472023004,52.711247728753726],[-63.44773531508829,52.711282952347304],[-63.44798156054394,52.71141270987528],[-63.44857469255579,52.71160767044743],[-63.44875922811506,52.711668313283326],[-63.44899287152762,52.711750309010625],[-63.44964473224955,52.711850722287494],[-63.450134598598574,52.711970322890984],[-63.45026860797687,52.711972949455046],[-63.45035696143937,52.7119502678942],[-63.45050467562064,52.71194707713693],[-63.45066710783977,52.711793461838916],[-63.45100175900954,52.711743010178566],[-63.45110882241002,52.71174711039816],[-63.45136714720267,52.71174406213255],[-63.451535499166006,52.711794223119995],[-63.451704912266656,52.711824017015765],[-63.451841171530404,52.71191017083214],[-63.45190078173907,52.711986713150914],[-63.452238173826515,52.71232533044681],[-63.45234875335043,52.7126410722993],[-63.45235630018623,52.71281426487765],[-63.45259666150805,52.7130226586692],[-63.45288769206939,52.71341326989498],[-63.45302621252346,52.713582952199026],[-63.45313564912785,52.71379486706459],[-63.45327893053685,52.714064407842336],[-63.4534149113707,52.714217749829295],[-63.453512806502665,52.714394817530675],[-63.453773133436414,52.71441826396453],[-63.4538385127798,52.7144500560727],[-63.453945471115475,52.7146456764153],[-63.45409683774234,52.714762660443654],[-63.45422561490213,52.71479980174975],[-63.4545260385127,52.71482611373341],[-63.45472266576861,52.71491142190666],[-63.45489103426961,52.71496151980977],[-63.45497075998462,52.71510155116041],[-63.45504557040884,52.71520892374421],[-63.45512662456276,52.71526142157896],[-63.45519584662145,52.71534632034739],[-63.45535596874518,52.71542475692682],[-63.45543322973343,52.7155484704486],[-63.455491462584625,52.71558830331564],[-63.45597882078592,52.71588296757452],[-63.456327867593004,52.71594071486207],[-63.45646575002351,52.71599635941291],[-63.456549342573986,52.71618941588601],[-63.457264064760324,52.71681227892157],[-63.45758522447588,52.71701611920286],[-63.45782266898131,52.71721827608458],[-63.457932199942974,52.71723876867375],[-63.45801877768648,52.717313773983754],[-63.458161291240835,52.71734506915438],[-63.45856970933228,52.717422319474885],[-63.45896737475983,52.71751157914856],[-63.459143430327934,52.71754351486713],[-63.45923654716117,52.717620708273536],[-63.4593249888043,52.71791361064463],[-63.45952347899568,52.71790120444339],[-63.45967101181083,52.71796515542714],[-63.45988085298811,52.7180548082484],[-63.4602845233977,52.71803216910807],[-63.460912080265054,52.71815037824336],[-63.46113513411705,52.71816541077087],[-63.461293310138,52.71821737279034],[-63.461962475455834,52.71826252466717],[-63.462498829388885,52.71833001155401],[-63.46283633456236,52.718352914465775],[-63.463357249604755,52.7186482230257],[-63.46352505189374,52.71870851520913],[-63.4636806045269,52.71881132221033],[-63.463914375354484,52.718948864584654],[-63.464844763357746,52.71949633318342],[-63.46798243086614,52.719779025474836],[-63.46824387520371,52.719782103532694],[-63.46853447771914,52.71986715185591],[-63.468751666718376,52.71988161304569],[-63.46885308533481,52.719930410706276],[-63.46907068167537,52.72000187681924],[-63.46944558664844,52.72007841198358],[-63.46958438989162,52.72018092042875],[-63.46989006843082,52.72048820567847],[-63.47018947562189,52.72053480599],[-63.4702702285102,52.72053025154258],[-63.470740022596665,52.720462027044334],[-63.4712618496451,52.720349355951726],[-63.47151008122224,52.72029576354734],[-63.471616884186034,52.720051426508036],[-63.471732555335535,52.71989281975769],[-63.47189026399135,52.71976352843715],[-63.472634519609336,52.719578403347015],[-63.47275960952917,52.71949530680275],[-63.4733399816554,52.719618624578],[-63.473385623078904,52.71964391183671],[-63.47401686478292,52.719566605871954],[-63.474289873847894,52.71960451423208],[-63.474501575158094,52.71959640787663],[-63.474817171778604,52.719462024341844],[-63.475114575773055,52.71948205165921],[-63.47536885216741,52.71949312036694],[-63.47555171899889,52.71946002598105],[-63.47577252851899,52.71947042144704],[-63.47668848916266,52.71959000988922],[-63.47733533029941,52.71972471630378],[-63.47755132070513,52.71982665844156],[-63.47821623645245,52.719874206298385],[-63.478204289525785,52.71997377667271],[-63.47836890122642,52.720095067426634],[-63.478475821654825,52.72016635308949],[-63.478779274970954,52.720198706492425],[-63.47887819088043,52.72023116593804],[-63.47908118678575,52.720261575218736],[-63.479214694432414,52.720274360332624],[-63.4794629534691,52.72027305925678],[-63.47980826834929,52.720401958995424],[-63.48041524198115,52.72027521165993],[-63.481104929116825,52.72036187884303],[-63.481341084472724,52.72033592416662],[-63.481996329159266,52.72037507033806],[-63.482651575174025,52.72041421241521],[-63.48274854719384,52.720420155432265],[-63.48289932199346,52.720423075283755],[-63.48313062991642,52.72048865618658],[-63.48347437004575,52.72045661553458],[-63.48354756661613,52.7204030655078],[-63.483606926293746,52.7202311282208],[-63.483413932594054,52.72007467861217],[-63.48337777524672,52.71993346058334],[-63.483376111161135,52.71977256821296],[-63.483142631080206,52.71955626778219],[-63.48313283438673,52.71942371645172],[-63.48318827020497,52.71939017603791],[-63.48338001943085,52.71905985005147],[-63.48385618912886,52.71906097889428],[-63.48420703710428,52.71921231370727],[-63.484490723238636,52.719238159416925],[-63.4846924780008,52.71935612728143],[-63.485325345132544,52.71963100888839],[-63.48647671027752,52.71970618842961],[-63.48762807990445,52.71978135533177],[-63.48772664505447,52.719756823351325],[-63.48779543344558,52.719851815605296],[-63.488011074465,52.71989671847446],[-63.488174315477,52.71998132024951],[-63.48844893140548,52.719988605056365],[-63.4889350600784,52.72005501384853],[-63.489423561112694,52.7202049620357],[-63.48968474796013,52.720342366395265],[-63.4897972243304,52.72043614848663],[-63.49007933274617,52.72049250776784],[-63.490389032709,52.72047001931455],[-63.49060306832237,52.720545352730575],[-63.4912177162767,52.720591876133476],[-63.49146646921188,52.720580397934484],[-63.491586446690754,52.7205318110879],[-63.49188693860963,52.72055795818924],[-63.492242764797865,52.72055056013484],[-63.49235460613122,52.720463113927494],[-63.49248669343803,52.7204391739191],[-63.49274547622424,52.72049301786072],[-63.49305203371681,52.72053147379366],[-63.49346338779085,52.72068197051404],[-63.493803273398996,52.720788304263934],[-63.49389743942585,52.72091227757061],[-63.49398354650987,52.7209974148678],[-63.49423146767899,52.72113045993535],[-63.49434857898082,52.7211999228038],[-63.494609345501495,52.72128030957833],[-63.49489592775774,52.72137952035006],[-63.495108449492754,52.7214854194375],[-63.49545262819283,52.721701756694095],[-63.49558078065815,52.72181622251478],[-63.49562070495824,52.72188621844899],[-63.495660139907365,52.72196642126094],[-63.495835030931644,52.72208586606471],[-63.49580244183741,52.722132069601805],[-63.49585328423266,52.72231426004318],[-63.4958044697417,52.72234995851262],[-63.495925256190056,52.722820665539196],[-63.49579112525783,52.72286287153771],[-63.49573516727099,52.72290661464003],[-63.49566088791233,52.72298055372287],[-63.495659549984765,52.72313525663495],[-63.49570027413084,52.72331932398506],[-63.49581527887598,52.72342945216609],[-63.49632670826715,52.72378347322331],[-63.4970877790278,52.724240001562286],[-63.497314513804255,52.724329866744526],[-63.49754496689394,52.72434851225292],[-63.49774707939147,52.7243320630344],[-63.49801834223679,52.724276217784585],[-63.49835865684316,52.72418091886689],[-63.498788580730825,52.72423397325918],[-63.49954402569752,52.7242647711452],[-63.501026906429644,52.724298012198],[-63.502434313921356,52.72335449361568],[-63.50264670500573,52.7232690134191],[-63.503097517475844,52.72324100260575],[-63.50389537533385,52.723378401275674],[-63.504171581029475,52.72335519746056],[-63.50440608264008,52.723359697217184],[-63.50473429033135,52.723239684250764],[-63.50491510059317,52.72324719268529],[-63.50547961225439,52.72322550710927],[-63.50597432213265,52.7231289951988],[-63.506502995684784,52.723281701483145],[-63.50744041931201,52.723702796279056],[-63.507663596425544,52.72379670244065],[-63.50832637757987,52.72395190592395],[-63.50857701449123,52.724034090203716],[-63.51010279396814,52.72475148969042],[-63.510323711168716,52.725020415626645],[-63.51069730705178,52.725060212066005],[-63.5110930128131,52.72518989688697],[-63.51126459384035,52.725246107148386],[-63.512068112149734,52.725716657974544],[-63.513795248974695,52.725531086720885],[-63.51466444362878,52.72426113296758],[-63.51711474069804,52.72342386130959],[-63.519107903228715,52.72362833280712],[-63.521104535240774,52.72424747706112],[-63.52210129281398,52.72405612965444],[-63.52457438709797,52.72503356049381],[-63.526349961149485,52.72537495352717],[-63.52937874041037,52.7251988999718],[-63.528365181194395,52.727353774268046],[-63.52858502819602,52.72793248003549],[-63.52890923843254,52.72878589712534],[-63.53849238864485,52.7341509509598],[-63.539423489636086,52.73432641661787],[-63.54150954951598,52.73471949248964],[-63.543592947868355,52.734362332542474],[-63.54424841284528,52.734965781652804],[-63.54554693449834,52.73500845778564],[-63.55096281533565,52.73801808597955],[-63.5532810179989,52.740410568765306],[-63.558007578523814,52.74550145127153],[-63.55780680567537,52.7458449707682],[-63.55919654665508,52.74751338304649],[-63.55939521027791,52.74849148393132],[-63.56009659702885,52.749352796066155],[-63.55999799721199,52.749444710024356],[-63.559931788060254,52.74969189180446],[-63.5599774101936,52.74985159390338],[-63.56055150297105,52.74991521025355],[-63.56604554931197,52.75429836391887],[-63.56962469804269,52.7568242291784],[-63.57105889556259,52.757329350647616],[-63.57377390402102,52.75795999020771],[-63.57373219603158,52.75825649120866],[-63.57401558557863,52.758762806052],[-63.57439657437654,52.759197503512944],[-63.574399598790265,52.759270785975154],[-63.574563192051436,52.75948970435537],[-63.57455710965115,52.75961181396786],[-63.574638295869505,52.759711472727986],[-63.574648457510335,52.75977682076357],[-63.57479530528169,52.75986097672829],[-63.57484813718599,52.75994546325049],[-63.5749517695035,52.76002066652171],[-63.57507364113329,52.7601329246551],[-63.57517934729913,52.76016746658468],[-63.57525100344792,52.76021155391223],[-63.57543391725629,52.76044711984043],[-63.57559042520126,52.76060682013791],[-63.575613821320104,52.76067648426139],[-63.57566106407781,52.76073840646212],[-63.57570627511736,52.760841059235126],[-63.57577429929826,52.76088916670364],[-63.57586122238551,52.76096406031215],[-63.576569310797595,52.76120319858513],[-63.57727746513836,52.76144231994967],[-63.5775513651957,52.76160417438778],[-63.57768807920188,52.76162301329861],[-63.5778064590681,52.76167201984537],[-63.578279617310706,52.761676680791204],[-63.57848543173382,52.76172321784805],[-63.57879236511004,52.761761474272795],[-63.579127780113986,52.76183481691755],[-63.57919637407172,52.76187271278156],[-63.57932951343908,52.76189555782316],[-63.579496683374636,52.76190882111245],[-63.57959577238661,52.761941212734115],[-63.57997897527949,52.76193196076182],[-63.58013241174784,52.76201826805619],[-63.58034536066993,52.76219121660798],[-63.58203185989144,52.7631860272249],[-63.582860463258235,52.76291971512295],[-63.5831821342321,52.7628309196352],[-63.5834148908866,52.76274151855397],[-63.58352211378856,52.762711919613245],[-63.58356737925882,52.762680172319776],[-63.58362787956519,52.7626792775872],[-63.58386619086222,52.762612370003595],[-63.584018661449704,52.76251742411918],[-63.584167514817764,52.762426417133675],[-63.58544365776251,52.76282257063667],[-63.5864159040015,52.763388272391325],[-63.586561255045225,52.76350291185706],[-63.58678288980646,52.76363732068531],[-63.5869455213061,52.763742115443925],[-63.586984177881995,52.76384262984504],[-63.58715190367344,52.76398012723027],[-63.587266261292584,52.7641105276345],[-63.58740757605615,52.76423938324523],[-63.58754482945708,52.76431523395277],[-63.588178103739146,52.76474431040412],[-63.588383756783465,52.764749401373095],[-63.58847536212361,52.76457252649195],[-63.58890871439988,52.76457144584966],[-63.590639699858016,52.765055373148805],[-63.5972484671854,52.767209365206746],[-63.597568157761174,52.76726200876543],[-63.597633746849574,52.76729377395228],[-63.59777860743458,52.76728422109107],[-63.59790466341869,52.7673150138333],[-63.598136408372454,52.76731312697106],[-63.59822530304413,52.76728011965662],[-63.59830667884546,52.76726527960236],[-63.59858868638624,52.76712991897611],[-63.599121318178454,52.7670867092495],[-63.59943592404218,52.76703946797897],[-63.603331101612696,52.76662352747978],[-63.60544706584487,52.76776581795666],[-63.60575721306172,52.767944560133],[-63.60587215120851,52.76799756746007],[-63.60606070184877,52.76805396919284],[-63.60664383588975,52.76828041762798],[-63.607100318789776,52.76835181013708],[-63.60725084592921,52.76843197155097],[-63.607543196934834,52.76856356610606],[-63.607707924372015,52.76862763268757],[-63.60772317905569,52.76865842413602],[-63.60783602877222,52.768684927665426],[-63.60804600900682,52.768784470404526],[-63.608122272429725,52.76880415536644],[-63.60829968496408,52.76881550793229],[-63.60848417003212,52.76881887732199],[-63.608719630041,52.769014556570674],[-63.60876540012325,52.76903981181738],[-63.60876697550732,52.76914371155915],[-63.60897749819468,52.76923306615643],[-63.608943486172635,52.76930981097111],[-63.60900918425521,52.76947598019817],[-63.60932645094443,52.769579471106475],[-63.61161719257103,52.770003367435145],[-63.61422197584004,52.76948876180878],[-63.61594084439032,52.77024095043108],[-63.61653729109977,52.77091357979985],[-63.616755918851986,52.77104171769428],[-63.616839854947074,52.77104321414674],[-63.61700352249126,52.77106040413592],[-63.61715292226227,52.77102646638016],[-63.61723580784283,52.771048370181504],[-63.617403087598596,52.7710615610655],[-63.61746867917776,52.77109327952449],[-63.61751703566486,52.77113485864658],[-63.61757099003564,52.77119896562224],[-63.617576786976876,52.77142312836403],[-63.617584460315484,52.77153932421113],[-63.6176989229056,52.77166965954681],[-63.617681742412394,52.77174676702971],[-63.61768183417524,52.771813966807436],[-63.61764122769199,52.771888605991116],[-63.617647375169575,52.77196812482999],[-63.61739996175509,52.77215101699666],[-63.6173954844717,52.77224256380424],[-63.61763988741734,52.77355707159043],[-63.61830697420395,52.77714477917702],[-63.618339093301934,52.77724308401086],[-63.61840782493282,52.777415382175334],[-63.61857789777625,52.77764656115755],[-63.618584675915336,52.77785035567096],[-63.61864317116477,52.77789010474513],[-63.618647681182864,52.778036008692176],[-63.61857517205703,52.77804366257187],[-63.61870364281647,52.77836982030128],[-63.61873582070104,52.778535373390056],[-63.61873943099911,52.77859857697913],[-63.618818316712876,52.77870181946388],[-63.618878416673404,52.77877821054804],[-63.618956733112036,52.778824484430906],[-63.619219234022594,52.77901858158535],[-63.61923098533362,52.77905336977148],[-63.619402925390034,52.77917666072295],[-63.61944625011837,52.779252820022194],[-63.61946457571604,52.77928976412763],[-63.61944594071336,52.77946456460201],[-63.61942459348255,52.77948862243633],[-63.61913179303747,52.77950168081421],[-63.619119008504526,52.77948721910758],[-63.61887247502811,52.779515353776276],[-63.61877791296622,52.77952586371077],[-63.618675267337316,52.77956477671758],[-63.618629571708915,52.77960672630517],[-63.61856508890672,52.77968908495298],[-63.61856109151733,52.779770459319934],[-63.61857147343552,52.77989077942237],[-63.61857983992871,52.77989616026579],[-63.61595694781886,52.79063792275227],[-63.615745167959425,52.790736822907135],[-63.612241393838566,52.792372863053764],[-63.61139965318537,52.79240702727542],[-63.610250875960915,52.791967256465],[-63.60888760467627,52.79110569752094],[-63.606698506127096,52.7909357947833],[-63.60605071525782,52.79102095254995],[-63.605948812319134,52.79150377078472],[-63.605487659106075,52.79225910687086],[-63.60295868772808,52.793942782245146],[-63.59539896652582,52.79427750124948],[-63.596511932993,52.79557072442351],[-63.60180866380384,52.80172403601941],[-63.602922295198034,52.80367287546823],[-63.60185294453956,52.80429012944293],[-63.59989097811869,52.80408046180482],[-63.59956226154851,52.80404532819082],[-63.59735857782002,52.80521371407246],[-63.59577087964853,52.805592581276045],[-63.595842085065165,52.80600599051793],[-63.595917476099075,52.80624770374924],[-63.59592668582173,52.80660230686556],[-63.59611244073727,52.80772137584983],[-63.59380724619519,52.80795518561079],[-63.593444305624935,52.80812427352346],[-63.59204748404331,52.809051224651846],[-63.59540591821433,52.81571778954668],[-63.59974758284299,52.82431890920779],[-63.59941380069098,52.82454098949109],[-63.59932338008194,52.8251422026192],[-63.59875149963552,52.825689890311374],[-63.59850306837467,52.82583683988801],[-63.59781608728105,52.826243191809624],[-63.59754750147099,52.82650718994279],[-63.59675823456496,52.82681278046699],[-63.59534739862079,52.82652410937015],[-63.59535039490756,52.8263286907829],[-63.595117202765366,52.82614918754387],[-63.59499190947841,52.82609811661056],[-63.594239507122744,52.82608030825599],[-63.59036458093221,52.83042140455446],[-63.5904493226707,52.83142109242937],[-63.59002834315958,52.83253946993322],[-63.58848711079094,52.83521213340578],[-63.584915279472604,52.84140452729183],[-63.589320202149345,52.84339379687269],[-63.58978879259712,52.84359410859101],[-63.59025538448872,52.84408739740147],[-63.59067621231743,52.844286605480754],[-63.590707689784615,52.8443279011392],[-63.59082080681244,52.844354416361384],[-63.59105410397321,52.844533798559105],[-63.59123949792398,52.84472869957805],[-63.59140869209923,52.84511479460387],[-63.59141888239936,52.84531460896343],[-63.5910951009192,52.84560201477711],[-63.59116451003462,52.84610030438071],[-63.59101905884995,52.846293646117225],[-63.5909770919158,52.84634940667584],[-63.59095679328806,52.846487608128434],[-63.591361195262074,52.84687790811482],[-63.59144887677912,52.84700990304026],[-63.59144889149921,52.847144308902806],[-63.59156611085485,52.84735830468523],[-63.59170261926466,52.84745449797379],[-63.5917076882641,52.8474871971757],[-63.59194409931542,52.84760560073179],[-63.59208360036232,52.84764070011402],[-63.592457498557096,52.847835000878284],[-63.59249531003417,52.84815749911757],[-63.592552389178714,52.84822778836251],[-63.593090309913634,52.84850649856879],[-63.59361810249454,52.84885429594705],[-63.59369558095846,52.849055298940755],[-63.5938361870322,52.84933899551796],[-63.59417047206429,52.849654705437494],[-63.594799111084185,52.85000430778367],[-63.594977498951195,52.85020720019316],[-63.59520162090263,52.85030089524425],[-63.595376918581884,52.85043039351399],[-63.59535961943558,52.85050750333806],[-63.59519361074666,52.8507326166305],[-63.595206906207295,52.85087139671046],[-63.59529860300159,52.850921896011485],[-63.59530270728564,52.85097500630722],[-63.5953810812736,52.85102120322044],[-63.59538621114538,52.85105389027188],[-63.59612091686956,52.851438004158744],[-63.597023817613206,52.85209409506617],[-63.597591301588416,52.852320308508695],[-63.597744113656965,52.852359808038415],[-63.59789291252144,52.852480592523605],[-63.5978971150618,52.85266809860355],[-63.59803871470979,52.85279700798165],[-63.59845438782552,52.85282900290641],[-63.59870408179817,52.85308609303348],[-63.59904148047266,52.85334080016245],[-63.59919160631033,52.85411351491027],[-63.59926199929979,52.85432260610459],[-63.5996186839788,52.85459390355742],[-63.59962381792419,52.854626590731286],[-63.59978443592947,52.854686315247626],[-63.60052258925159,52.85496068303977],[-63.60120219867403,52.855099306055045],[-63.60155778939216,52.85525648458134],[-63.60178210733929,52.8554846911585],[-63.60205528894349,52.85567698497315],[-63.6023079905425,52.8557386917608],[-63.602786777328184,52.85571879956489],[-63.603368392765105,52.85539120312812],[-63.60367511145819,52.85531529396508],[-63.6039838001221,52.85533311016051],[-63.60478891748368,52.85565739281497],[-63.60549298860409,52.855845300389866],[-63.60705640423967,52.856488801109634],[-63.60707371682941,52.85654620262743],[-63.607761689945136,52.856925298476874],[-63.60782900017847,52.85692651086638],[-63.60887990912629,52.85758921538168],[-63.60894720394505,52.85759050871321],[-63.609295723744836,52.857755694056486],[-63.61036579205911,52.85803170883592],[-63.61077761249166,52.858279492323625],[-63.610945097500895,52.85870620801677],[-63.61092799314951,52.85905220105072],[-63.61114209873078,52.860579800931596],[-63.610983510018755,52.86106581617923],[-63.610776914766284,52.86143289126187],[-63.61042400338304,52.86231061413431],[-63.610405790294976,52.862542506596576],[-63.61017889884967,52.863047608007996],[-63.60925239820643,52.864224598366704],[-63.60916899242764,52.864414605410914],[-63.6090694046367,52.86449630576852],[-63.60904270405186,52.864518206700964],[-63.608926608975906,52.86468730061805],[-63.6089293980587,52.864913606195266],[-63.60893202017879,52.86512329546911],[-63.608851692618906,52.86538668786558],[-63.608692515338554,52.865546081230676],[-63.608540007709756,52.865698809319774],[-63.60833827839182,52.86582960747256],[-63.6080768206098,52.86635450206047],[-63.60791081981717,52.86657970366599],[-63.60790270461435,52.866742503901676],[-63.60781718728201,52.86683869027927],[-63.60779190826312,52.86707869781227],[-63.60742428965888,52.867569097704276],[-63.60649201440169,52.86804108945096],[-63.605771884327574,52.86871660038399],[-63.605504021817964,52.86896029659702],[-63.60544490510374,52.86906509870904],[-63.605485800868166,52.86932659563014],[-63.60544919324558,52.869387109194996],[-63.605673491196406,52.86948079815522],[-63.60609027685054,52.869492399249374],[-63.60691290898,52.86947060535519],[-63.607207399060876,52.86950448915452],[-63.6072699688552,52.86953717947267],[-63.607417521496586,52.86961420272251],[-63.6077255094724,52.86992130786666],[-63.60813341128527,52.870250504788565],[-63.60873886544685,52.8704172018223],[-63.60895711996532,52.87047729882924],[-63.60928021551453,52.87049007972418],[-63.60937666779001,52.87041988955078],[-63.61151800199654,52.86886103883196],[-63.614367996166536,52.8775285801535],[-63.61988829255129,52.87740578662587],[-63.62333817790716,52.87511755448391],[-63.61936247911284,52.869978582448255],[-63.624162844131305,52.86237318533886],[-63.61763580938069,52.857783186832656],[-63.61002203601049,52.85487665020811],[-63.60662662749731,52.84990356094849],[-63.60996407039481,52.84416014889093],[-63.61644805273419,52.84160616821846],[-63.618844636957114,52.84215401827463],[-63.62790221310646,52.84561879341792],[-63.63793804624094,52.84693916739109],[-63.64006125185768,52.84783555945137],[-63.65212495951949,52.852875489645065],[-63.65829036817404,52.85222418842929],[-63.671808616150855,52.85511222919836],[-63.6765601693423,52.85205719306536],[-63.67607844770953,52.84906689886454],[-63.673579628544104,52.84834873240446],[-63.658761695928156,52.84351785754548],[-63.6417144401395,52.83732903085586],[-63.63940599314233,52.83366930699195],[-63.640089268386916,52.83129879935297],[-63.64412199311809,52.823760042881496],[-63.65303121477071,52.814203192469016],[-63.66006411711477,52.81123666864059],[-63.67295717474278,52.81009867439653],[-63.6804010793247,52.808105143240724],[-63.68982340264448,52.808390911341164],[-63.692982080419036,52.81457368988272],[-63.696380247911506,52.813839594337374],[-63.69469586449355,52.80907876899035],[-63.694841028334864,52.80498635125252],[-63.70068522591782,52.80353000735388],[-63.71189607666525,52.80333026159109],[-63.71753734494987,52.80152988032335],[-63.71953941973464,52.798969283212756],[-63.717953777149816,52.79438057429721],[-63.71406585928983,52.78642222897626],[-63.72377610958666,52.78693162082404],[-63.7307280570342,52.78736056691348],[-63.73345620153672,52.78657634458797],[-63.73396121605179,52.784726237655384],[-63.73186946987326,52.78198799489657],[-63.72577748232906,52.77895564375087],[-63.71942365410004,52.77656001053646],[-63.7214856134428,52.77031180111611],[-63.723485449211005,52.7704589535081],[-63.73003036414623,52.77020182004206],[-63.73599948024725,52.76977890010389],[-63.741079355513975,52.768387868051306],[-63.75162342226289,52.76842289501299],[-63.754704586545735,52.769592208736725],[-63.7597571126588,52.772751755058714],[-63.76436429787161,52.77407348509462],[-63.77222215204752,52.773335424425966],[-63.77817737844507,52.7699146086136],[-63.78335696246135,52.768693012962686],[-63.797997663257675,52.76647912457348],[-63.80474938049527,52.764140559648226],[-63.80991099537515,52.759922247176966],[-63.81897527219316,52.758530482294915],[-63.834650097032934,52.763728775149154],[-63.85041721390082,52.771227978694256],[-63.85411100792534,52.77342281846873],[-63.85892659060234,52.77266348678476],[-63.86730159875073,52.7730632130249],[-63.87294126566984,52.77396224641534],[-63.878821010333866,52.766388637954705],[-63.88348858890616,52.76430524175857],[-63.89391859843004,52.76386667602804],[-63.88848349851569,52.75847226129759],[-63.883343575900426,52.75330384258363],[-63.88864102277765,52.75007365333799],[-63.89296328042926,52.75007300195696],[-63.90346335558404,52.753070156778676],[-63.91466149159779,52.757687969063234],[-63.91950852868032,52.757789518938345],[-63.921258662287265,52.75643868753478],[-63.92106261841174,52.75154474855426],[-63.920488526648334,52.750064661727464],[-63.919262990696694,52.74690493673886],[-63.92284296042,52.74621844419055],[-63.92276216562677,52.74420334175691],[-63.91823013205227,52.74006478782861],[-63.921196880926935,52.735930966409484],[-63.93741723299065,52.73102429499337],[-63.959170755257816,52.72925759588185],[-63.96940528572732,52.72662532624515],[-63.982734902708145,52.72544236383723],[-63.985999704426675,52.72637154771868],[-63.99999999723506,52.73347717206439],[-64.00704103887192,52.737049114325906],[-64.01371714959818,52.73780908964073],[-64.01649723490026,52.73845692259332],[-64.0295597418024,52.7376178417233],[-64.03727482876565,52.738244710413774],[-64.03816138366317,52.73679039446213],[-64.035399963813,52.73216784786417],[-64.03930484924891,52.72588418068706],[-64.05351774578104,52.72323797312769],[-64.06289502985709,52.72504602711812],[-64.07953478877326,52.73658666547583],[-64.08329044700227,52.7356613476026],[-64.08963499445905,52.73319572227989],[-64.104911429382,52.733117533216664],[-64.12422402882586,52.732048017332495],[-64.13738239377496,52.72923508147462],[-64.14049329796782,52.72670548005706],[-64.14458317225485,52.718628705102546],[-64.14758041575512,52.713703225929635],[-64.1420801267497,52.7095907476047],[-64.13251962591562,52.703760466716695],[-64.12583056198658,52.69845753707004],[-64.12443705978492,52.69275598372397],[-64.12765782233411,52.6864232699876],[-64.13285229140259,52.6839168531028],[-64.13818561687876,52.68031335640708],[-64.14497509507598,52.67541774591487],[-64.1534942189444,52.673142061463274],[-64.16399349048129,52.676822495681954],[-64.16756663551804,52.67825904779256],[-64.17085435801908,52.67762665594065],[-64.17298998887297,52.67056246728952],[-64.15888248305393,52.65847732686852],[-64.15746555265954,52.65239595087087],[-64.15296888283707,52.64728864073294],[-64.1531246438202,52.6403743358405],[-64.15638934535174,52.63519270956632],[-64.16331677646359,52.62735667328631],[-64.17005793345103,52.62372788605082],[-64.17012134122237,52.61693073357673],[-64.16847655050844,52.61206360409378],[-64.16112447090437,52.608561214717795],[-64.15455037296348,52.60343257408443],[-64.16107959642812,52.59733181321808],[-64.16773063152459,52.595950915851034],[-64.16845325713876,52.59317421882177],[-64.17015645294869,52.58911374190915],[-64.17153849303185,52.58425258691706],[-64.17392693387984,52.5847873359334],[-64.18753789824285,52.59077161968664],[-64.19467580415305,52.59577303322477],[-64.1986067384273,52.59489820546279],[-64.20419638802218,52.58909909096195],[-64.19912019874188,52.58170134308187],[-64.20054485174391,52.57983363415201],[-64.20580930499071,52.57720760901823],[-64.22257121681685,52.581807404249794],[-64.22569942350962,52.58198236665456],[-64.2247614025834,52.58015615820118],[-64.21112116116049,52.573601503061354],[-64.19926777161601,52.56073733739431],[-64.1914048455252,52.55425230296226],[-64.17836705561102,52.54814429581935],[-64.1702205983688,52.54356307066936],[-64.17043866054226,52.544192732771336],[-64.16687913749618,52.53665330484375],[-64.17008419252883,52.532452471847165],[-64.16708114880811,52.5287614958757],[-64.1519485523795,52.519923145137724],[-64.15240738051588,52.51545056729731],[-64.15730340561878,52.50903371532835],[-64.15687452951117,52.50380175531684],[-64.1509550751636,52.50007173562101],[-64.14856528532648,52.497526621726976],[-64.14471073458036,52.49160464458862],[-64.1449038896561,52.48342626795959],[-64.14280729178651,52.47672620615228],[-64.14259258453018,52.46786430655499],[-64.13708150368653,52.456501949065654],[-64.13523700500751,52.4449050933604],[-64.12857725262319,52.43718893642277],[-64.12778620878974,52.434266601658535],[-64.13373190142859,52.42829503643657],[-64.13497410107863,52.424532629783506],[-64.13259396097344,52.42186752133127],[-64.12801605411059,52.4205633130568],[-64.12187688749893,52.42222068007917],[-64.11471812952637,52.42003822750564],[-64.1093765753701,52.414256444116134],[-64.1074171501927,52.40830313843511],[-64.1189535731765,52.40321806462063],[-64.11822835124944,52.40173377103791],[-64.10922908846874,52.394056718875206],[-64.11044782004181,52.39184932762412],[-64.11546375681289,52.388312256316496],[-64.12228417702146,52.38727701250788],[-64.1270191036553,52.3838016740336],[-64.13801185932228,52.366925789824805],[-64.15705663939441,52.36298601918391],[-64.16614825018675,52.36444113086127],[-64.16742499446892,52.36154158091871],[-64.16640804622999,52.344513938469795],[-64.16296362230561,52.34112043497274],[-64.15835471348666,52.33895535965538],[-64.16150489243917,52.33389471302212],[-64.18123402911212,52.33597039147945],[-64.1827742555637,52.332720992020676],[-64.1719761635085,52.33077922793163],[-64.16919201635501,52.327432227076],[-64.17328250296849,52.32448423515016],[-64.16789651086394,52.31968617908377],[-64.16474232488761,52.314389105010434],[-64.16768619972376,52.30898691043182],[-64.16945643301744,52.30665465259384],[-64.18005280912487,52.30641337571488],[-64.18461412488102,52.30558589210384],[-64.18283520468766,52.303660514313236],[-64.18617792142817,52.29681243797206],[-64.18961306459241,52.29197664399849],[-64.19157137050469,52.28969835761116],[-64.1945528977862,52.29125718585951],[-64.19757275549009,52.297648654421536],[-64.19963454751239,52.305610622428354],[-64.20705453413608,52.31169447613324],[-64.21024217232598,52.31359463782113],[-64.21622442035165,52.31302834822621],[-64.2204525959212,52.31111187125889],[-64.22555021340659,52.3077411573975],[-64.22558327051038,52.30250422291044],[-64.22037741131207,52.29960475955886],[-64.21427529217866,52.2975840802074],[-64.2068899843765,52.29420477572154],[-64.20981391568932,52.2845440645848],[-64.21448094369254,52.282044805461126],[-64.22185764854385,52.28329462447729],[-64.22483987843066,52.28485257610726],[-64.23268001696964,52.287934661897964],[-64.23507091025894,52.28691366212598],[-64.23446494101792,52.283663978082295],[-64.23875544724544,52.27747692709221],[-64.24656135419181,52.27539665675757],[-64.24353694020346,52.27166885492275],[-64.23652849496747,52.26393945241309],[-64.23312903105662,52.26225480181631],[-64.22121647885648,52.26101291841777],[-64.21755488933195,52.25710197969708],[-64.21880204930949,52.253394671415485],[-64.22086944880004,52.25003104682852],[-64.2221766212204,52.24790399330274],[-64.22355984764,52.24041234931438],[-64.21979709139413,52.237667196070014],[-64.22810928225364,52.229761217964835],[-64.23399548082789,52.224031531877884],[-64.2317315338298,52.22290853183532],[-64.2290114526723,52.22547843660079],[-64.22399305127624,52.22954385943136],[-64.22029992141243,52.22825213479669],[-64.21350899259606,52.2248820210956],[-64.20973780149104,52.21854907107015],[-64.21023074032068,52.21223762493929],[-64.20994715970794,52.202837272192994],[-64.20368795385333,52.19722734847672],[-64.19840297790621,52.188788267286185],[-64.19766366296918,52.183080907987325],[-64.20069285933204,52.17701634900199],[-64.19321914867565,52.16890702694682],[-64.18826832768615,52.164146415706405],[-64.17850427448602,52.15753074611793],[-64.16829769387653,52.15150368297389],[-64.16079744789145,52.14601072895976],[-64.16472089141443,52.138769228759344],[-64.17741102541578,52.13379869318963],[-64.16467301678739,52.12393843753029],[-64.16635985224647,52.116057446998596],[-64.1729872579666,52.11293738712781],[-64.18032660625153,52.115038914393196],[-64.18660571891573,52.11803095154521],[-64.19114141338758,52.120762509650355],[-64.193043118963,52.124412687927276],[-64.19849274441341,52.12644932236844],[-64.2112066223094,52.13223453010056],[-64.2248138826826,52.136839034891054],[-64.23650750334441,52.14089468451729],[-64.2424293197113,52.142823746335885],[-64.2499261627065,52.14472394374771],[-64.2512363227327,52.14247042845455],[-64.24217519495163,52.137496381629695],[-64.2362742728047,52.12936268648272],[-64.24484699534048,52.12416704822402],[-64.25033135830985,52.123582972251434],[-64.25385294113515,52.12148327224436],[-64.25643300837447,52.11290574046341],[-64.2460410477747,52.103013168748014],[-64.2566231183296,52.09719881078879],[-64.2556191888018,52.09595698337418],[-64.25184480785882,52.09272994469367],[-64.249698528531,52.08734081946906],[-64.25153778243615,52.07974699006499],[-64.26168450051436,52.078108161291816],[-64.26789376478877,52.07964229001785],[-64.27243785729235,52.079268092267334],[-64.27873159066924,52.07605054225186],[-64.28803132583569,52.07965886125198],[-64.29186602044311,52.07764916005906],[-64.2899337300705,52.07351710852995],[-64.28734620463135,52.06561711534966],[-64.28105722123246,52.05594418862384],[-64.27275076030953,52.04999127317629],[-64.26929815133272,52.046856397582594],[-64.27119468340187,52.04381709530132],[-64.27937834984412,52.03756054659285],[-64.27744042268633,52.03538848311795],[-64.27223362661141,52.02955136393184],[-64.26619505124751,52.02161854127172],[-64.25484627861962,52.010972248505055],[-64.24651634980245,52.00094868252889],[-64.24651267990124,52.000004178306476],[-64.24650247105016,51.99736349017685],[-64.23820377340944,51.99450989409837],[-64.2339517510688,51.99090441329649],[-64.23363105930962,51.98412722147367],[-64.23710505385168,51.9779599256849],[-64.26197139662987,51.976247754010316],[-64.28009965909328,51.974751312946346],[-64.28788450223772,51.97673881295686],[-64.29353127881706,51.98312611352551],[-64.29918492495794,51.9864122449515],[-64.30903061074261,51.98874736898977],[-64.31355993480202,51.99147247636842],[-64.32024716186079,51.993381460356815],[-64.322966057973,51.99439605741301],[-64.32693219722415,51.99839108828469],[-64.3268560141861,52.00006456851664],[-64.3267821165292,52.00168879243472],[-64.32227149320074,52.00254937922913],[-64.32285737684616,52.00486409737437],[-64.33111613098237,52.00674280723858],[-64.33851865219151,52.00718353365936],[-64.35119198116254,52.006262964558815],[-64.3582759422079,52.00661145646159],[-64.36104588413772,52.00549209381247],[-64.35609484081634,52.003842989448515],[-64.34795825414305,52.00128558354318],[-64.34732246671601,52.00007208824835],[-64.34604811976173,51.9976396158135],[-64.34359991353233,51.99264725987882],[-64.33965689184632,51.98913698839517],[-64.3416922416785,51.98590031620873],[-64.34583347908458,51.98398000477461],[-64.3515664957669,51.982513494019834],[-64.35720094913665,51.98221145926763],[-64.3587690855479,51.97908035367592],[-64.35475224892919,51.97721959019431],[-64.345299321721,51.97333096577772],[-64.34297547657935,51.9676582961815],[-64.34398337001535,51.959596508411394],[-64.34447722683032,51.95067270650981],[-64.34964409316336,51.944275654884635],[-64.34751562389891,51.94247553005887],[-64.3450706456622,51.93748400779934],[-64.34940316792996,51.933234740166235],[-64.35613204884677,51.92990807044491],[-64.35725776594083,51.92736729962922],[-64.34977394520514,51.92189178319781],[-64.34576474381092,51.91693063630053],[-64.3442993528567,51.91269584277478],[-64.34408133091138,51.90834032035999],[-64.34293424885101,51.90419639114394],[-64.34193578877365,51.89675580349483],[-64.34005726455788,51.89049470472584],[-64.35173994809935,51.88930198097167],[-64.35303578269394,51.88704891390071],[-64.35232834231518,51.88231562232767],[-64.35184235616836,51.872637686681784],[-64.35201585700788,51.86362544375313],[-64.35360472527691,51.85787965024042],[-64.3541916710751,51.85399366938209],[-64.35270342515142,51.84927594339785],[-64.34850621275343,51.84354486278488],[-64.34431022130187,51.83781371099202],[-64.3387020653855,51.828816334149124],[-64.33341122101528,51.823009144185605],[-64.3273892170204,51.81818425899338],[-64.32092895371484,51.813948543983805],[-64.31515165412817,51.81086178341148],[-64.30649923294736,51.80647304553807],[-64.30245518757694,51.803643616476975],[-64.30053517054954,51.799515184152135],[-64.30117372522395,51.79659779549633],[-64.30439854632348,51.79227596841678],[-64.30715934926155,51.78805967144928],[-64.30579756438512,51.78576107704988],[-64.3043176957449,51.78104361289118],[-64.30569269927952,51.774045194414064],[-64.30594280281515,51.769585874752586],[-64.3048319300144,51.76282814661984],[-64.30189329730489,51.75697644520478],[-64.29882763082998,51.75490368055009],[-64.28928693450122,51.75120897099542],[-64.28721966394056,51.75003863346241],[-64.28415407059892,51.748302927882236],[-64.278289317054,51.746378549820406],[-64.27403710689293,51.74229376027035],[-64.27641151438071,51.736536857572546],[-64.28314265906123,51.730602106130796],[-64.29052768619947,51.72533254259716],[-64.29398816001911,51.72275032256046],[-64.29460245838855,51.7193499781576],[-64.29651002276762,51.71369850812287],[-64.30150262919048,51.71060324837495],[-64.30692879044527,51.71001690434016],[-64.30318704744087,51.7067955490797],[-64.30521086430637,51.703562363277214],[-64.31273014252903,51.701193496792165],[-64.32238967309604,51.698008850229414],[-64.32562795874867,51.69417129604747],[-64.32434293103182,51.69022629795016],[-64.32206253633859,51.6850416912461],[-64.32783025783148,51.67883254651586],[-64.33432601597814,51.67164108297732],[-64.33712520635136,51.66529480290658],[-64.34354032171095,51.665946029518146],[-64.3500522647012,51.66853118464348],[-64.35892254061466,51.67155433637868],[-64.36594640950003,51.66880396899303],[-64.37010208494381,51.66785170032548],[-64.37753722512507,51.664027604314136],[-64.3850937739424,51.66262083829031],[-64.39102300967252,51.662891396289446],[-64.39559220260332,51.663962969294495],[-64.40675161372661,51.669066618108154],[-64.41733164065882,51.674955270671674],[-64.42299689581577,51.67610065786465],[-64.42462289574519,51.67442221559407],[-64.42988621963167,51.66783000524896],[-64.43223347491264,51.66207083219079],[-64.43132405671581,51.65944527292818],[-64.43076829050463,51.65784055911655],[-64.43430317458399,51.650992706787086],[-64.44246983816973,51.64443508882859],[-64.4491029815881,51.63442644614436],[-64.4566367002101,51.62681936866185],[-64.47268956434839,51.61768555699063],[-64.49088984728523,51.609082192164124],[-64.49999999567451,51.60715630629426],[-64.5076450250754,51.60553939932488],[-64.52260871448325,51.597675565368036],[-64.53494882644155,51.59025232747552],[-64.54157748852813,51.58643366699281],[-64.54487711648038,51.58142704197942],[-64.54850353456007,51.57389684692165],[-64.55435579303605,51.5758047125783],[-64.55721172992236,51.57971222837705],[-64.56175355922643,51.58600354881391],[-64.56779553738657,51.591294605776646],[-64.57537103189274,51.601779678139295],[-64.5819952441714,51.606283282257195],[-64.58730298820355,51.60945981107095],[-64.59043509562241,51.618201295714606],[-64.59687449262164,51.62764560889896],[-64.60105753253954,51.63287921397391],[-64.60215909214257,51.630338099726046],[-64.60665660945276,51.62733564802174],[-64.61439713114794,51.62668225403036],[-64.6241718278844,51.628984713809146],[-64.62317448304489,51.636074052415104],[-64.62367594549517,51.64216238747419],[-64.6259658343132,51.646856056954334],[-64.62331093027989,51.64943176273991],[-64.61688639839221,51.6514123654241],[-64.61694815657276,51.65199771317999],[-64.61722269639809,51.65460003214141],[-64.61821194176791,51.66106537366373],[-64.6211005651221,51.66807004730134],[-64.62604816876069,51.67018824426747],[-64.63312953447766,51.67148456039162],[-64.64043891614872,51.67403406545598],[-64.63777697648061,51.67922486848547],[-64.64133157234014,51.68689254529038],[-64.64472092844944,51.69165901638817],[-64.64173567957404,51.69937503899016],[-64.63987823947605,51.705032618077055],[-64.64679947849307,51.70342669218512],[-64.65354781586724,51.70153364122424],[-64.66643258463498,51.70066499184098],[-64.67738368588279,51.70138763284349],[-64.67807387745906,51.70253414065308],[-64.68114879294014,51.70982466549894],[-64.68455099245222,51.70936060331408],[-64.69161553852088,51.70755469765363],[-64.6919016139322,51.70977555280087],[-64.68811739807192,51.717027400686774],[-64.69641851037757,51.7203258908637],[-64.70313518618616,51.72317559470941],[-64.70033581551678,51.72595084887112],[-64.70091124869018,51.727777890881235],[-64.70587220756576,51.72727771208712],[-64.70786108417144,51.72926621465016],[-64.7090127551759,51.732920189770375],[-64.71091366978649,51.73868780442839],[-64.71085253521426,51.74556564269431],[-64.70786666944394,51.7500427337237],[-64.70698263913171,51.751368128716116],[-64.70637481510094,51.7542875786655],[-64.70975060152608,51.75595409790413],[-64.71595607280344,51.75532827049672],[-64.72473014516544,51.75328720945278],[-64.73090611263422,51.752176834478384],[-64.73601436641323,51.754093238031714],[-64.73719835106154,51.758230814803355],[-64.73942154862458,51.76147271206376],[-64.7447609297927,51.759412212579115],[-64.75549806335879,51.75887282978464],[-64.76246702577237,51.755991384017534],[-64.76386548087082,51.75528807393057],[-64.77309872743525,51.75313522600835],[-64.77817974526349,51.75456593008821],[-64.78770759872818,51.757247824777735],[-64.7940347766888,51.76116683149606],[-64.79901240532048,51.768507678784744],[-64.80194101223691,51.77550957078602],[-64.80538219923494,51.77814031471517],[-64.81176350988449,51.777795106864495],[-64.82128724771962,51.77524347339047],[-64.83842399902572,51.76960228435487],[-64.84781502019773,51.76249865629943],[-64.85977048609674,51.76395308123646],[-64.86777790240912,51.76714898033866],[-64.87217653019698,51.7700448374162],[-64.87714059614419,51.76953632263455],[-64.88391989253853,51.768111311650074],[-64.89223732930789,51.76877920007214],[-64.90255588990333,51.77143139601761],[-64.91513322503013,51.775189134645736],[-64.9246753449636,51.77785845975425],[-64.92884698625419,51.774751529525815],[-64.93480089044489,51.770243704871696],[-64.93863909943387,51.76443233960355],[-64.93721006334877,51.761658843959765],[-64.9340123681376,51.76290117235073],[-64.92774661399093,51.762573077054235],[-64.91982885932721,51.7608325958782],[-64.91835763270774,51.75496017863992],[-64.92082585010857,51.7520897405765],[-64.9240691710303,51.75006449766928],[-64.9250263108737,51.74946677349741],[-64.92763699206448,51.74639891917926],[-64.92298153438338,51.744383799065396],[-64.91640104090821,51.74396607821214],[-64.91243211978713,51.740480513639085],[-64.90984716632714,51.73667005466592],[-64.9164451548776,51.734956778295256],[-64.91927977644694,51.73052766607708],[-64.92006451673791,51.72576205857842],[-64.92490307317289,51.71857106875056],[-64.93070578649305,51.714261565200644],[-64.93756773728944,51.71428373235909],[-64.94452406405179,51.715755926855536],[-64.9508940133537,51.71540214195217],[-64.95767642382316,51.71658727302126],[-64.97235451916673,51.72164009227066],[-64.97904394412814,51.726119512753584],[-64.98703834124106,51.73143712545472],[-64.99304857594646,51.73738618010566],[-64.99630963748314,51.741855539295976],[-64.99454771819698,51.74587222631565],[-64.99761687791906,51.7474404873311],[-64.99923207341092,51.74765932986715],[-64.9992320395484,51.74999187495681],[-64.99923202517725,51.750000940430404],[-64.99999999558852,51.749999988416924],[-65.00827956432711,51.7500097769431],[-65.00952721490555,51.750525371941826],[-65.01414190874866,51.75418460785192],[-65.0205234690346,51.758573095071746],[-65.02039978067616,51.761385679094055],[-65.01539275864226,51.763549210573686],[-65.00944441836249,51.76331476401605],[-65.01003466271898,51.765140247009164],[-65.0161262335429,51.76517717418255],[-65.03027659346834,51.76200210871652],[-65.04262221084964,51.76449093145655],[-65.04698880821852,51.769027353508015],[-65.04921692256055,51.76964739913014],[-65.06159908182019,51.765739001625086],[-65.07103758735771,51.76219723339901],[-65.07477853338786,51.7575454672007],[-65.07888001988192,51.75133404283731],[-65.07979496988797,51.75006626624369],[-65.08258584571445,51.74619863904623],[-65.09115368435198,51.74597182842042],[-65.09872440715776,51.7471270821421],[-65.10770510419066,51.748738067820966],[-65.11092425322308,51.75007528205447],[-65.11454623394776,51.75157959720905],[-65.11960782881452,51.75368142387124],[-65.13211608323478,51.75621557082077],[-65.1422509418484,51.75785568217391],[-65.14864048767775,51.76103133840414],[-65.15608721309047,51.76169052076731],[-65.16230436837458,51.7645830826773],[-65.17017304411695,51.76465574642129],[-65.18041801089008,51.76561953465615],[-65.18673963466182,51.76994294941224],[-65.18606374724614,51.77560635962439],[-65.17512892851715,51.78451658186033],[-65.16871287324832,51.78976258745055],[-65.16719110536806,51.796597349787305],[-65.169761951564,51.80456464826541],[-65.17290081990355,51.80964604998005],[-65.16969755236596,51.81671846554593],[-65.16961455397656,51.82207925963852],[-65.17458210071824,51.82462314191158],[-65.18018945770804,51.8231303473894],[-65.1853110585863,51.81916261062086],[-65.18857176322561,51.81725514144871],[-65.1953580807531,51.82147054145742],[-65.20461749552969,51.81279489685396],[-65.21018477621497,51.812928234817086],[-65.22117444793179,51.81759982740206],[-65.22887510700058,51.82159634301635],[-65.23668445385412,51.82281423693676],[-65.24053718583643,51.82270668518095],[-65.24898380283842,51.831245218802614],[-65.25227791987164,51.82770783100422],[-65.25537612093345,51.82499477640188],[-65.26018377155359,51.824042664677044],[-65.26019487284262,51.824040471410484],[-65.26240100679931,51.82687762727949],[-65.26239799753611,51.82687824610411],[-65.26225848324793,51.82690669611142],[-65.26217957627664,51.82696330635412],[-65.26257030553609,51.827349890753425],[-65.26265451268549,51.827508508315745],[-65.26264089828773,51.827585599617294],[-65.26242349553566,51.82777179467415],[-65.26239669471445,51.82786509567762],[-65.26289339238319,51.82806118913095],[-65.26308249554728,51.82821190791242],[-65.26308201972972,51.82829310025822],[-65.26298350033026,51.82833349568514],[-65.26266229585362,51.828344892419146],[-65.26257688836291,51.828389296159266],[-65.26295519994846,51.82867041112069],[-65.26310452651119,51.82888999376308],[-65.26322683722711,51.82894556317902],[-65.26324829774417,51.82895530539336],[-65.26360169764094,51.82902509716086],[-65.26407331198011,51.829050604203196],[-65.26422961855437,51.829201199868365],[-65.26415701694293,51.8292904034209],[-65.26334210213743,51.82966598797077],[-65.26325648335,51.829730800586795],[-65.26353492509497,51.83027549647425],[-65.26370100161067,51.83095799721701],[-65.26381139701508,51.831124703882324],[-65.26419611068057,51.83143819756191],[-65.26418769207639,51.83173048926073],[-65.26424620346378,51.831799710315465],[-65.26480300004512,51.831841593597936],[-65.26501850103058,51.83195989018595],[-65.26526540159067,51.8323015081247],[-65.2654529046434,51.83271609721904],[-65.26528030582863,51.833068915158954],[-65.26533199015478,51.83318680884625],[-65.26543668821704,51.83321949766772],[-65.26561369951247,51.83320368949595],[-65.2657313043201,51.83326079475414],[-65.26576248606224,51.83352478906026],[-65.26595221069019,51.83357390563577],[-65.26604339345201,51.83366350253401],[-65.26602969905062,51.833760896141605],[-65.26589058403701,51.83399199500406],[-65.26528459570875,51.83449401004508],[-65.26511370877593,51.834582894602704],[-65.26502180753299,51.834594888444194],[-65.26440646912914,51.8347251776839],[-65.26416078912922,51.834972977039556],[-65.26408046133565,51.835392452271414],[-65.2640650913045,51.83616013771825],[-65.2642286786407,51.83673670119836],[-65.26432376171724,51.836915709540385],[-65.26436471411053,51.8369928115504],[-65.26463180598915,51.83724929650339],[-65.26460518273106,51.83732229752611],[-65.26446058618744,51.83737879778135],[-65.264401188068,51.83745168797672],[-65.26445770540705,51.8378457152278],[-65.26433679730101,51.83831638565558],[-65.26397268749959,51.83890420757353],[-65.26401149855795,51.838977399093544],[-65.26407721626526,51.83913475411982],[-65.26434810920598,51.83913573339221],[-65.26467728920382,51.83898451723407],[-65.26510524014073,51.83895391133683],[-65.26262902385365,51.84513592678481],[-65.26254501110871,51.84500731247625],[-65.2623105232637,51.84477129970435],[-65.2625671995862,51.84459730103836],[-65.2625547131887,51.84449169985723],[-65.26223311738667,51.844563999026974],[-65.26205610200037,51.84455949030868],[-65.26188601740851,51.84450630422152],[-65.26157941015802,51.84427819446801],[-65.26146159804846,51.84424138621411],[-65.26122558395505,51.84424890503628],[-65.26105478996206,51.844297288721606],[-65.26087051645129,51.844422693424036],[-65.26072439059182,51.84472279198564],[-65.26041490832155,51.84494129446236],[-65.26023580409603,51.84528190664015],[-65.26018751058967,51.84566350402946],[-65.26018099009585,51.84667848348553],[-65.25996210206716,51.84708811349512],[-65.25967821201706,51.847416203304164],[-65.2597086064845,51.84778171455261],[-65.25938509648456,51.84813829985402],[-65.25923867589128,51.84847900496016],[-65.2588237905092,51.84878650317392],[-65.25866510541394,51.849001311602784],[-65.25824500436262,51.850100704262786],[-65.25800767227723,51.850311206294165],[-65.25784872252311,51.850566596267264],[-65.25778530160703,51.85124859001342],[-65.25717880009569,51.85177089834841],[-65.25656398585676,51.852565209435966],[-65.25310042134875,51.857285399553255],[-65.25387044917262,51.86147486637106],[-65.26743856289154,51.8673145932544],[-65.28353594491844,51.873846859623704],[-65.28812850393251,51.871132492003575],[-65.2906524246256,51.869720928574516],[-65.30023284723362,51.87796694117708],[-65.31916519060812,51.87264034930721],[-65.32329941076196,51.870033205213744],[-65.31858222358743,51.85657753852151],[-65.317838293463,51.8507606799758],[-65.32515200035907,51.84318134910033],[-65.32696359672445,51.83642994102905],[-65.33150583192723,51.82902575489569],[-65.33678479183838,51.82322714337686],[-65.34609413775543,51.8197041561598],[-65.35607840606463,51.821041425737185],[-65.359759893118,51.82275271741757],[-65.35504789657504,51.82987601417757],[-65.35607631616686,51.83530128279515],[-65.35676310921316,51.84437347680319],[-65.35931307707646,51.85559314317888],[-65.36259440398044,51.864207614338646],[-65.36788999368396,51.86472341671413],[-65.37332644404005,51.866908711091895],[-65.37979424920698,51.87175319746887],[-65.3851332371303,51.873886874749964],[-65.39217001101535,51.880955148070875],[-65.39756997055149,51.890847349528784],[-65.3995023249838,51.90189472458803],[-65.39322764163089,51.91490693791581],[-65.38234902335272,51.91637451029593],[-65.37409698857402,51.915753996244014],[-65.36971786759226,51.9192322104945],[-65.36528137464316,51.9280729472317],[-65.35880484733921,51.93658990808065],[-65.35477939591165,51.94273797430997],[-65.34933336846402,51.94241689037542],[-65.34965428260017,51.944609573503605],[-65.35722148824803,51.950421987078315],[-65.36043254584024,51.95597752257344],[-65.35943070881831,51.963187237874635],[-65.3591081391472,51.975260401334246],[-65.35908692317567,51.981101596264814],[-65.37141986232702,51.99031845048067],[-65.37122383425537,51.995877778534876],[-65.37723211707579,51.99330898869184],[-65.38386683584746,51.988806489104554],[-65.36450203712587,51.980944506813174],[-65.37486348061604,51.9765259503297],[-65.37129563977282,51.970406316875575],[-65.3712170293517,51.96734475762027],[-65.37845083127823,51.96464454175041],[-65.3899761819562,51.963350101758394],[-65.39975534825865,51.96555256418374],[-65.4101399170178,51.9695554963274],[-65.41229096162894,51.97131125985944],[-65.41218261200126,51.979931984552884],[-65.41097583992627,51.986383002168104],[-65.41714441025206,51.98993535164814],[-65.4248616751799,51.99344156185112],[-65.42818949877272,52.00006208070967],[-65.42908278344702,52.00183891017886],[-65.42320810662024,52.00210868362998],[-65.42676960988966,52.00401417582008],[-65.43465855505592,52.005695366583765],[-65.44391908804288,52.00704781961542],[-65.4511751511732,52.00855513404008],[-65.45618451451935,52.0110867975236],[-65.49607681212458,52.05020601732461],[-65.48448902852712,52.05687747463751],[-65.49719355718007,52.06032483191815],[-65.49810793115934,52.065948278065726],[-65.495031915005,52.07025582486154],[-65.49396127899766,52.0860928785939],[-65.49010414037994,52.102110559025704],[-65.49562401219245,52.105009210729825],[-65.49898220878278,52.106152975914455],[-65.49932541761619,52.11045336040754],[-65.49999998495954,52.11034883569215],[-65.50316751760423,52.10985804242628],[-65.50426121639384,52.10407720818987],[-65.50175527678621,52.098022385404924],[-65.50654928729405,52.09184220733286],[-65.51375657105332,52.082810579760014],[-65.52168671829894,52.077013330729436],[-65.53066908843698,52.070800162057935],[-65.53109352698351,52.0606339558369],[-65.53259076688401,52.05800199131961],[-65.54085454022862,52.05066073096336],[-65.5418312568305,52.04928979615381],[-65.53989584113309,52.04456020060283],[-65.548449531178,52.03893361064314],[-65.56418832653512,52.03385050312357],[-65.57932165069653,52.03280644864891],[-65.59828362816957,52.034897037783935],[-65.61247997945965,52.03943279546536],[-65.62054217180709,52.04301065636092],[-65.62396064954494,52.0355275659919],[-65.62680225387214,52.026721753992845],[-65.63170682652883,52.02034116317664],[-65.63672876765082,52.01165798606528],[-65.63752226984151,52.00626937066844],[-65.63411191479707,52.00007540228752],[-65.634049658693,51.99996239167282],[-65.63823543646426,51.99245531051889],[-65.64680353178774,51.98729904381897],[-65.65017519394642,51.98680876855257],[-65.65969727374221,51.989378584319205],[-65.6686474147278,51.994360245500935],[-65.67265580726843,52.000064796922864],[-65.67411064289367,52.00213478725027],[-65.67737074774813,52.00768123533453],[-65.67817099066745,52.01349817579771],[-65.67309588455635,52.01959925674419],[-65.66869484935378,52.026349095946436],[-65.66949414803169,52.03216642059508],[-65.67991005156021,52.04150753045027],[-65.66875109216313,52.045504687519475],[-65.65808674830379,52.049868023168216],[-65.65123518326337,52.05525865150613],[-65.6515355268221,52.06070927195163],[-65.65368509421175,52.067825487336485],[-65.64979306203243,52.07704976319965],[-65.64856187220192,52.08092073065448],[-65.6555632395854,52.08654213486698],[-65.66242760079618,52.09235917495351],[-65.66519599005873,52.097540143131525],[-65.66687403256877,52.10639658998291],[-65.66449324571026,52.115095227651814],[-65.66825608391129,52.117274713297995],[-65.67482355736935,52.11763988708113],[-65.67899602440806,52.11175786060835],[-65.68656646290776,52.1037547790994],[-65.69071002464284,52.10275381162047],[-65.69571402518088,52.10154474416558],[-65.70582857086941,52.09925153867897],[-65.70655086336318,52.099087745034986],[-65.71392459909194,52.09616682801743],[-65.71916645222747,52.09197320012237],[-65.7268883811324,52.085878436495],[-65.72932844240283,52.0834998177547],[-65.73393972618342,52.082870758665976],[-65.73834008846325,52.08521836737901],[-65.74278001387346,52.09870373893827],[-65.74530146549678,52.10135169514623],[-65.74942732296641,52.109903314236675],[-65.75083386063503,52.11050060775555],[-65.75366581551155,52.10816671823576],[-65.75636812009311,52.10702428874635],[-65.761606528466,52.10429020152525],[-65.76772824225856,52.10849664561527],[-65.77126042692417,52.11154245099396],[-65.77368525562848,52.11079191902302],[-65.7751406483666,52.106049022363045],[-65.77624909996099,52.10447943734467],[-65.78555825637596,52.10417226406387],[-65.79736159707568,52.10569791355933],[-65.80537056392966,52.108306617942155],[-65.80607897137857,52.11106183147592],[-65.8047237111992,52.115131303680705],[-65.805335630714,52.11856051509219],[-65.81003375505097,52.11888343758153],[-65.81260918601393,52.11630636512372],[-65.81669417897614,52.11319981026655],[-65.82022509193442,52.11087814554401],[-65.82219184277645,52.110237571805285],[-65.83416734340766,52.11366984439047],[-65.8420421346908,52.11647204140987],[-65.85614753938674,52.11580575111843],[-65.86692537493809,52.11448351038503],[-65.87698899843014,52.110405412677636],[-65.88569879161994,52.10340183158261],[-65.88901964024893,52.097060290318126],[-65.88756769528577,52.0878151067517],[-65.89207582234161,52.080858396371504],[-65.89771003767385,52.07606689579122],[-65.90375581794476,52.07930968835126],[-65.9132737918179,52.08137912572038],[-65.91928945261873,52.09113806306793],[-65.9273468712874,52.09421483516439],[-65.93969630905657,52.09656787628246],[-65.94574872807947,52.09980840812768],[-65.95227214291383,52.09967830860314],[-65.954780129254,52.09987883944102],[-65.9612846196607,52.1046361431858],[-65.96454336189254,52.09944386247836],[-65.96785109372462,52.09309989028772],[-65.96754426304065,52.08975661005445],[-65.96314840939579,52.082531017775246],[-65.96143562973496,52.077416126668716],[-65.9659732352679,52.070933979022584],[-65.96805333243329,52.06310008844663],[-65.97040149108983,52.05650258284129],[-65.97875293903256,52.05266574715251],[-65.98809219688695,52.052817906698145],[-65.99619616193424,52.054737391414754],[-65.9980891943929,52.061761577421535],[-66.00000000136988,52.06391711692623],[-66.00294981659424,52.06724419729905],[-66.01224412564274,52.06854577473583],[-66.0165182195496,52.072707090352054],[-66.01591679082004,52.07627389925485],[-66.0156341936869,52.079925345934974],[-66.02447208567189,52.082967034848075],[-66.03509147655153,52.08508239634966],[-66.04425682307134,52.084948463198046],[-66.04959094202027,52.085429396644514],[-66.05350932049652,52.08739808888599],[-66.05947763784684,52.09130598116894],[-66.06631061415914,52.09777031431865],[-66.07000386932035,52.09897985123303],[-66.07712150404129,52.09690378564876],[-66.08547106051594,52.093057840738126],[-66.09053475699326,52.09067133155538],[-66.09122120261159,52.08642977849605],[-66.09263469084472,52.0865705265701],[-66.0969193029873,52.09072871063009],[-66.09819481985186,52.09432456470759],[-66.09595815425037,52.098622224552145],[-66.09554590026916,52.10247071214403],[-66.09636477143884,52.10780837308333],[-66.0912066285567,52.11249886961263],[-66.08727953636405,52.11704902443715],[-66.08271392566945,52.119800937167085],[-66.07819144159716,52.12465970538616],[-66.07581215105657,52.13078336367567],[-66.07763270280279,52.13685245740549],[-66.07867892202805,52.141319902611585],[-66.07721225615329,52.147219462990314],[-66.0761116468742,52.15205155691661],[-66.07592609637742,52.15502970184231],[-66.07716232326439,52.16226273343454],[-66.08149625194747,52.170159497062336],[-66.08450826198896,52.175611352080885],[-66.08957684642806,52.183002505754],[-66.09592665586003,52.19236075652664],[-66.0979372544933,52.1954520303596],[-66.1039171340313,52.198503851047306],[-66.10908427767133,52.20196049406187],[-66.11800280257945,52.2054730234214],[-66.1278030131961,52.210147612613255],[-66.12797546324452,52.21019298584672],[-66.1350246478641,52.21856593900566],[-66.1384142749428,52.224578977594604],[-66.14404545996472,52.22792162337345],[-66.15210255406366,52.23050432447917],[-66.16002166188646,52.23165324936203],[-66.16381480810283,52.22729556605895],[-66.16618837624212,52.22279801149749],[-66.16970128192854,52.21557401138955],[-66.17230582467928,52.213464959489755],[-66.17697176714104,52.213293565692844],[-66.17999481256612,52.215483568138154],[-66.18608555311125,52.21871113771297],[-66.19318546244031,52.22266824377276],[-66.20079098693795,52.22698982680804],[-66.20670543501448,52.231565367540796],[-66.20835924411529,52.23409313038448],[-66.20571612960106,52.23898548098615],[-66.20572772810647,52.24387548078741],[-66.20903653238413,52.248931200909844],[-66.2101108516745,52.25004042188743],[-66.21477558250874,52.254855773317885],[-66.21812477240725,52.25712892866745],[-66.22398938272362,52.257965967250364],[-66.23168980841955,52.25998100280681],[-66.23728672139842,52.26284119304739],[-66.24445274435303,52.268903188697735],[-66.24964732384508,52.27398367970267],[-66.25214375819732,52.28022002241305],[-66.2502820170855,52.285085022637354],[-66.24869345563381,52.28955620732166],[-66.24990020257911,52.29382699963283],[-66.2538555546604,52.297419580725595],[-66.25390901821422,52.29952762722391],[-66.25374225614982,52.304137665862164],[-66.2562292747806,52.30711382251511],[-66.26004358503937,52.3092728931915],[-66.26669643211122,52.310078428537814],[-66.27214638474413,52.30824310714965],[-66.2871002260141,52.30911858949376],[-66.28184812647456,52.30356168144921],[-66.28632523197648,52.2998439755428],[-66.28961233690355,52.29674649927153],[-66.27955010679067,52.29156313827004],[-66.28008981298895,52.289145000904675],[-66.28346522621813,52.285373119364],[-66.28928009996353,52.284098550786645],[-66.29688520028233,52.28352322740078],[-66.30312483288651,52.284917325391945],[-66.30899542319918,52.28574964596227],[-66.31256915131108,52.285517954062385],[-66.31121932562469,52.28144500132024],[-66.30940393302346,52.275855195553554],[-66.30351095712602,52.27013248871321],[-66.30092647312182,52.26620239879218],[-66.29824632529059,52.261316841242014],[-66.29763695864824,52.25836689224261],[-66.29766958592761,52.25558441375447],[-66.29971629820452,52.252629772319956],[-66.300054397975,52.25004828822514],[-66.30006973289366,52.249931082467675],[-66.29932395116138,52.24717820156686],[-66.29939673188463,52.24324351956464],[-66.29658199026636,52.2385552241462],[-66.29293443409605,52.23178877047769],[-66.29005858414952,52.22336295940225],[-66.28865803763651,52.217182911475675],[-66.2871767055579,52.21330740420847],[-66.28669802684952,52.20853102823683],[-66.28342328904934,52.202326213927336],[-66.28037454443097,52.19524996581995],[-66.27797453621362,52.18997107853255],[-66.27438914334198,52.18531226905976],[-66.27056645885646,52.17826538592424],[-66.26743956837294,52.1734934135493],[-66.26582567840447,52.16981498524633],[-66.26411703867304,52.16518140856767],[-66.2644182933714,52.160376356799226],[-66.26512828254313,52.15498076593277],[-66.26794209360048,52.15036880032383],[-66.26942037009174,52.14920444874267],[-66.27500101316888,52.14944628394948],[-66.29168236316269,52.146829743880794],[-66.30262006857356,52.1400613106266],[-66.30681180922475,52.13682456473729],[-66.31380300227275,52.13576398976466],[-66.32356737992632,52.13181748754993],[-66.33011323811341,52.135934660783285],[-66.3332218552009,52.150705988168205],[-66.35027141407095,52.146973721456085],[-66.35797671906673,52.14657760084436],[-66.37636585958283,52.152816044796886],[-66.38099291515884,52.15859337955413],[-66.37979047517659,52.1626111650079],[-66.36237624508257,52.169142201500314],[-66.35710008279281,52.17282046838852],[-66.35683973888725,52.17660317941341],[-66.37134425352723,52.18736177362837],[-66.37553603592741,52.1983199359497],[-66.38015683996868,52.2024105639413],[-66.38346187602373,52.20784292043345],[-66.38960484308099,52.212569353389526],[-66.40266291186587,52.21692726937413],[-66.40525662315028,52.22169189629504],[-66.40268694327727,52.226558376141014],[-66.40512803621942,52.22983958325752],[-66.41100838135368,52.230404801887815],[-66.41747616269237,52.22727250843298],[-66.42216520587112,52.221031756517036],[-66.4223338051931,52.22054894153722],[-66.42326440725354,52.21975777220914],[-66.4235588029546,52.22001590807388],[-66.42404338735908,52.22036120993384],[-66.42413860589882,52.22047009638327],[-66.42409150895377,52.220718498148095],[-66.42431001961401,52.221005193707676],[-66.42483589257452,52.22113069016748],[-66.42515630460636,52.2212456903754],[-66.42615419150164,52.22146049536182],[-66.42660389820952,52.2217247969085],[-66.42684769125032,52.221958386781274],[-66.4271305004429,52.22216330982591],[-66.42726240576367,52.222141815778144],[-66.42733350763062,52.22207199953552],[-66.42731140978384,52.221974715920666],[-66.42735038812168,52.22194589950715],[-66.42762489243691,52.2220775870125],[-66.42799750337873,52.22244010902605],[-66.42793419537867,52.222562698448996],[-66.42797511122393,52.222615104420335],[-66.4287799943408,52.222782810813335],[-66.42970661025215,52.22333960777931],[-66.43062471175276,52.22409570908876],[-66.43090661958607,52.22425989385378],[-66.43189668282378,52.225259299390274],[-66.43199052106553,52.225307196973944],[-66.4325102802855,52.22573350766012],[-66.43256549749256,52.22583058683793],[-66.43251610638461,52.22597739948008],[-66.43255750417298,52.22605019787881],[-66.43295937314834,52.22624990498172],[-66.4336069116785,52.22703680620633],[-66.43359147793764,52.22722400860144],[-66.43352270980357,52.22739531158121],[-66.43364397862878,52.22776420268617],[-66.43413961404167,52.228284208487686],[-66.43459860722483,52.2289345961468],[-66.43482768658633,52.22910329132883],[-66.4350951992769,52.22949521313591],[-66.43519670400592,52.229868302596934],[-66.43532699868429,52.23005819077936],[-66.4358489878589,52.23029338561139],[-66.43655620652267,52.230522901695984],[-66.43691581045225,52.23060910233699],[-66.43702299038195,52.2306609885457],[-66.4370653881123,52.23077438642767],[-66.43702678836287,52.23082360493214],[-66.4366379810015,52.23090019915876],[-66.43667500737261,52.23106250044556],[-66.43656912213739,52.231343996253976],[-66.43641391133644,52.23149980853251],[-66.43663401688224,52.23184750561964],[-66.43651021678556,52.232486892268675],[-66.43671209930127,52.23262729154473],[-66.43686218087478,52.23281300504495],[-66.43690658194092,52.233007696781854],[-66.43687141364255,52.23319911135254],[-66.43697408338639,52.23334049569244],[-66.43730009137904,52.233406695082955],[-66.43758252442453,52.23359119228982],[-66.43791768446654,52.23404350070152],[-66.43868948921737,52.234756109641935],[-66.43890301612615,52.235656703691944],[-66.43909409298094,52.23589491130964],[-66.43961481123064,52.236906595798665],[-66.43996809006786,52.23783838853554],[-66.44130451932195,52.23917209314689],[-66.44160769969504,52.239392988326266],[-66.44185520175965,52.239496396306976],[-66.44254099152323,52.239648798995766],[-66.442798911604,52.23963429702461],[-66.44305782452541,52.23966039569774],[-66.44311798547278,52.23968828992033],[-66.45408986543833,52.246271353060315],[-66.4607586653122,52.2500399002657],[-66.46251015755813,52.251029491166186],[-66.47042344300182,52.25565522777399],[-66.45506810878504,52.26271960768749],[-66.4432452998761,52.26333676454741],[-66.43603236358345,52.26422772479146],[-66.43289163438605,52.26617430665292],[-66.43937042611303,52.277241052565905],[-66.44331929770472,52.28065711866053],[-66.44786358918022,52.28146631153792],[-66.4563414579906,52.279612983159026],[-66.46311027660586,52.28154955372856],[-66.46876521584882,52.284669483384285],[-66.46908326459254,52.28769630054339],[-66.46327080781474,52.29134512060313],[-66.45642684623705,52.29343859073261],[-66.45275145597128,52.29489241860639],[-66.44622819595432,52.29747213028527],[-66.44831414386083,52.2996759784003],[-66.4485204887857,52.29964690337151],[-66.44879319052802,52.29967699419292],[-66.45018209440914,52.30033940325375],[-66.45085549524171,52.300760210620716],[-66.45160418486952,52.30100149247375],[-66.45182188671102,52.30095479469997],[-66.45237819652722,52.30064479833697],[-66.45262809586782,52.30055709189617],[-66.45292008730397,52.3005625855576],[-66.45354759762391,52.300727593504696],[-66.45365050565765,52.3008689895392],[-66.4533698838925,52.301058596665555],[-66.4533926146475,52.301176305716055],[-66.45351630951977,52.301354098293565],[-66.45398991767456,52.30173609668924],[-66.4546836043504,52.30217299858264],[-66.455022107912,52.30218209190455],[-66.45614648686679,52.30259469506385],[-66.45653351389664,52.30268880362538],[-66.45668789605334,52.303037105454976],[-66.45665568570833,52.303077998180655],[-66.45673490965734,52.30306100253274],[-66.45680219041698,52.30310108479738],[-66.45702240208814,52.3031559916042],[-66.45730100855727,52.303157496109826],[-66.45747280568209,52.30312749439823],[-66.45785880250172,52.30318089739367],[-66.45806708518714,52.303292798227616],[-66.45841460641232,52.30339539458908],[-66.45893718337808,52.30333769324539],[-66.45925189078308,52.303460891583335],[-66.45961122220072,52.30350639928003],[-66.4599616112108,52.303458493879305],[-66.46033620701805,52.30331678828569],[-66.4608711861047,52.30267758706394],[-66.4612250160799,52.30249949383387],[-66.46129428743865,52.302348392745614],[-66.46181642042764,52.30199799368487],[-66.46208897374055,52.30175550631408],[-66.46201130691489,52.30156111189077],[-66.46217411665704,52.30143759941542],[-66.46232598905614,52.301411797487326],[-66.46269870410681,52.30146121241578],[-66.46276400740346,52.30142000180262],[-66.46295159417006,52.30149549415262],[-66.46271608786337,52.30190021119795],[-66.46277350806693,52.302078595187645],[-66.46292890715125,52.3021950981586],[-66.46300160166697,52.302186305617134],[-66.46322241102571,52.30226151165619],[-66.46359801951648,52.30270540024291],[-66.46403951367668,52.30285580318972],[-66.46421470004552,52.30296809008408],[-66.46426519221225,52.30313430375122],[-66.46402670605087,52.3034171037781],[-66.4641355776194,52.30380240638219],[-66.46382830732894,52.3039840978827],[-66.46388581376749,52.304162502553545],[-66.46433920425275,52.30452839263006],[-66.46445598383102,52.30469399371317],[-66.46482468335215,52.304853297386714],[-66.46469261591727,52.3051471964052],[-66.46498761366546,52.30527460267005],[-66.46573651645579,52.30551579584728],[-66.46551130997982,52.305802488781495],[-66.46557419393861,52.30593201201514],[-66.46553660686268,52.306021813244534],[-66.46520601218869,52.30606561515347],[-66.46528181215133,52.306178716121096],[-66.46528480596646,52.306300696996146],[-66.46485371889705,52.30630460153949],[-66.46474231597153,52.306362591175365],[-66.46467200494399,52.30647299526046],[-66.46494728592843,52.30687709972889],[-66.46483638198299,52.306955406104215],[-66.46487849861613,52.30704848778782],[-66.46509441633013,52.30719290290382],[-66.46537991749292,52.30720659364227],[-66.46565611459799,52.30710639724806],[-66.46640888613146,52.307237803406785],[-66.46663071093829,52.30735360239429],[-66.46662679974779,52.307463505595145],[-66.46648369374954,52.307582710220025],[-66.46608390738294,52.30777750237139],[-66.46599330341722,52.30787188798088],[-66.46602300804297,52.30800170877612],[-66.46630721453248,52.30822679780601],[-66.46652650970047,52.308513502337696],[-66.46669578730007,52.308654192119526],[-66.46711010043168,52.30877650061384],[-66.46713188416065,52.308853494142674],[-66.46697219396732,52.309371388214416],[-66.4670929215142,52.309427200734994],[-66.46731168410196,52.309421194649616],[-66.46802789900255,52.309138004255864],[-66.46895242087926,52.30896679583578],[-66.46936480708294,52.309280197863494],[-66.46939998748216,52.30936119030759],[-66.46924508973544,52.309537486272745],[-66.46856211156735,52.30982031573683],[-66.46844577472547,52.30994740674195],[-66.46858499064491,52.31021048624863],[-66.46820488738952,52.310400994542015],[-66.4681009903238,52.3107639034409],[-66.46813870324537,52.310946514507364],[-66.46867828664932,52.31130750396417],[-66.46907037965882,52.311332307288524],[-66.46923230406838,52.31144060937159],[-66.46928130356605,52.31154589828875],[-66.46903981281393,52.31170671016925],[-66.46883980028078,52.311667894821355],[-66.46871608458842,52.31176260204483],[-66.46898349989183,52.312113898356266],[-66.46912410144827,52.31216551368763],[-66.46916318848194,52.312136602056704],[-66.46954140641945,52.31213720342011],[-66.46983480184831,52.31193119850527],[-66.47000479483307,52.31236468480818],[-66.46978149916865,52.312460312388126],[-66.46955580270372,52.31245418772976],[-66.46945728965036,52.312495784020385],[-66.46943999285669,52.31260168968724],[-66.46976931256754,52.3127694068935],[-66.46992171690637,52.312763991746756],[-66.47017661408098,52.31260709462885],[-66.47038302424316,52.312637692577226],[-66.47081381690816,52.31288580620584],[-66.47078210651779,52.312947103270695],[-66.47035548956819,52.31313399857205],[-66.47037591034837,52.31342259807005],[-66.47022789591757,52.313610999571004],[-66.4702249784121,52.31376150474621],[-66.47098459302448,52.31470191079055],[-66.47129472225879,52.3151666945947],[-66.47165030630123,52.31559439803441],[-66.47183888200664,52.315710597166856],[-66.47201067811054,52.31568050221225],[-66.4722780043194,52.31548691568923],[-66.47227040262715,52.31518201062045],[-66.4720788020577,52.314943910521876],[-66.47228272025806,52.314872896050886],[-66.47272378035969,52.31500289622209],[-66.47397778346404,52.31499940592368],[-66.4741847043575,52.315050395405436],[-66.47424560400508,52.31509859100265],[-66.47372099835059,52.31534751140528],[-66.47355119686492,52.31545878519099],[-66.4735676056703,52.315584710007364],[-66.47375879134817,52.31580251097205],[-66.4739935204951,52.31590199273047],[-66.47430980129185,52.3158137026772],[-66.47478559320233,52.316004403796406],[-66.47510892011171,52.31592819545242],[-66.47523259017224,52.315833609211936],[-66.4752629096659,52.3159837096658],[-66.47520609404056,52.31637060313956],[-66.47541167741093,52.316633000280525],[-66.47533849655758,52.3168938977077],[-66.4751430006547,52.317038087577444],[-66.47466529302228,52.31703841251443],[-66.47442768674148,52.31708939084299],[-66.4743627866172,52.317150989509685],[-66.4742298813436,52.31767680277241],[-66.47456800803076,52.31766559749846],[-66.47459668174062,52.31775479913657],[-66.47436910837668,52.3179398943452],[-66.47441971877126,52.31810609656393],[-66.47465840444553,52.31836820052028],[-66.4748578957745,52.31838670207888],[-66.47493509676937,52.31828838904152],[-66.4749666794758,52.317954597629765],[-66.47521309676947,52.31772461232894],[-66.47518279258892,52.317574487157],[-66.47536058015115,52.31751590824651],[-66.47592760052291,52.317905007451245],[-66.47627471433351,52.31798721106287],[-66.47671179108814,52.31795469231279],[-66.4770602817265,52.31782529478464],[-66.47755461467459,52.31822330419117],[-66.47764530339727,52.31840141169903],[-66.47755671528199,52.31857710298288],[-66.47751608798464,52.31854489290291],[-66.47740579433514,52.318643504904415],[-66.477061180443,52.31866299665024],[-66.47666128387024,52.31885790771292],[-66.4762968970163,52.318881590017014],[-66.47620679852979,52.31899630483695],[-66.47629611860391,52.31938579152485],[-66.47642441847374,52.31947410209686],[-66.47664467827354,52.319529007674895],[-66.47690758883977,52.31942490526354],[-66.47707039304049,52.31930141078273],[-66.47713171447073,52.319097497546956],[-66.47728419195305,52.319091999684005],[-66.47732829152659,52.31926641021084],[-66.47716160559628,52.31949981257675],[-66.477250287783,52.319596488337254],[-66.47773060871388,52.31969780575384],[-66.4781405202859,52.31963699722866],[-66.47842870096986,52.31975230682565],[-66.4787724149392,52.31996460144471],[-66.47907908758803,52.32028699829466],[-66.47913248330555,52.32030280055367],[-66.47933321463519,52.320634408362785],[-66.47987038299564,52.32062119732584],[-66.48016660381992,52.320789210924964],[-66.48018891835208,52.320886603635515],[-66.48044199500394,52.32092091275927],[-66.48062969338923,52.3209964014153],[-66.48070999316994,52.32129250939178],[-66.4805652886426,52.32187529128196],[-66.480457510513,52.32207560016364],[-66.48036369396543,52.3225726078554],[-66.48040898630357,52.32306009170382],[-66.48017457705801,52.32350560098228],[-66.47996078593947,52.32371499682031],[-66.4799257021243,52.32390640920165],[-66.48006400553938,52.3241288150945],[-66.48092091437813,52.32469409512023],[-66.48097998497856,52.32493349158216],[-66.48096041820621,52.32521019336466],[-66.48111462127846,52.32553819838272],[-66.48154870285434,52.326180698501204],[-66.4820406104286,52.32647701617757],[-66.48481015392014,52.32982388501722],[-66.4867912074256,52.33220960096276],[-66.49051725452476,52.341637463698234],[-66.4837553396638,52.34508657254867],[-66.48357059253254,52.3451807875437],[-66.4835901882557,52.34524178506127],[-66.47687349412854,52.35155229059636],[-66.47653873367965,52.351676302358015],[-66.47113498009219,52.35367813230119],[-66.46726750632966,52.354522904342765],[-66.46341499638186,52.35335971263597],[-66.4533271046533,52.348380503908736],[-66.44860035621052,52.35013146096406],[-66.4401336387513,52.3554849372394],[-66.44009879631888,52.35548102842787],[-66.43659865317403,52.358810005439096],[-66.44110647691294,52.375809544216956],[-66.41987651394764,52.383023053115956],[-66.41426055464002,52.38156965557578],[-66.4139460030473,52.37854183556015],[-66.4098032608718,52.37452290525172],[-66.40527839662259,52.37279871526608],[-66.39469349046139,52.37042176421302],[-66.39458956414755,52.3705152462355],[-66.38712243597516,52.36983393002275],[-66.38101021884917,52.36757838320701],[-66.37526411147957,52.36366153915819],[-66.37486936317897,52.36325949595599],[-66.37479646507464,52.3631144342283],[-66.37018806908715,52.353940677315414],[-66.36384365297707,52.3513730900918],[-66.35451146136315,52.353555203219095],[-66.3489643074562,52.35635147027021],[-66.34404217533556,52.360415401904504],[-66.3436549045192,52.374868891059755],[-66.34649203714953,52.38076405052012],[-66.34011943344544,52.39255916369133],[-66.34171210642009,52.39721029733703],[-66.35638669640261,52.40341293011046],[-66.37290982018887,52.41303888398133],[-66.37278853149239,52.41669182989846],[-66.3615167800212,52.42556160038712],[-66.35881704527102,52.430757621488176],[-66.37431286320297,52.44840527624172],[-66.3868254259947,52.4599337271299],[-66.39080671530711,52.46593753011319],[-66.39310487783831,52.47611145386746],[-66.39390794123004,52.486267394536426],[-66.39383007029971,52.486255622808535],[-66.39386651317773,52.48636633136584],[-66.38158447841471,52.484083453383064],[-66.37250968306196,52.47317978688933],[-66.36605933929265,52.468562297878734],[-66.3606109556413,52.46641463807634],[-66.35558376464542,52.47322058177568],[-66.35812269629933,52.48825124505196],[-66.36385493106513,52.49434153770294],[-66.36472571493026,52.49917367549506],[-66.36470710640872,52.50007444498645],[-66.36455894164934,52.50723867234982],[-66.36638459145028,52.50971368003336],[-66.37025347130114,52.513017233834695],[-66.37644495215245,52.51559141833166],[-66.38288398935971,52.51895921227903],[-66.38888220254285,52.521238943760665],[-66.39546650659292,52.5243996266342],[-66.39852451325034,52.52689277220878],[-66.39921393800685,52.52877436471225],[-66.3953210730861,52.53093329884547],[-66.39011363066668,52.53153586647941],[-66.38417740639925,52.531463167411296],[-66.37558575728235,52.53119087518351],[-66.36863448845561,52.53085497729272],[-66.36809194668524,52.53089728551636],[-66.3651846613363,52.53112322438699],[-66.36437601228138,52.533210793811726],[-66.36418447384189,52.53420520742781],[-66.36451018365527,52.53536209933928],[-66.36509751432924,52.53687909433358],[-66.36513720711599,52.537163598472276],[-66.36484550476732,52.53755250416096],[-66.36460527734448,52.538461905361615],[-66.36468058156154,52.539454107490485],[-66.36453299419897,52.53972380551169],[-66.36411229533228,52.53971100252567],[-66.36386561978128,52.5394159933013],[-66.36358569730243,52.53943460521498],[-66.36328991475807,52.539640391778505],[-66.36319479088444,52.539864984175985],[-66.36354430106474,52.54028121104973],[-66.36353621291804,52.54052141155083],[-66.36304701012742,52.54103401046551],[-66.36304768322071,52.541367696463446],[-66.36366901800672,52.54200550550269],[-66.36371850583896,52.5421311981455],[-66.36376041323902,52.54251740989767],[-66.36466100521886,52.54340931126634],[-66.36601838050758,52.54594130391299],[-66.36633341122915,52.54690299769835],[-66.36731860375866,52.54829470849906],[-66.36717298273537,52.54925210773245],[-66.36686627919103,52.55047540178229],[-66.3671605088754,52.550501394123344],[-66.36733629855914,52.55030059640147],[-66.36749059540729,52.55033600103074],[-66.36768241501673,52.55055410875592],[-66.36706717954435,52.550807404863804],[-66.36714668495922,52.551083395597956],[-66.36706367986187,52.551250995868934],[-66.36667928499907,52.5513803091141],[-66.36644932739543,52.55154489383086],[-66.36616331153647,52.55159200105262],[-66.36579310599913,52.551452587385825],[-66.36554269118982,52.55099491014366],[-66.36515390268083,52.550920793398255],[-66.36498588919464,52.55117439204877],[-66.36514830710668,52.55157590718033],[-66.36564439245798,52.55197470057754],[-66.3655292943861,52.552203491674895],[-66.36570108795884,52.552425888492024],[-66.3656726903846,52.55264989294549],[-66.365867785545,52.552717494119435],[-66.36605479427831,52.55302518830202],[-66.36584661790158,52.553267002318314],[-66.36533609870669,52.5534299095668],[-66.36524570801129,52.5541711958558],[-66.3654386114365,52.55534968986468],[-66.36569798256428,52.55621429203302],[-66.36618168749509,52.55725610544576],[-66.36715358765957,52.558330489845346],[-66.36719732358303,52.55879809386247],[-66.36767779079737,52.559091210803004],[-66.3679651013679,52.55939809598122],[-66.36870700284432,52.56063720804004],[-66.36906568023555,52.56146029807654],[-66.37014249833568,52.564242885869334],[-66.3706006021462,52.565024501015294],[-66.37063258721192,52.5658625058718],[-66.37082150456736,52.56625161452482],[-66.37163809882898,52.56693660195686],[-66.37202562281797,52.56814199370388],[-66.37253451027685,52.56940330887236],[-66.37384588564515,52.57130509538572],[-66.37405799973926,52.571832308448705],[-66.37467289157672,52.5727509971628],[-66.37542671334066,52.5733062986224],[-66.37658692064832,52.57351640280012],[-66.3766999983578,52.57379220383698],[-66.37693961440067,52.57405470386154],[-66.37698181010545,52.574147893693585],[-66.3766667826468,52.57439879339425],[-66.37703489617566,52.574729412406796],[-66.37744088801834,52.5752631994561],[-66.37771219457338,52.57544409478149],[-66.37864291336085,52.57554619713219],[-66.3789331874187,52.57568209605456],[-66.38024350973093,52.57662338893221],[-66.38142818029091,52.577618702362145],[-66.38203299663242,52.57777640920847],[-66.38223189861009,52.578006696427],[-66.38212979715983,52.57821919355057],[-66.38268300028076,52.57846281110058],[-66.38418092473083,52.579418795401395],[-66.38559591369423,52.580249312367066],[-66.38612078610943,52.581009906829664],[-66.38604430860765,52.58116930671193],[-66.3858527082728,52.581264508861985],[-66.38578909141299,52.581407408217935],[-66.38596770244109,52.58162160466791],[-66.38614249569864,52.58167310501592],[-66.38622931768711,52.581375300204805],[-66.38650812088699,52.5812955917048],[-66.38760031984187,52.58203109955982],[-66.38790600628445,52.58254539114759],[-66.38882018034583,52.58308710628353],[-66.38873670766496,52.58323431391772],[-66.38855110385666,52.58330088998828],[-66.38769250724324,52.583149494292336],[-66.38690677326242,52.58267590465104],[-66.38633721063738,52.582599305240656],[-66.38613960676157,52.582722999751965],[-66.38603051303853,52.58292330823643],[-66.38617191185566,52.58326810236985],[-66.38598768288551,52.5836888019399],[-66.38627618639823,52.58374329238586],[-66.38647890991909,52.58384329767073],[-66.38659527923144,52.584261501331675],[-66.38709902245479,52.58467240176423],[-66.386783098665,52.58488260104877],[-66.38682618350641,52.585016494303716],[-66.38637440252273,52.58512609587901],[-66.3864379108646,52.58527621180727],[-66.38721349624504,52.58559520744309],[-66.38765221557014,52.58608799846552],[-66.38870019146697,52.58633551068582],[-66.38919231205186,52.58682379625708],[-66.38986959534915,52.587225109832474],[-66.39004998468157,52.58781358809339],[-66.38983151699856,52.588193902169145],[-66.39006299156604,52.58838320726188],[-66.39045689261866,52.58836768468449],[-66.3906001970546,52.58850079607288],[-66.39085121234767,52.58895850689818],[-66.39116290464523,52.589151187707316],[-66.39191679786572,52.58939310348684],[-66.3920272068954,52.589546806705584],[-66.39168901247821,52.58995260123139],[-66.39164768911021,52.590193005953026],[-66.39224482281851,52.59059089674382],[-66.39259278837646,52.59090539475674],[-66.39316021376581,52.59117320599262],[-66.39403289167184,52.59134900200024],[-66.39401161210225,52.591585200349705],[-66.39550050493334,52.59240680254274],[-66.39614921553353,52.59301181062321],[-66.39669631457443,52.59326350955303],[-66.39714500227949,52.59359750692839],[-66.39744429002762,52.594119906329674],[-66.39714921919297,52.594366605160616],[-66.39596009317475,52.594966789531426],[-66.39607239593616,52.5952019086236],[-66.39596151281368,52.59532080315175],[-66.39532071294374,52.59564779439219],[-66.39577500463672,52.59622591371701],[-66.39565118665172,52.59636120842743],[-66.39591150084311,52.59634680818377],[-66.39629898861197,52.596632507110016],[-66.39681640023026,52.59675418987819],[-66.39713327820003,52.5968777060591],[-66.39760381396023,52.59699579841195],[-66.39818480806483,52.59726758881241],[-66.39833159195751,52.597836099720304],[-66.3984749857416,52.59796909803392],[-66.39872228415636,52.59797109496402],[-66.39936172539998,52.5978760924994],[-66.39951627433653,52.59791140673801],[-66.3997613998303,52.59839769780301],[-66.40021437909218,52.598914799989515],[-66.4012990086912,52.59957700070202],[-66.4016573961022,52.600046000765275],[-66.40226360718634,52.600537415102416],[-66.40233418501502,52.60099260325018],[-66.40213748110938,52.601157003093576],[-66.4014297859132,52.60119159422658],[-66.40129198171138,52.60130259972084],[-66.4023280117752,52.60187981060955],[-66.40248848888487,52.601886606657565],[-66.4028041063441,52.6016559876643],[-66.40321899208026,52.60167678642698],[-66.40388549212403,52.601882784960225],[-66.40434778284737,52.60222070267884],[-66.40469958933048,52.60240478324247],[-66.40473488411162,52.602485890709936],[-66.40449830423555,52.60265890724966],[-66.40440600475083,52.60300558780757],[-66.40374240846654,52.603214790574874],[-66.40359118491652,52.60332189079323],[-66.40358151001816,52.60348070473874],[-66.4044150873987,52.603685191697814],[-66.40466758925668,52.60391090085988],[-66.40472009856228,52.60415870887298],[-66.40491842053694,52.60434829782079],[-66.40553009149654,52.6044976904284],[-66.40550280527252,52.604762514126094],[-66.40576459219908,52.6048090923328],[-66.40579390523756,52.604918694382306],[-66.4053511940181,52.60514230304971],[-66.40537729171643,52.60540250238786],[-66.40585691233552,52.605907103951054],[-66.40655218398564,52.605909290644895],[-66.40703671496091,52.605758610020374],[-66.40739779746595,52.605763601626414],[-66.40828761754832,52.606085594042035],[-66.40853521358723,52.6063805954123],[-66.40878730480762,52.60658599589738],[-66.40925010951848,52.60665119559172],[-66.4096205011645,52.606770108595825],[-66.4107399990263,52.60776568638856],[-66.4118965101907,52.60833771184694],[-66.41167030271069,52.6089581955737],[-66.41196840066392,52.609126592820104],[-66.41281471289243,52.60929430899976],[-66.41293812437385,52.60913859253305],[-66.41337480634621,52.608943516123944],[-66.41350510500499,52.60879990516659],[-66.4144081860536,52.60853980139456],[-66.4144909108455,52.60864491266925],[-66.41437999587707,52.60876390318095],[-66.41417349475284,52.60879408934177],[-66.413975785651,52.60891799965],[-66.41424699211085,52.60907839078308],[-66.41482399179525,52.6091670040506],[-66.41502139310552,52.609315897070594],[-66.4150487143842,52.60990980076803],[-66.41526838223906,52.610156196159565],[-66.41573171914459,52.610241702538026],[-66.41630601286566,52.61050129013165],[-66.41656300806194,52.61091008998379],[-66.41706781665522,52.61134119185915],[-66.41723008491995,52.61170200188972],[-66.41723769514772,52.612027512689444],[-66.41705698899351,52.61259069371892],[-66.41719859016179,52.61264239054372],[-66.41736750393027,52.61242930868188],[-66.41748908256281,52.61248519414295],[-66.41751238932478,52.6126233867863],[-66.41772188168974,52.61271519914129],[-66.41775430615796,52.61267420335732],[-66.417984200272,52.6127821066019],[-66.41765109890709,52.61311870681211],[-66.4171809842936,52.61331409525815],[-66.41720021847365,52.6135622056369],[-66.41750840777802,52.6135920021159],[-66.4178613972379,52.61381689840336],[-66.41781931346054,52.614016704303154],[-66.41799018012198,52.6141780055442],[-66.4178778872426,52.61423590103202],[-66.41750229582875,52.61418630017524],[-66.41715149292673,52.61377009737651],[-66.41628111924125,52.6137167008696],[-66.41623690793318,52.613541988775644],[-66.41638959610394,52.61349590590722],[-66.41637369889501,52.61339030366378],[-66.41648681207468,52.613080004786376],[-66.41633220375132,52.61304469017156],[-66.41617678376726,52.61326169846168],[-66.41587929278309,52.61340678923778],[-66.41556961299155,52.613315799068076],[-66.41507330033869,52.61325099922829],[-66.41423840744358,52.61357160346346],[-66.41350451363148,52.61363899575297],[-66.41390110664894,52.61401808959271],[-66.4144832769663,52.61403750272944],[-66.41458598578309,52.61413830090197],[-66.41490820970385,52.614192494162275],[-66.41507119365576,52.614300990136115],[-66.41522412013319,52.614547899162524],[-66.41516608818223,52.61464209148496],[-66.41516989850064,52.614804795343986],[-66.41525120350022,52.61484890291598],[-66.4155250813705,52.614838394702375],[-66.41571120052393,52.614791997414464],[-66.41600891543487,52.61494000306817],[-66.4160400912169,52.615131007171634],[-66.41635571057134,52.615759103754826],[-66.41624768342425,52.61600020110464],[-66.41637870629364,52.61616999232006],[-66.41669661872176,52.61604099073247],[-66.41682380963579,52.61604810089406],[-66.41706210828949,52.61622910465076],[-66.41709139540508,52.61633880291174],[-66.41698937816682,52.61655129953736],[-66.4170117994874,52.61664878595514],[-66.41738641570242,52.6166577086123],[-66.41756560881944,52.61659919162198],[-66.4179506071519,52.61676271034388],[-66.41789260572544,52.61685679887052],[-66.4172585024621,52.61690300317635],[-66.417337492493,52.617138409764735],[-66.41729951385162,52.61722830895468],[-66.41687389867788,52.617325610522514],[-66.41656977902811,52.61747880140806],[-66.4166256106087,52.617575996538655],[-66.41683168796149,52.61752538765872],[-66.41693389953498,52.61760589727488],[-66.41692759784782,52.6179071130125],[-66.41740508664822,52.61830999360639],[-66.41743171982114,52.618353630998115],[-66.4175929111785,52.61861759178296],[-66.41793580178266,52.61898091002516],[-66.41837711057815,52.61926200629464],[-66.42006291667958,52.61985780667309],[-66.42126250441154,52.62025030722053],[-66.42213071783753,52.62076770035947],[-66.42258140745474,52.6211625969156],[-66.42355929236963,52.621793099780994],[-66.42405858368379,52.62198000297927],[-66.42455667826533,52.62239890845865],[-66.42470870756677,52.62260510446273],[-66.42473588696306,52.62290608878],[-66.42446171907356,52.6231892973232],[-66.42432119985382,52.62347141099799],[-66.42444579146539,52.62364940514641],[-66.42555660684859,52.62423791258559],[-66.42599960833829,52.62487299382026],[-66.42647978449754,52.62537759707744],[-66.4269974077148,52.625771890200205],[-66.42871122039344,52.62752729194339],[-66.4389376274676,52.63537513378272],[-66.44027591727277,52.63640042729627],[-66.4327577563139,52.63981125477107],[-66.42379444959042,52.641376063431586],[-66.41636229033091,52.642044214095534],[-66.41757012225806,52.65120075359234],[-66.41115471336784,52.66042409273168],[-66.40523102501965,52.66719415801411],[-66.40224299297034,52.67453544745427],[-66.39472344045414,52.67923668089466],[-66.38865738287434,52.682284201809026],[-66.38292042516598,52.68007019352908],[-66.37485226038196,52.67467443956913],[-66.36613167109984,52.66739658174303],[-66.3662640076689,52.66581681015259],[-66.36317412798883,52.6600146037391],[-66.35575061778026,52.655589485879005],[-66.35550183811836,52.65552951112229],[-66.35083159218334,52.65041539621938],[-66.34077234957716,52.64544991096041],[-66.32382134635945,52.62194722473682],[-66.3194343855783,52.617590770561726],[-66.31997617368822,52.61343655092072],[-66.30930252235727,52.604590122542476],[-66.30633160104792,52.60474446908603],[-66.30321397309025,52.60270981022971],[-66.29077466591109,52.60009698936009],[-66.28457222522606,52.6042193263418],[-66.27990734744618,52.61739716268192],[-66.28085253693861,52.62428184384415],[-66.27738007263154,52.6344497453299],[-66.27769627155851,52.634452317085575],[-66.29576936985602,52.63459752288285],[-66.29580920581886,52.634610624592725],[-66.3036577735354,52.63719093051703],[-66.30198855481137,52.64044780165636],[-66.29673623851227,52.64536026395787],[-66.2999842773108,52.6502576787833],[-66.30707996499441,52.65485826478084],[-66.31149895986213,52.65895089847674],[-66.30778051384858,52.66296973066755],[-66.31371716464807,52.66966730831946],[-66.32856829894978,52.676636439357104],[-66.3371446368967,52.682168454301475],[-66.3387726681484,52.68461678384539],[-66.336083203609,52.68890216737988],[-66.33833375733631,52.69741214411538],[-66.33736627590369,52.70140422549883],[-66.32348332044614,52.71257851458547],[-66.32098393641203,52.71875826027103],[-66.3166299056093,52.72150868741285],[-66.30820281450612,52.724868529114055],[-66.3083317611196,52.72859107553834],[-66.32644216659106,52.73658107099739],[-66.33183213316363,52.74147443738597],[-66.32849834629826,52.750049185468804],[-66.32726898153786,52.75321023334035],[-66.33084112624958,52.761139582693666],[-66.34740991217667,52.778315572444605],[-66.35126947169469,52.78410375203939],[-66.34559756015219,52.78873174706851],[-66.34427681871014,52.795401276577046],[-66.34776237511542,52.799986655250414],[-66.35417960033978,52.80255854852192],[-66.35433777744552,52.80251152684462],[-66.38145855311444,52.79444318182787],[-66.38152804218498,52.79453074414631],[-66.38550388065221,52.799538711534055],[-66.38475727270323,52.80321965512272],[-66.38029788017361,52.80742299759709],[-66.37854894817269,52.80992473631373],[-66.37747347483955,52.81407482940319],[-66.38421988896965,52.820969984469926],[-66.38834742752923,52.826823728574254],[-66.4032816940137,52.83987306695152],[-66.40806005612293,52.84349459263902],[-66.41388278172226,52.84867394545782],[-66.41627932700432,52.858323105479144],[-66.41071410327112,52.872388684129675],[-66.39857546299663,52.878860594238596],[-66.39856235699386,52.878867578835035],[-66.37942045285075,52.87746819473249],[-66.37440397286717,52.87157086297272],[-66.37311623360678,52.86644477871282],[-66.36874556983354,52.863110357372456],[-66.35671542042417,52.85910757334442],[-66.35663375155463,52.85908039529328],[-66.3512562004454,52.85936031789529],[-66.33973069988863,52.86372228088019],[-66.33963909540434,52.86375694852249],[-66.32831225070308,52.86121618013769],[-66.32054977755217,52.85663787361315],[-66.31620997789403,52.85109360697401],[-66.30499817046918,52.84101289385623],[-66.29093919054601,52.83499458401305],[-66.28348298142103,52.83343122073859],[-66.2832364124783,52.83337951343025],[-66.27978346790178,52.83525816901591],[-66.2750178449634,52.840305233669945],[-66.2737161118691,52.84606050757825],[-66.27859842110587,52.85082509106646],[-66.28807901371381,52.8538202470656],[-66.29291944885523,52.85691180629043],[-66.29462932391738,52.8601201418934],[-66.29052155230802,52.86293298834529],[-66.29051561019303,52.86293705688279],[-66.28322288358984,52.86247787339639],[-66.28292279593447,52.86245896823181],[-66.2701872179811,52.86582391186406],[-66.25975871830867,52.86590589201704],[-66.25781762582194,52.86909763096698],[-66.26085965710874,52.874311882398366],[-66.26976183002684,52.87900463793481],[-66.27615948520207,52.88378982978259],[-66.2727446128687,52.896016795673326],[-66.28034479136774,52.90517155911311],[-66.28877794984031,52.9101092076226],[-66.29505289532075,52.91855174286844],[-66.303898292016,52.92377762572632],[-66.31162677148451,52.92668523498202],[-66.31550267349962,52.933770846483874],[-66.32195414162437,52.93893309053471],[-66.32337935105406,52.94298988931075],[-66.32505325716653,52.95190896689748],[-66.32677726095739,52.956411409899644],[-66.32700131942286,52.963482223146634],[-66.32547605374042,52.96825906375557],[-66.32668273947137,52.97262890816335],[-66.33886529201254,52.9831328906846],[-66.34299558395458,52.98769719179584],[-66.34484106699848,52.99333728005656],[-66.3497962534894,53.00005603170758],[-66.34981129397046,53.00005603552877],[-66.35010002017745,53.0000561010755],[-66.35011111790405,53.00005611371803],[-66.35020777920239,53.00005613899493],[-66.35279669050828,53.00005671598194],[-66.35489398501682,53.000057148342165],[-66.35490014693282,53.00007218178608],[-66.35491795955741,53.00011563981036],[-66.36077104399122,53.01439036697651],[-66.37027025290442,53.02475775358664],[-66.37040100395319,53.024571731367686],[-66.37322661465225,53.02055121960796],[-66.38265243668944,53.01978367618292],[-66.3828469687178,53.019808514729135],[-66.39352618538526,53.021171073476545],[-66.40607511169937,53.028143809027874],[-66.42358193781716,53.042131862366595],[-66.43183464116838,53.04820259681508],[-66.43210189369076,53.04818215265928],[-66.44261960360244,53.04737756726015],[-66.44270153305317,53.047410264789036],[-66.44673561476408,53.04902046370487],[-66.45247012349705,53.051847236401635],[-66.45921624947323,53.05517174942648],[-66.45925931396542,53.055052387506976],[-66.46026535772071,53.05226453789335],[-66.46172985139391,53.04688420292556],[-66.46644125068931,53.043916830392625],[-66.47498908910212,53.04252002548798],[-66.47289442500826,53.0379417347025],[-66.47108696344645,53.0339903708231],[-66.46996147349851,53.028546940219094],[-66.47432089316938,53.022317078958245],[-66.46783918140919,53.009957349649895],[-66.46687613959043,53.00475364989099],[-66.46190149724454,53.000115281875054],[-66.46196133787059,53.000023194839386],[-66.46621547590448,52.99347848511299],[-66.46961209028366,52.99097166471109],[-66.46981696443201,52.99106758472403],[-66.48447154762252,52.99792666152591],[-66.48472326218955,52.99791183412299],[-66.49269937068303,52.997441469035174],[-66.4882232795298,52.99114700334044],[-66.4887269044138,52.98572262470512],[-66.49383912677172,52.98404871886457],[-66.49528018860305,52.98104434013581],[-66.49234537404715,52.977719879940274],[-66.48980753055625,52.97429799250028],[-66.48932918410543,52.96604623898251],[-66.4883206379846,52.96043569233295],[-66.49015760562172,52.957334176279524],[-66.49481437009081,52.95019193761597],[-66.49968555937551,52.94705614945567],[-66.50077364009516,52.94635558944102],[-66.50094761092872,52.9464607250974],[-66.50700827762498,52.95012304347699],[-66.5102498360405,52.956300675670754],[-66.51427064860263,52.960891867878004],[-66.52002445545479,52.96394078099906],[-66.52018303199654,52.96387271810772],[-66.52611570890986,52.96132593269946],[-66.52918144431571,52.954572148409675],[-66.53054426105922,52.948376957485166],[-66.53752642425623,52.94400668656804],[-66.54777945064006,52.94106194704328],[-66.54805896556745,52.94108648551311],[-66.55612751193209,52.94179485144296],[-66.55617556295519,52.941785966439596],[-66.56290380197879,52.94054258077163],[-66.56996998779682,52.93698554334674],[-66.57699597269054,52.936786871870666],[-66.57705296194686,52.936808585422895],[-66.58477546808336,52.939751127983705],[-66.59360947614242,52.941198621183695],[-66.60174082177892,52.94979803611118],[-66.62555377300194,52.95424326388663],[-66.62559085560375,52.954205781028925],[-66.63213791035854,52.947589303814546],[-66.6329110870668,52.93134368234343],[-66.64818651304289,52.924909708817246],[-66.65028770692841,52.92187629505761],[-66.6421252619651,52.914265011015985],[-66.63210200621536,52.900833247901794],[-66.63241460544413,52.89754533291777],[-66.64201232766055,52.8974015429752],[-66.64207109317768,52.8974196121131],[-66.64930278634216,52.899643507074266],[-66.64936834405657,52.89958128938177],[-66.65407875739206,52.89510928174861],[-66.66329190906508,52.890311877406155],[-66.6636984311277,52.88546428399316],[-66.656714134496,52.88231032885616],[-66.6491545212795,52.87762371619001],[-66.64508110739513,52.87263119213434],[-66.65147317749226,52.87048785672449],[-66.65561728284578,52.86638889159663],[-66.65312391177997,52.861004929216236],[-66.64740093780165,52.85698061876629],[-66.64504509706737,52.8528191539486],[-66.64786767620237,52.84779195091829],[-66.65635799803694,52.84024124360074],[-66.66477961403035,52.830891564525835],[-66.66486418451281,52.81467853553744],[-66.66156434030579,52.808100686493496],[-66.65123228789199,52.796571007636715],[-66.64606237877027,52.78892346822867],[-66.64709680914072,52.78364248459599],[-66.6508120804469,52.78062594653716],[-66.65108573612665,52.780672255290945],[-66.66016782138608,52.78220824106741],[-66.66678007909731,52.78824062463927],[-66.67358648849459,52.79115413342574],[-66.67385647845327,52.79114974980642],[-66.68019121184516,52.79104668965693],[-66.68395017889021,52.78843637454794],[-66.68636894022114,52.783507155322575],[-66.68483944411818,52.77104584752949],[-66.68631179518914,52.76370009516325],[-66.69289090657335,52.76220119166785],[-66.69319660644835,52.76221693975045],[-66.71935735975885,52.763562194066466],[-66.74624048210337,52.77333089906491],[-66.75768346325536,52.781366562924994],[-66.76505335833465,52.791536913726866],[-66.77286556579654,52.797267625117854],[-66.78165145409994,52.79968215489788],[-66.78175258283945,52.79963764807695],[-66.78679535428034,52.797418933155605],[-66.77969666765148,52.78732010838058],[-66.77494047180629,52.775239967842026],[-66.75374631367316,52.75148810249316],[-66.75386246645827,52.74999099540472],[-66.75495035865325,52.73596691493935],[-66.75548259822166,52.7204745167508],[-66.75044080725166,52.714055721868995],[-66.75011777751948,52.70883094715321],[-66.7475752691292,52.70304430543444],[-66.76355120318122,52.70016515496966],[-66.77212673750938,52.696203598674956],[-66.76565090447987,52.684280917723946],[-66.7604274057836,52.678607590841565],[-66.75753881908115,52.67332728183717],[-66.76007972674664,52.66961973927325],[-66.76467600821307,52.66623500474651],[-66.7649345028751,52.666288487475704],[-66.7732234155506,52.66800335148995],[-66.78604788187988,52.673027941255974],[-66.79111240232517,52.67846122987118],[-66.79204210655878,52.68423291534038],[-66.80103738776685,52.708652652177854],[-66.80430271175048,52.71244333590135],[-66.80458084771506,52.71241701777354],[-66.81683540626423,52.71125696465367],[-66.81686677530679,52.71129732376426],[-66.82601479233065,52.72306324552031],[-66.83428176274383,52.73859202975398],[-66.83619446113765,52.7457963235429],[-66.8406388211053,52.75005535423002],[-66.84879221624874,52.75786600507412],[-66.85450694246433,52.765235437734916],[-66.85986494575899,52.768362788463655],[-66.85999687050166,52.76827061249487],[-66.86610568370479,52.764001752429515],[-66.86602425225713,52.75982986118203],[-66.86108100754551,52.75006005320228],[-66.8600646775463,52.74805075367309],[-66.85846001642834,52.736576541445935],[-66.85370000649019,52.721144818346396],[-66.85567934275551,52.71729451515938],[-66.85597943886195,52.71733263350066],[-66.86676240882184,52.718701909465246],[-66.88138574599975,52.727323367314575],[-66.8911672655553,52.732550236162375],[-66.89134740403045,52.73249283383421],[-66.89532742571774,52.731224468222564],[-66.89758103252677,52.727443098082986],[-66.87653011195295,52.71345220706368],[-66.87198418412454,52.709145550686756],[-66.8576018637267,52.69208230689961],[-66.84908448361759,52.67787774566083],[-66.8508790848728,52.6747724712438],[-66.863398135866,52.67358065591851],[-66.86347608993078,52.67361654813521],[-66.86908925550887,52.6762007807152],[-66.87233838831702,52.68097207307192],[-66.8725935462669,52.680901517481885],[-66.87794863700628,52.679420865375285],[-66.8796735243215,52.676890963601934],[-66.88606779981649,52.675141766399605],[-66.88628542217654,52.675181195983356],[-66.89446011479204,52.67666170620807],[-66.90257424319692,52.683841067475505],[-66.90171169544104,52.68797122079789],[-66.91731068029432,52.71520898149729],[-66.92944542682136,52.72892605475811],[-66.9378326423925,52.73142600945837],[-66.94387519736893,52.73689325431184],[-66.94887918705953,52.747236271936174],[-66.94896668532752,52.7500348809288],[-66.94926524160968,52.759582686368766],[-66.94957503835806,52.75949048898541],[-66.96151787734466,52.755935202333134],[-66.9764121819372,52.75357418488252],[-66.97904036365239,52.753145984031825],[-66.98983719592869,52.762168654897174],[-66.99961418552412,52.75928073924699],[-67.00000001900489,52.758925382378514],[-67.00967593552939,52.750011096928894],[-67.01613646680646,52.74405644619598],[-67.02157008057293,52.74659925384019],[-67.01885060695837,52.75002078856976],[-67.0171174852458,52.75220102095375],[-67.01975286642569,52.75503188281834],[-67.02482794193082,52.75570726072137],[-67.03101558816833,52.75003239274],[-67.03430408222714,52.747015631950674],[-67.03572422358975,52.75003651406488],[-67.0383014353664,52.75551726375695],[-67.03869574270156,52.75877509683691],[-67.03961664451006,52.76749595592079],[-67.04918507852229,52.7740298068362],[-67.067006743059,52.77511624892807],[-67.06881170415825,52.77773782729059],[-67.0626755551906,52.783908967614],[-67.06093051914893,52.791767040251365],[-67.05784719094869,52.80640063885846],[-67.0619704992714,52.814733875021936],[-67.06225284532029,52.81816110735736],[-67.05476731643274,52.827750511056465],[-67.04767168771019,52.83724020746684],[-67.04836701059774,52.84630076140021],[-67.05592523186291,52.85726712591722],[-67.05412877522895,52.86807761952291],[-67.06315078021048,52.875456792799945],[-67.07425222907823,52.87545180978704],[-67.09563971635535,52.86990466620899],[-67.1061878426212,52.865415673897424],[-67.11144378931411,52.864443956939134],[-67.11211678521516,52.8643195221886],[-67.12259782426003,52.86238076360807],[-67.13418765345533,52.851042592114595],[-67.14034373436147,52.85158226468712],[-67.14949478169372,52.85444283529135],[-67.15555165052749,52.84982530101777],[-67.15593342268757,52.846367367224396],[-67.15526342855034,52.837714811226476],[-67.15490018639115,52.82282314031186],[-67.16112912014017,52.817460379787676],[-67.16755928202771,52.8180675872824],[-67.1754106728557,52.82139433814037],[-67.18552486531837,52.831989202618615],[-67.19502878402402,52.83335489061849],[-67.20396321104188,52.835565170547596],[-67.20717651734226,52.838530097766096],[-67.2148472904017,52.843583136810096],[-67.22198913896149,52.84120519534396],[-67.22747230011296,52.841770833891935],[-67.23188610320861,52.84779274160136],[-67.24090416684668,52.85391599036186],[-67.23991164901292,52.85886018722512],[-67.25242135877073,52.86786254056701],[-67.25986421228161,52.87321602074092],[-67.26853269607592,52.877710714932576],[-67.29984503539386,52.884475992021216],[-67.30726980573351,52.87922842391134],[-67.3168244599596,52.87544768006963],[-67.32458005539884,52.877825527546236],[-67.32481031742924,52.88212581427171],[-67.33614504975229,52.8896252004451],[-67.34185734656502,52.89621403640075],[-67.33290860775085,52.90721964146893],[-67.33871254822546,52.916043541159404],[-67.34211572640938,52.916063123704475],[-67.3507742015127,52.92260390805539],[-67.35574290049875,52.92862777753913],[-67.35193706406089,52.93666575097165],[-67.344228942588,52.9418250340727],[-67.34006309995372,52.948814241544774],[-67.33266569926246,52.95981815494964],[-67.32147637386684,52.96540624665971],[-67.30692401824952,52.96888667188208],[-67.2974571766823,52.965601064261236],[-67.28824646132895,52.96430046414402],[-67.27583213787693,52.963814337707994],[-67.2637224092591,52.96917244316956],[-67.24848762353805,52.97600568031213],[-67.24452137184842,52.97951884972675],[-67.25530370506932,52.97928554872815],[-67.27044016662333,52.982044995281434],[-67.28330021063593,52.984242690366194],[-67.29411445833964,52.980807432161555],[-67.30830199739552,52.97787879732221],[-67.3231852557366,52.978644810737066],[-67.3453626157258,52.981195461561434],[-67.35381363689609,52.98678975790488],[-67.36342536108542,52.996191469395725],[-67.36686472360311,53.00007378734591],[-67.3688617430298,53.002327567351635],[-67.35896048091739,53.00599390587223],[-67.355371383909,53.00896117250331],[-67.35926702415246,53.01343911127683],[-67.36305220342219,53.02045333351339],[-67.36392743967656,53.02547404190003],[-67.36901022891328,53.03056180226273],[-67.37444031127204,53.038297423661895],[-67.38078607912166,53.04625595962662],[-67.38407483305436,53.059555838697555],[-67.38701877725998,53.07020784587443],[-67.3905426669435,53.07683537266952],[-67.39074620539847,53.086818792878425],[-67.39254118948662,53.09206316384848],[-67.3930288415598,53.10083429059322],[-67.38839712259393,53.107716984764934],[-67.39182635895263,53.11528260928195],[-67.39233682881797,53.12085503796144],[-67.38537895814729,53.13197943418124],[-67.3714123787021,53.135306588101024],[-67.36189884712296,53.13202526996176],[-67.3633222891262,53.125961569182174],[-67.36500481961951,53.12188446054113],[-67.3499861817142,53.13072183770222],[-67.34639793040628,53.132090146452036],[-67.33753067740304,53.12864310164896],[-67.34061578611453,53.121702324156104],[-67.34275803083463,53.117737336630924],[-67.33206747440687,53.12410288705912],[-67.31798447865417,53.129959995895476],[-67.30442523240156,53.138189111621394],[-67.29314079421798,53.138315634576315],[-67.28807608501863,53.14028361409709],[-67.28721460264775,53.14392134831158],[-67.2967793948793,53.151071217557394],[-67.30266983154321,53.15892502726224],[-67.29399441887999,53.163860036348154],[-67.28418277902767,53.17204524333224],[-67.27390894551286,53.18011770747195],[-67.26296834624736,53.18129056899822],[-67.25436854669096,53.17822330223848],[-67.24975661249889,53.17164025255255],[-67.24899501641247,53.16567912244018],[-67.23675609274025,53.16011368651088],[-67.22518336690206,53.15278438030183],[-67.21769474601919,53.149663774882306],[-67.20495046376533,53.14878173422247],[-67.17476605057342,53.148425766694935],[-67.15422798034292,53.14722548088718],[-67.14601902165934,53.14359985805961],[-67.13444653878709,53.13786062126889],[-67.13274508424708,53.13487322598163],[-67.1392102093874,53.13165088386456],[-67.14108218806871,53.12890200340525],[-67.12508800365484,53.12496031438839],[-67.12066929705422,53.119697335644354],[-67.11991484333696,53.10827523061767],[-67.1162019065583,53.10511194543557],[-67.11527901184068,53.11194697114432],[-67.10197551445374,53.118937646360706],[-67.08866713957495,53.12592680584578],[-67.08271292045886,53.13152086764844],[-67.07525539546413,53.13931289929457],[-67.06117802862421,53.14193667441917],[-67.0489226266648,53.13954918048208],[-67.05251777499903,53.132729632637776],[-67.05089985479624,53.124942221983254],[-67.04678598499115,53.11846430071185],[-67.05306332296216,53.11006113048128],[-67.06404007828745,53.10571120841292],[-67.06897385754816,53.10082993031876],[-67.0671664390712,53.093318197812295],[-67.06530970969216,53.08900542209845],[-67.06787845913249,53.08289754711554],[-67.0684906744133,53.07887463667803],[-67.05676684613364,53.078863014437076],[-67.04160760975128,53.076072141376024],[-67.02398304998064,53.07844879285963],[-67.01749083676744,53.077802538284416],[-67.0115610010453,53.08179247467212],[-67.00125687278299,53.084375829284234],[-66.99999999675887,53.08437383308597],[-66.98953142849297,53.08435675414102],[-66.98442990896622,53.08790930113321],[-66.98595281967124,53.095034472907415],[-66.98683190829013,53.10232114936295],[-66.99010121433544,53.10923709419319],[-66.99087320734262,53.117461082469084],[-66.98490601566057,53.12304950056942],[-66.97297337635496,53.12876435994212],[-66.95996500747692,53.13292618112312],[-66.95869543482524,53.1371102631422],[-66.97438718899141,53.13682761379714],[-66.99518234751564,53.138450619020546],[-67.00000001270647,53.14080501564258],[-67.00719092118024,53.144318292813914],[-67.01412280674957,53.15213959614606],[-67.01352979762791,53.16002495797352],[-67.00659011535103,53.16858843672033],[-67.00613301330114,53.16847525610566],[-67.0000000087825,53.17150504127739],[-66.9940009004837,53.174467886634815],[-66.9826478373606,53.177760823521815],[-66.9674470208991,53.18042046633107],[-66.95961727029929,53.18169280051479],[-66.96339603281017,53.19098689907203],[-66.9736088928911,53.200268066239936],[-66.97806167144363,53.21326331303983],[-66.97672734095929,53.2261110822394],[-66.97560989968501,53.2370845538178],[-66.97619245204484,53.245586227932314],[-66.97430631389575,53.250027167405115],[-66.96927214396992,53.261875236576856],[-66.96472538822091,53.273930895722074],[-66.95432675891593,53.28357473573695],[-66.95337047638596,53.29041163411325],[-66.95745734387147,53.298496545063415],[-66.95841549869574,53.30645033537946],[-66.9653372943402,53.31300660267754],[-66.98382003382746,53.32046719226587],[-66.99234959511263,53.32289477488724],[-66.99686217981018,53.32219776456491],[-67.00196233774227,53.32140971064268],[-67.01881419950497,53.32008052628444],[-67.02534829420004,53.326191229139205],[-67.02705061694671,53.334646127652945],[-67.02129783458774,53.34222841199572],[-67.00522171630672,53.34919509198631],[-67.00000000317401,53.35135833286152],[-66.99695178689774,53.35262092547194],[-66.99705696139925,53.35714780603977],[-66.99999999392196,53.35717946353558],[-67.0093259148029,53.357279291765884],[-67.01367585869303,53.361887449057726],[-67.00572718283719,53.367965649139876],[-66.99999998822767,53.37073868726182],[-66.99604663379942,53.37265246980513],[-66.98469173057896,53.372746148251636],[-66.9761001234036,53.368054072890914],[-66.97359141349774,53.36389784776094],[-66.9661033227235,53.364621762001285],[-66.95890524129047,53.36959746835234],[-66.95414208194268,53.37260180200154],[-66.95347338579825,53.38369288613745],[-66.94631966644567,53.390931659242405],[-66.93809651572927,53.391151895135316],[-66.93328011577408,53.391891769619264],[-66.92883031793112,53.39754718062149],[-66.92287244918732,53.399934858108594],[-66.91440933307595,53.398164213622955],[-66.91198463773517,53.39466919125166],[-66.90670779154448,53.395294220715044],[-66.9032048656989,53.39957523271861],[-66.89053683993983,53.40931061361427],[-66.890090887942,53.41306146015822],[-66.89447930630448,53.41993907151435],[-66.89990323721423,53.416776072070036],[-66.9078944923531,53.41456962086385],[-66.91628159803359,53.41567780824025],[-66.92444786028237,53.41866087790222],[-66.92565462276521,53.42314112849205],[-66.9256347012673,53.430899416207474],[-66.9273096162531,53.43442148333417],[-66.93176726966068,53.43687533517385],[-66.93500637049056,53.44153530070078],[-66.9305997356102,53.44945555788486],[-66.92495217748167,53.45449611948774],[-66.93044503156402,53.45746040039901],[-66.93463732172444,53.46074678375526],[-66.93432389255554,53.46742561944788],[-66.93791595196207,53.473137346752964],[-66.94452408696277,53.476053399086915],[-66.95447786412235,53.4733593277963],[-66.96426956185518,53.469338110223326],[-66.97107643985383,53.466511410421035],[-66.98536112440505,53.46456040468799],[-66.99582222429171,53.464240000135895],[-66.99898731950559,53.47370153534297],[-66.99629644456589,53.484617518700325],[-66.99271447981424,53.48823939151652],[-66.98384275396738,53.49249017319985],[-66.98562927018091,53.49614597607085],[-67.00000001932959,53.49596300655348],[-67.00000000083814,53.5000000074231],[-67.00665317746346,53.500007582644336],[-67.00849209863945,53.50208698872443],[-67.01141985986747,53.50955963204674],[-67.02042783980242,53.513700710206834],[-67.02751161218431,53.52219213847553],[-67.03030823871192,53.52673705370418],[-67.03592805184346,53.528758282544786],[-67.04282211376929,53.52658969848663],[-67.05370980647352,53.529579363772285],[-67.05623827676065,53.53373554110902],[-67.06202481720366,53.53708177934091],[-67.0720685467149,53.53503943754829],[-67.0804786492146,53.530667843882135],[-67.08430381382381,53.529032014289236],[-67.09480590000298,53.5271005298204],[-67.0999084853119,53.5267410536493],[-67.1143288707142,53.529301317296515],[-67.11875741282938,53.53070460007965],[-67.12339846235609,53.530231225271216],[-67.12988668986289,53.530208659824105],[-67.14134983813899,53.532363877923146],[-67.15768545007188,53.5376336099451],[-67.16944678581073,53.54564101715602],[-67.18001528643198,53.55303439044309],[-67.18913237683947,53.55075586575765],[-67.19041035745958,53.54496292392366],[-67.18899961916259,53.53915812746186],[-67.18907995615693,53.532752601919924],[-67.19743655965341,53.531574547462114],[-67.2062160084272,53.533711023778494],[-67.21161101079343,53.53213258896372],[-67.21876905944814,53.53034033609246],[-67.22908766736839,53.535739481507484],[-67.24086349804611,53.5437389781514],[-67.25033202639808,53.55117615944088],[-67.25740588112696,53.557388575721625],[-67.26429241298956,53.55520555952873],[-67.27239395504829,53.55203251176191],[-67.27845590461067,53.548685870871466],[-67.28629654088445,53.543522822319446],[-67.2983523470882,53.543233443837266],[-67.30815176461789,53.54624864817184],[-67.31866077312245,53.55296532997073],[-67.32370718629974,53.55900107598947],[-67.32159570254787,53.566836499593016],[-67.31799323793331,53.575274702335506],[-67.3132031029622,53.581499902592796],[-67.31354977333865,53.58415206067907],[-67.32532894337494,53.58507372607275],[-67.33496728499831,53.58676071432327],[-67.33994729791877,53.59053158506738],[-67.34734531450323,53.59392283239817],[-67.35336785980125,53.59537650696777],[-67.36283488395578,53.595734981097884],[-67.37693580742412,53.59720979062179],[-67.37931647393394,53.60163468749674],[-67.37380621945265,53.6057622739766],[-67.37369386445332,53.60830265665109],[-67.38324035683243,53.61092412962189],[-67.39473092293802,53.61465430703495],[-67.3950721788095,53.6189081903926],[-67.38992519118756,53.624087189504905],[-67.38719555812403,53.628885627221834],[-67.39142336613831,53.63535911733171],[-67.39260420983027,53.63917346269169],[-67.38942149845289,53.64225865359971],[-67.39578364570852,53.6495662342125],[-67.40399403118467,53.65892193923177],[-67.41314778357538,53.66689845008603],[-67.41421138496784,53.67485573918678],[-67.40424856174775,53.675992129781534],[-67.39633093294282,53.67729844515176],[-67.39684971288177,53.682879301446036],[-67.40333075545084,53.68764625951235],[-67.41382863665378,53.69048872910345],[-67.42160817417829,53.69652834264835],[-67.42556246440358,53.70421641316813],[-67.42746057094517,53.71333639458714],[-67.41941590185763,53.71878792771906],[-67.41779098085917,53.72513786491756],[-67.425806892137,53.72449296907878],[-67.4406209639333,53.72419337094942],[-67.43599885053641,53.71827200398206],[-67.4327730829929,53.71268503652136],[-67.43374213953734,53.706499419968544],[-67.44631378298321,53.70630470166889],[-67.46510927710295,53.70888259325556],[-67.4830593736479,53.71349997243896],[-67.49747956839938,53.716948723855324],[-67.50000001038654,53.71755125523451],[-67.5063190643235,53.71906153366608],[-67.50573656627819,53.72469603995231],[-67.51596821333831,53.72874389013224],[-67.51752694393635,53.73521031661583],[-67.50574618531776,53.744586320658016],[-67.49999998232447,53.74603589925947],[-67.49999998968528,53.75000000347246],[-67.5000000139523,53.757267351087215],[-67.50737431387718,53.7565233638451],[-67.51670194811054,53.755542022337096],[-67.52806807793515,53.75793295089147],[-67.53897509966495,53.75860926472701],[-67.54821122405163,53.75696202305182],[-67.55651030324738,53.756694394228695],[-67.5667684470319,53.75593063775888],[-67.58000530762256,53.757157407392235],[-67.59221902859356,53.757497823979435],[-67.59967521481462,53.75927068732605],[-67.6033062182769,53.76269856050788],[-67.59929029170087,53.766232525521374],[-67.58613818700806,53.76727364123264],[-67.56747609737438,53.77085005451407],[-67.55906920695256,53.77526265837754],[-67.55728254201259,53.78028929348259],[-67.56427538042921,53.78195374089628],[-67.57584351317422,53.78246118294641],[-67.59123127151769,53.786119739043265],[-67.60419506873394,53.79016161012279],[-67.60222661528634,53.79546535580509],[-67.58729058109232,53.79672668056671],[-67.55938152120538,53.79714517960389],[-67.54509726587035,53.79823548927512],[-67.53603301935551,53.8012090974151],[-67.52937883519115,53.808605902576076],[-67.52206765502095,53.81616737732046],[-67.51159126376712,53.82040825860522],[-67.49999999783911,53.82664568739762],[-67.49960831515934,53.82685640466852],[-67.49491390509124,53.83215451191569],[-67.49779003373301,53.8366907252811],[-67.49999999223434,53.83687243008248],[-67.5039546956173,53.83719746549283],[-67.5093872478885,53.834000068727335],[-67.5177881722601,53.83600137431556],[-67.52814825191577,53.83910982137888],[-67.53664793018123,53.840170301417814],[-67.54581284363341,53.837859595618774],[-67.5559057251102,53.83737282466981],[-67.56907096838611,53.841143355105665],[-67.57148974325172,53.845566762191524],[-67.5674537137382,53.85230577417825],[-67.56024662442911,53.85572567537552],[-67.56425882700077,53.8586034118772],[-67.57351456061251,53.858556326284386],[-67.57949259235399,53.8609377693746],[-67.57639471075527,53.86629637141734],[-67.5805048688284,53.86823409067191],[-67.5852804673442,53.86519786913126],[-67.59276684159737,53.86216330153883],[-67.59921678953475,53.8630516835609],[-67.6091189271922,53.86924736699465],[-67.61079442408557,53.87477524249464],[-67.60527207831055,53.877314837282725],[-67.60797990590306,53.88052200947005],[-67.61424164587169,53.884891578339165],[-67.61573105603476,53.890695869366326],[-67.61273074396236,53.89511633819456],[-67.60056728498816,53.89383856887298],[-67.59457967457523,53.89306101334643],[-67.59382598989743,53.89576893877671],[-67.60280548968551,53.8985381241105],[-67.60916460779242,53.9019685719296],[-67.60269466741664,53.909095557000164],[-67.59818941881345,53.91572602882503],[-67.59630593997043,53.92169476614142],[-67.60595015291912,53.922695393427055],[-67.61109693523065,53.925517216307185],[-67.61818992229931,53.9267912869026],[-67.62708877329192,53.92568916151613],[-67.63242786751448,53.92502752637902],[-67.63713029881711,53.930391371537404],[-67.64293812421712,53.92983987182901],[-67.65333580283396,53.928127790498316],[-67.66260854199685,53.92807305589357],[-67.66724781724749,53.93112187472309],[-67.67090193579256,53.9361521244688],[-67.6775554572834,53.94156891238652],[-67.67685142777252,53.94554062859342],[-67.6684180416789,53.948360611253925],[-67.66438834705274,53.950295559928655],[-67.6619515299451,53.9522856595144],[-67.667481604404,53.956155375713045],[-67.67666947175049,53.96184880418121],[-67.68454673744579,53.96627028091859],[-67.68126769552308,53.9719098204326],[-67.68727069545346,53.97428595059315],[-67.69983932893483,53.976604483161545],[-67.70809320496426,53.97726485132646],[-67.71690897903736,53.97709504245468],[-67.72516326326014,53.97775410567411],[-67.73360787679042,53.979739275101984],[-67.73895913964886,53.98227884577335],[-67.74337598777888,53.98620102579273],[-67.7476103245725,53.99200295674681],[-67.7545091252342,54.00000513146814],[-67.76231990366388,54.00001355557835],[-67.76647402060334,53.99386648361462],[-67.77622756344623,53.9923087606195],[-67.78083130877478,53.99434952214684],[-67.77659225827931,54.00002750074938],[-67.78732437417179,54.00003675144738],[-67.78312868648993,54.00866680979047],[-67.78913863780248,54.00943407080572],[-67.7972145555661,54.01036434351918],[-67.80660992308023,54.012563964164954],[-67.81600639376198,54.01476277965706],[-67.82062847993323,54.020008822147986],[-67.82168528783801,54.02570234706318],[-67.81466773487686,54.03207101668439],[-67.80800914687462,54.0346788712009],[-67.7984442721853,54.03916997651464],[-67.79103001429162,54.041280113385106],[-67.79349345318839,54.04730431925433],[-67.79408220296627,54.054492066266576],[-67.78582540157993,54.058648909905834],[-67.78086424109458,54.06517946202021],[-67.77881526127568,54.07143032517315],[-67.78523547833261,54.07966293027526],[-67.7883583749816,54.085521198723995],[-67.77566116270282,54.08575622306957],[-67.7618352576724,54.08604609301608],[-67.75808670737474,54.09157952800341],[-67.7610189417128,54.0977154221487],[-67.76770536298095,54.09992134943361],[-67.77400371200721,54.09786893912305],[-67.78190092456629,54.095869760634834],[-67.79187310866882,54.09563722889897],[-67.79950849971529,54.09966502144498],[-67.8054610835194,54.1061831654145],[-67.79974222102722,54.112218610703735],[-67.79816490857004,54.11858062812371],[-67.80354644725873,54.12272173022228],[-67.81025241624643,54.12813290962999],[-67.80114111132328,54.13433919186183],[-67.78178403090891,54.14841027366085],[-67.76503657165536,54.15700019276908],[-67.74826339103748,54.1575676160735],[-67.7344016013322,54.15304205057387],[-67.72959282117039,54.15127514098719],[-67.72177632792935,54.15393447630319],[-67.7059536105114,54.161132101400646],[-67.69634132613594,54.16240753160906],[-67.67532197374706,54.15876122188799],[-67.65703833708615,54.161527095957915],[-67.64440918559444,54.16080652178971],[-67.64063779657265,54.16312882409943],[-67.64808202012202,54.167444471604796],[-67.653454418437,54.16998950035459],[-67.65184915319236,54.177954375878514],[-67.65561950635413,54.183652045132014],[-67.6533547500629,54.188574831083145],[-67.6442974304292,54.193828481736844],[-67.6331660616666,54.19410246466934],[-67.62430207529474,54.19105722196821],[-67.61713230045933,54.19193941018279],[-67.61561810100852,54.195755535380066],[-67.62099233691106,54.198302319523],[-67.63146309974513,54.19979951418651],[-67.63589561549239,54.20212405397538],[-67.63815793102262,54.205222380725026],[-67.6306063437799,54.20826275441226],[-67.6230984229163,54.20842625981384],[-67.62830265204605,54.21275146535418],[-67.63522914747548,54.216010606326265],[-67.64394164685181,54.217822073607984],[-67.65176234458515,54.22152268208004],[-67.65491584979448,54.22484333183213],[-67.6557988643481,54.22508449101231],[-67.65976368648302,54.22890182989754],[-67.66401258646927,54.23310627554092],[-67.67052903778502,54.237199845353096],[-67.67733039852217,54.241680312733784],[-67.68082756516047,54.24699079474667],[-67.68112314517273,54.25005742561715],[-67.68130214419685,54.25191447789826],[-67.68310040519945,54.258110496044644],[-67.68489675546756,54.26340217448433],[-67.6882014204548,54.27313318624169],[-67.6865399314873,54.274100168030024],[-67.68625073947359,54.2742940775557],[-67.68595935020691,54.274688466449405],[-67.68558206192468,54.27492918416806],[-67.68524025382789,54.27505867723873],[-67.68304553461114,54.27529488454003],[-67.68279116217349,54.27524677861713],[-67.68239297180185,54.27500937018124],[-67.68232185627899,54.27474907511],[-67.68178914625828,54.274244382820235],[-67.68146595105611,54.27373548484072],[-67.68041925798117,54.27316336430709],[-67.6800205555957,54.27303637404204],[-67.67974474724939,54.27286186010953],[-67.67953345681055,54.272473483213304],[-67.67937126359465,54.27232948414412],[-67.67937425934383,54.27225987564159],[-67.67969525736198,54.27189357077133],[-67.67970523717686,54.27170517093877],[-67.67950874085665,54.27145147952397],[-67.67911763990998,54.27109527981768],[-67.67901925435943,54.27060647702437],[-67.67874944567711,54.27029276955293],[-67.67866773240965,54.270089975421016],[-67.67861783396594,54.26971466126628],[-67.6778710472582,54.26864987054217],[-67.67748056026885,54.26842446370429],[-67.67709962101118,54.2683625789517],[-67.67689623328492,54.268468881155805],[-67.67652502642088,54.26929427772872],[-67.67647085927717,54.27004387763634],[-67.67649113234759,54.27039106045348],[-67.67754155347934,54.271989773908615],[-67.67774706308467,54.27251737114855],[-67.67773525000784,54.27279567912224],[-67.67690644762187,54.274161875113016],[-67.67658643074753,54.274307384849095],[-67.67645986441963,54.274293578469184],[-67.67621783434915,54.274339267713245],[-67.67625875929491,54.27444066918344],[-67.67657995995418,54.274556965398965],[-67.67658712708744,54.27467957715246],[-67.67678946468882,54.27479407755035],[-67.67688063914042,54.27491907514765],[-67.6767067566569,54.27505346794215],[-67.67691505647231,54.275270188465996],[-67.67691564001689,54.27540096276892],[-67.67667206756174,54.275536770180864],[-67.67638985044142,54.275611871496174],[-67.67628573407667,54.275744869016634],[-67.67631486917573,54.27612467307383],[-67.67677103409592,54.276397779844444],[-67.67677582663151,54.276479477728486],[-67.67655283728429,54.276610680722385],[-67.67646174807706,54.276727067921904],[-67.67663104230827,54.276993583533915],[-67.67621763318006,54.2772145612676],[-67.67562714382063,54.27691548260943],[-67.67530573729503,54.276557884555395],[-67.67519672596693,54.27588517267363],[-67.67510913605187,54.27582147946766],[-67.67487905760369,54.27583016840436],[-67.67479564180486,54.275958671946725],[-67.67486675177962,54.27646026602622],[-67.67484636440324,54.277430078786466],[-67.67450925159177,54.277882570075114],[-67.67452135390609,54.27905208409805],[-67.67458654362935,54.27921026749073],[-67.67458716205576,54.27958247889674],[-67.67465763216676,54.2797119724517],[-67.67464245695476,54.28041169073405],[-67.67227965737149,54.2851117737436],[-67.67282850805883,54.287924595494225],[-67.67668661709823,54.29318862033953],[-67.67679283518144,54.29370824699635],[-67.67902436455462,54.300828521176605],[-67.67910450296935,54.30792390603764],[-67.67995634704724,54.3119234958609],[-67.6763661671315,54.31852430270763],[-67.68259068196295,54.32452433130765],[-67.6890491473825,54.3278675545819],[-67.6970163029411,54.330645009239845],[-67.70784659861437,54.3338275675214],[-67.71322388963512,54.335474971046295],[-67.72509843841326,54.3388544711776],[-67.73254267518192,54.34247716983959],[-67.73372222615237,54.34468193051126],[-67.74803672392139,54.350260855628754],[-67.73933768795887,54.35818048436454],[-67.73195822116145,54.36416188769504],[-67.72959661510139,54.36842447784602],[-67.73017232916321,54.37240858414381],[-67.73151039171071,54.378495227998535],[-67.72592404172934,54.38264912702949],[-67.7246983660736,54.386855787290585],[-67.73157841076095,54.39400985123202],[-67.74107371662593,54.39942721027197],[-67.74905894873302,54.40705882593238],[-67.7509649567036,54.41071008469778],[-67.75102276995838,54.41190875390633],[-67.754820357008,54.41279118533275],[-67.76298755619727,54.41532997286193],[-67.76896791507761,54.419553375336974],[-67.77089565073038,54.423701297439344],[-67.7763903506557,54.43527984896353],[-67.77225824866296,54.44171900133609],[-67.76391626406786,54.44425309477566],[-67.75047059879337,54.44085180036713],[-67.74051716530302,54.44146262580857],[-67.73431809241853,54.44433862211415],[-67.72799012854274,54.452426330169324],[-67.72749666128769,54.45739927967253],[-67.70546690383702,54.4562528321307],[-67.703434546633,54.45411169090581],[-67.70808408504745,54.44973720011378],[-67.7066534094634,54.44459019319022],[-67.69668093377963,54.44387408186986],[-67.68576093789582,54.44614613736842],[-67.6776892512443,54.44908100444842],[-67.66781166997058,54.45384196380408],[-67.66505698005585,54.45865759858239],[-67.6736084351711,54.46225508062017],[-67.67094841558686,54.46452473989536],[-67.66239631219646,54.4689531429412],[-67.66656151866574,54.47930290453144],[-67.66866689715043,54.484534279700505],[-67.66865760449421,54.484660604689395],[-67.66874448316952,54.484703909301885],[-67.66896820126313,54.48468308972088],[-67.66906928060652,54.48473020705775],[-67.66906748432739,54.48482028793467],[-67.6689735206756,54.48489580263251],[-67.66896941049882,54.484944991623934],[-67.66855362532877,54.48516599508923],[-67.66837327850608,54.4853292017086],[-67.66836620879002,54.48544799663453],[-67.66825789997368,54.48551969291811],[-67.6682566912934,54.48574070820386],[-67.66821749644151,54.48579059241608],[-67.66814312612934,54.485841094115415],[-67.66815150012167,54.485984196809696],[-67.66806518307122,54.48607179198345],[-67.66804741808627,54.486248092678125],[-67.66793370914262,54.48634861435548],[-67.66792131561877,54.486496196309666],[-67.66781300287542,54.486567892335245],[-67.66782009033169,54.486690491030465],[-67.66759878602898,54.48699358971993],[-67.66718478049732,54.48784879778952],[-67.66689809184741,54.488476503851686],[-67.66641618402393,54.48913259843663],[-67.66613888114631,54.48944089845101],[-67.66573550912199,54.489755808322606],[-67.66572597803406,54.48983370703275],[-67.66563731098846,54.489880515372846],[-67.66554510852065,54.49010730806003],[-67.6655279171634,54.49017320795629],[-67.66541302179232,54.49025319437487],[-67.66549577893797,54.49082850846809],[-67.66560048195089,54.490937002560095],[-67.66560348925888,54.49110880200984],[-67.6657069923162,54.491196810951855],[-67.66569451327818,54.49134429250491],[-67.66600690955251,54.49175959474257],[-67.66620629158655,54.49216490357751],[-67.66612830287474,54.49263710776635],[-67.6661384958725,54.4929315037263],[-67.66643370259156,54.49341259040956],[-67.66641817934729,54.493629801382816],[-67.6655868897602,54.49371989356154],[-67.6652946879034,54.49389348328133],[-67.66504781188722,54.49411930405195],[-67.66479128627367,54.49466450982175],[-67.66496558483094,54.49488210323962],[-67.66495197584962,54.49500920260422],[-67.6645794086027,54.49537261330572],[-67.66433188412203,54.495467510416795],[-67.66290308820504,54.49543839633852],[-67.66258290741332,54.49549380268753],[-67.66222168221643,54.495689198766605],[-67.66200270432256,54.49555020773912],[-67.66179970597574,54.49556651134782],[-67.66169620915501,54.49571998917436],[-67.66180208892324,54.49584879891942],[-67.66179081681923,54.49601680106435],[-67.66159850653676,54.49645848933501],[-67.66139379588391,54.49656478822064],[-67.66079992530632,54.496748393235144],[-67.66056360156337,54.4966752943016],[-67.6604177873349,54.496706798751674],[-67.66002379736341,54.49718519357125],[-67.65937200644169,54.49770548884356],[-67.6591286201445,54.49799260449975],[-67.65857619492111,54.4984086098467],[-67.65837319190648,54.498666293595996],[-67.65823387814703,54.49917239794943],[-67.6582392079608,54.49962649128797],[-67.6583104944496,54.4998870091842],[-67.65821889058681,54.50000000487103],[-67.65807000864231,54.50034600029692],[-67.65745040417649,54.500693797321226],[-67.65729680383689,54.500713104085115],[-67.65700748087504,54.500817008149525],[-67.65662119455965,54.5010660946734],[-67.65625462648983,54.5010486934655],[-67.65600810533502,54.501164112115106],[-67.65585339804589,54.50116300878902],[-67.65552780655098,54.50124720670295],[-67.65534569250251,54.5012588858276],[-67.6551499001414,54.501156407773976],[-67.65492489598556,54.50115668989514],[-67.65483859562475,54.5012442972669],[-67.65483680559662,54.50133439123676],[-67.65472421811668,54.50145530611917],[-67.65446649543675,54.50149719140612],[-67.65432658256312,54.501630908257674],[-67.65400519881236,54.5016657899884],[-67.65370641637836,54.5018476971271],[-67.65342480776562,54.50196369393166],[-67.65326340428187,54.502212412605175],[-67.65309259301347,54.502297589179356],[-67.65269020541002,54.5023913928693],[-67.65245149733965,54.502518901057826],[-67.65216140763906,54.50297470835902],[-67.652160813327,54.50308520603957],[-67.65193039753389,54.50335570681757],[-67.65183271529865,54.50361138928929],[-67.65158860901735,54.5037676152226],[-67.65154968801816,54.50418981083644],[-67.65149079928317,54.504264609679126],[-67.65135918669151,54.50430001025124],[-67.65115500773754,54.5045371934992],[-67.65095020573398,54.5046434991664],[-67.6508357955567,54.504854505693125],[-67.65053270152245,54.5050855089288],[-67.65053260453828,54.50532691378042],[-67.65060879205511,54.505427799760284],[-67.65061289081527,54.505619999483955],[-67.65044671338585,54.505787005057485],[-67.65038951466919,54.506013196447746],[-67.65022868994964,54.50615139030521],[-67.65021850515622,54.50633981357111],[-67.65012919521448,54.50649708553165],[-67.64988562103991,54.50678420128685],[-67.64984328384212,54.5069036953344],[-67.64922571339613,54.50753370344355],[-67.64924110748272,54.50779940678019],[-67.64889398223771,54.50799859982531],[-67.64883489063462,54.508314785112724],[-67.6486502960177,54.50852709634513],[-67.64849900940952,54.50858741197397],[-67.64837990489669,54.50871660909337],[-67.6484189958949,54.50914958694198],[-67.6480723888302,54.50947969568602],[-67.64805628262178,54.509565897770635],[-67.64743037135246,54.5093871745463],[-67.64270200022123,54.508032274247846],[-67.64111087605282,54.50458834607849],[-67.63902410648556,54.50007058253314],[-67.63871236278064,54.499395583418234],[-67.63700560531188,54.49225416816024],[-67.63246291431956,54.485050270972586],[-67.63189914327108,54.48108705228788],[-67.62787746020445,54.47358685800074],[-67.62094230072661,54.46820109537854],[-67.6094744405942,54.4657661811211],[-67.60048424300733,54.46609644762621],[-67.59263963255675,54.469003146055805],[-67.58856456027873,54.47461405376232],[-67.58646954684592,54.47886479218825],[-67.5865124597759,54.479169150639194],[-67.58644402779689,54.47916602106221],[-67.58168284311292,54.48287130033742],[-67.58632675323635,54.489738795722495],[-67.58165785494364,54.49410852785817],[-67.56844152273148,54.49326741093152],[-67.5523846984077,54.48854687785503],[-67.55087137013956,54.48594359702872],[-67.54259451152842,54.48754003532613],[-67.53193609169429,54.49018474469234],[-67.52653158051761,54.48602639393749],[-67.51827262311575,54.48280505999627],[-67.50981714193296,54.48146492349613],[-67.5004055193168,54.4815065539802],[-67.4999999885603,54.48178416802625],[-67.49620963989173,54.48437864798955],[-67.49495448588742,54.4885837683211],[-67.49911520844535,54.49373827423143],[-67.49999998288332,54.494613291144134],[-67.50000001914475,54.49999999549529],[-67.50000001784525,54.50694097093745],[-67.49962527560356,54.50735702745427],[-67.49351827698511,54.51138885580718],[-67.48093283632197,54.51679370715201],[-67.47311297794634,54.52010192235286],[-67.47370739349235,54.530391704496424],[-67.47724153561983,54.53435221374966],[-67.48266360669167,54.54351725164659],[-67.48470255507085,54.54543045092991],[-67.48930394608699,54.54494359932715],[-67.49762165972079,54.54533983171775],[-67.50206471372348,54.547738144767465],[-67.51147330076265,54.55251299180862],[-67.51600387578875,54.555959146472745],[-67.51691133372374,54.56219023475725],[-67.52337064030687,54.56723704597091],[-67.5268824224837,54.57095109690446],[-67.52429229820355,54.57548793782112],[-67.51891962037725,54.57637968253145],[-67.51303848562105,54.5773554855899],[-67.50093080922434,54.57805790590509],[-67.4999999993001,54.5787526202251],[-67.49174875482514,54.58490951460083],[-67.46763612430459,54.58376152674872],[-67.44833157826673,54.57569677739942],[-67.42902526183536,54.56923438560492],[-67.42342841728069,54.56534656209202],[-67.4230960646558,54.55787141332119],[-67.41573118897807,54.55379569240082],[-67.40607889130085,54.55290509913757],[-67.39394550537203,54.54490333999303],[-67.39407103894095,54.540751382321105],[-67.38646706878157,54.53896072357789],[-67.38373027122844,54.53574267727049],[-67.38289451155279,54.53297242572085],[-67.37796314723695,54.53052368601274],[-67.36864164799046,54.529613111833314],[-67.36419969948766,54.52567032034246],[-67.35767975663705,54.51995006847809],[-67.35779600157878,54.51740379779258],[-67.34923525258067,54.51699195219068],[-67.34321366307802,54.520074635160675],[-67.33530584205224,54.52110301079811],[-67.3296224411126,54.51815163616639],[-67.32947320425681,54.5136116491386],[-67.33227561434396,54.50880390498516],[-67.33430647660661,54.50510097740106],[-67.33070220766378,54.50392752679583],[-67.32407091992742,54.50541797228145],[-67.32051118531106,54.50972484324319],[-67.31545288995059,54.511425001532714],[-67.30351356081468,54.51197900721247],[-67.29343895166662,54.50645504548736],[-67.28790136070934,54.503456409264246],[-67.28798030615388,54.50003684000031],[-67.28807130107955,54.49609433771994],[-67.2866089802816,54.49027677160692],[-67.28207570263324,54.48727172915406],[-67.27257438112568,54.48662917292617],[-67.26960698115982,54.48850061184353],[-67.2688711190085,54.49508548224356],[-67.26275844369405,54.49749896283216],[-67.25639931129265,54.49631290526388],[-67.24974167917574,54.49634320490367],[-67.24498137867604,54.50000563144813],[-67.24494465165485,54.50003390996196],[-67.24745527370449,54.50513654544261],[-67.24834994309711,54.510177674658024],[-67.24458754906242,54.51475819794459],[-67.23706510132983,54.515227294764024],[-67.22934893432677,54.515971944298045],[-67.22683247885253,54.519560394466914],[-67.22781202609013,54.52526656491302],[-67.23443760608204,54.52844845403905],[-67.24110104558555,54.52841906014561],[-67.24917049260635,54.530332301032225],[-67.2595090848769,54.533748152504266],[-67.26631503058249,54.53825755731728],[-67.26779330463667,54.54247057361907],[-67.26316814613592,54.547491890280305],[-67.2622713407192,54.551142714348046],[-67.26906128462811,54.5485652806622],[-67.2778218103354,54.54870729219517],[-67.28998002307799,54.55190534887546],[-67.29710682799367,54.55359044480088],[-67.30270429475554,54.55587904270186],[-67.30200443086817,54.559254071236026],[-67.29257284448623,54.55927783417251],[-67.28103055104359,54.56073292631719],[-67.27444959937269,54.56142944809209],[-67.26850265999684,54.565173059020864],[-67.27045750995259,54.569498790549176],[-67.27581162044443,54.57688188905263],[-67.279918245616,54.58525714044677],[-67.28032699547353,54.59179226063385],[-67.26822747404776,54.59086324544929],[-67.25195515811448,54.58797932832741],[-67.24168983468995,54.58522707117101],[-67.23283325820171,54.58441737526401],[-67.23117571894748,54.58756692621991],[-67.23176981584272,54.593826170952795],[-67.2344229533579,54.603471336391024],[-67.23489286821561,54.612277482840724],[-67.2295159602632,54.615191096570136],[-67.22022556601354,54.61814409879189],[-67.20641043430936,54.61648139189543],[-67.1938290875474,54.61543140078853],[-67.18528916275648,54.611795093317056],[-67.17577872737638,54.6095381700303],[-67.16810648325125,54.61254926547791],[-67.16081441249271,54.615758140042736],[-67.16029291489218,54.61582033572528],[-67.16013688440331,54.6160562514866],[-67.1576441866536,54.61715287668492],[-67.15347027695277,54.62228340110513],[-67.14497364448319,54.62252037711253],[-67.13855100997596,54.624538659832815],[-67.14114145239584,54.63031021213085],[-67.14258639317026,54.636131656307505],[-67.13267588929553,54.641511112770864],[-67.1234568425058,54.64512102489434],[-67.12606979620506,54.649287322854846],[-67.12887834400986,54.65317761738599],[-67.12900346540052,54.65771941860912],[-67.1170098766031,54.66131537867979],[-67.10546550734337,54.66662920277491],[-67.08870660293302,54.66909018283645],[-67.07673091887588,54.6710758799387],[-67.07152851379834,54.67370627386058],[-67.07825226783905,54.67756382052133],[-67.08279226598627,54.68057867856471],[-67.07745281609728,54.68575638448985],[-67.06765634327547,54.688583613568376],[-67.06290081383712,54.6929331101778],[-67.070775463839,54.69674218665303],[-67.0741688355013,54.6998067155813],[-67.0732238545952,54.70506335389475],[-67.08601236140568,54.71294106920608],[-67.09799921106716,54.7235273210586],[-67.11068958723257,54.73234355999882],[-67.12490315532447,54.742163021907004],[-67.13155888840515,54.745352801217926],[-67.13771561927695,54.75003541137978],[-67.1378093547903,54.750070307619545],[-67.1496238953853,54.75446778938502],[-67.15726083743785,54.756275831787235],[-67.1580846897159,54.759049308805544],[-67.16342268528624,54.76095709938904],[-67.17041044239393,54.76132106651729],[-67.1774640927913,54.76395601919316],[-67.17644522367254,54.768549239537464],[-67.1759250390085,54.771649037680696],[-67.18018115936312,54.77587789952465],[-67.19323308025963,54.78186189232839],[-67.20570369792601,54.78867295897207],[-67.21341853149163,54.792748814248036],[-67.2221404392234,54.80092770891362],[-67.22588878251787,54.8082553759828],[-67.22187852904518,54.81472115401494],[-67.21762281476941,54.81758480743925],[-67.21843310503866,54.821964799969656],[-67.22137195682073,54.82491291609451],[-67.22798212293762,54.82582571738746],[-67.23508981909063,54.82524421889708],[-67.24361437822911,54.826606727318634],[-67.2447298108119,54.82976888856364],[-67.2544965119825,54.83174472964398],[-67.25917646375967,54.833811910518484],[-67.26343185997997,54.83964478518747],[-67.2680959294896,54.84331829532893],[-67.26706882104459,54.849519890220726],[-67.27161124131352,54.855741526969574],[-67.28296838581066,54.862596301235065],[-67.28272327034956,54.86769285883758],[-67.29238027456697,54.87221383370052],[-67.30424155402162,54.877572318202624],[-67.31065288408972,54.880363469216505],[-67.30915243833024,54.88645363744562],[-67.31400659117817,54.89145602740097],[-67.31569946638801,54.89539549384502],[-67.33514320388632,54.90348976562553],[-67.33471025404098,54.908863381642426],[-67.33993207652851,54.91652580150903],[-67.34698608733335,54.92397167591643],[-67.35405653645712,54.92981027788941],[-67.35439175288711,54.93568521300406],[-67.35772691131109,54.939684440538336],[-67.37032059306844,54.94165821053692],[-67.37586563778503,54.94649406324871],[-67.38449031503126,54.951725423034446],[-67.39303796829186,54.954683856937336],[-67.39975567350955,54.957858958610196],[-67.39770632142914,54.96156706448415],[-67.39893064265554,54.96539389579908],[-67.40458608221456,54.96928668165948],[-67.41333408388681,54.97196703183143],[-67.41436579737626,54.9760704464502],[-67.40960302135836,54.98204504270736],[-67.40292570345648,54.98596439604484],[-67.40194049025934,54.98895486501887],[-67.40886002501128,54.991853023135704],[-67.41433691295374,54.994414945003456],[-67.41634283728557,54.9971351847601],[-67.42172906242894,54.99903151583279],[-67.42227940370373,54.99977753689002],[-67.4224880834691,55.00006040666023],[-67.42402253797452,55.00214025090748],[-67.42756598560048,55.00586127401573],[-67.43758423029179,55.00754496322092],[-67.44587182125701,55.00850382813275],[-67.44535180438302,55.01482123799039],[-67.44434997108507,55.02102693942311],[-67.43910451544977,55.02689159116998],[-67.43964904663034,55.032490850162226],[-67.44916491109616,55.038883969066966],[-67.46303142166026,55.044674584196],[-67.47063445508697,55.04901162532514],[-67.46875594875303,55.057267401918544],[-67.46370387188607,55.06285691722808],[-67.45500478231904,55.06406035221003],[-67.44786364387569,55.063048860366145],[-67.44321674193105,55.06486894649542],[-67.44134105522463,55.07151705692904],[-67.43801746553771,55.07782966865179],[-67.42812296426209,55.08390677975329],[-67.41931468033827,55.08604963212972],[-67.40963252886569,55.088633237424716],[-67.40259120654972,55.086676663162145],[-67.3952636052058,55.0843308882001],[-67.38878565590903,55.08475846891646],[-67.38112260601376,55.08845327914296],[-67.36843859239274,55.09130281144443],[-67.35618460373713,55.08877489935764],[-67.34586127482875,55.0866946576688],[-67.33569149571593,55.089159577508994],[-67.32283786754581,55.0890653144328],[-67.30972934891497,55.0853654739255],[-67.29565948958799,55.08143918695387],[-67.28621592342337,55.0789128646635],[-67.27281181618109,55.076427253652504],[-67.26310323496587,55.07190243004328],[-67.25380766191131,55.065216452412535],[-67.2437302569739,55.05963544969811],[-67.23397883833421,55.051227871892635],[-67.23628382698615,55.04403082986613],[-67.24371902049786,55.04383760199202],[-67.2573052576712,55.0460500934329],[-67.26329640476968,55.04551765498502],[-67.26201206802152,55.039415735650564],[-67.26274249618413,55.034429758283245],[-67.26869453416323,55.02840951849223],[-67.27343484570025,55.027262358531644],[-67.27279210665981,55.02421156507607],[-67.25748460893915,55.02127419522761],[-67.24960948249613,55.018141083022726],[-67.24214645034444,55.01284739613202],[-67.23274323031275,55.008709631596766],[-67.22718847100715,55.00547319115123],[-67.21925057683114,55.0000653427356],[-67.21924254161867,55.00003048355307],[-67.21918696378347,54.99978919735108],[-67.21815175515094,54.99529444318001],[-67.21521919726068,54.99073786186116],[-67.2092281830334,54.98417348830563],[-67.19826608844528,54.98224349752399],[-67.18778552136844,54.980425319566166],[-67.17346248129769,54.970608520774434],[-67.16669667548149,54.96514704755774],[-67.15718459742772,54.95645834904653],[-67.13925519724073,54.950943612455944],[-67.130059878035,54.941035131230784],[-67.11836175598566,54.931501657319906],[-67.10100394466261,54.92127344465493],[-67.08509316706295,54.91138277284413],[-67.07643531183828,54.905463182296856],[-67.0741298151975,54.90412240276553],[-67.06614674337247,54.899478729010845],[-67.05651050443089,54.89493770906985],[-67.0497392727271,54.889009852225904],[-67.04893058649576,54.88830170798217],[-67.04135335264264,54.88166530366141],[-67.04059023874625,54.87567670711373],[-67.03985465863411,54.868081494263414],[-67.03900804453015,54.86731927767123],[-67.03304304385237,54.86194778244496],[-67.02139536115415,54.857891139694665],[-67.01301303420291,54.85396344401873],[-67.00362129071392,54.84753580580556],[-66.99999998288455,54.844913135701496],[-66.99698736312965,54.842730913143306],[-66.98852741831637,54.8381361073571],[-66.97700575034165,54.83313382735085],[-66.96051348839416,54.82726767718956],[-66.94784667065814,54.82231051364852],[-66.93942927635796,54.81610567244244],[-66.93447076798014,54.80975705965531],[-66.93111089617324,54.80508099330667],[-66.9270451520143,54.80217296558024],[-66.91850555089947,54.80239249145345],[-66.91347068533669,54.804740531266134],[-66.91126566640864,54.80937924192135],[-66.90252665565745,54.80987317493734],[-66.89772039346543,54.809408869097105],[-66.89572997121122,54.80921653813743],[-66.88735222498376,54.81076442927604],[-66.88132543519777,54.813776269410994],[-66.877231123,54.81539127517598],[-66.87566332704195,54.816009608216696],[-66.87511912170397,54.8156470747023],[-66.87093993207326,54.812862841384856],[-66.85929681275731,54.80718568879809],[-66.8459035830299,54.80046788510948],[-66.84292675123186,54.79948115467529],[-66.84090557463739,54.79737486030696],[-66.8344477564994,54.79176556626445],[-66.82837741214942,54.78897564982784],[-66.82322219243677,54.78582322506828],[-66.8127174503232,54.779397240856945],[-66.80874637400842,54.7784801200792],[-66.79994009022857,54.77644560558453],[-66.795067974348,54.77381509945317],[-66.7949232467403,54.7737729930702],[-66.78762759930976,54.769819972189275],[-66.7732377038398,54.765994483118334],[-66.77023497356483,54.762118511673464],[-66.76880255294198,54.7561745066509],[-66.7609329107346,54.75134682075591],[-66.75782879886702,54.74860545187976],[-66.75535750696191,54.746383373056126],[-66.75363029337632,54.74654528798006],[-66.75241102064568,54.746659571547426],[-66.75173086920022,54.74851006165703],[-66.75173800621945,54.75000196147455],[-66.75174597847597,54.751661268095894],[-66.75448924884088,54.75465164101209],[-66.75710183685014,54.7584765494048],[-66.75433196350586,54.75925116649862],[-66.74986224012827,54.75848171224541],[-66.7358959124796,54.75034695409812],[-66.73267845022369,54.74663267140175],[-66.72075528557497,54.73814077034697],[-66.71702472143203,54.735141131686085],[-66.71207140521247,54.73393155546613],[-66.7084109829946,54.734857497617234],[-66.70401594652157,54.73623553450998],[-66.70086819689016,54.736261942430026],[-66.6980121936511,54.734941933158],[-66.69792518959211,54.73377597482681],[-66.6977190438914,54.731014099940175],[-66.69631218004552,54.725954179852536],[-66.6917549779128,54.72182119180738],[-66.68238800238004,54.71506903745016],[-66.67529611189461,54.709229986914714],[-66.67248976921698,54.70818671690327],[-66.66911298085812,54.709672749210746],[-66.6672817727357,54.7110480610355],[-66.66700919078603,54.71316464372669],[-66.66878485730241,54.71567112567499],[-66.66587002675415,54.717859887596134],[-66.66651499565712,54.72338668564088],[-66.66281485730265,54.72886712721217],[-66.67287816141909,54.73667373539589],[-66.6749926184829,54.73783226263922],[-66.67951291787695,54.74491592989208],[-66.68624478813273,54.749435481849495],[-66.68775095937455,54.75005315462074],[-66.6997441530177,54.75496987010455],[-66.71143060990073,54.75838653639606],[-66.71809452954754,54.760782264483524],[-66.72634990917032,54.76789015731309],[-66.72793817148619,54.78004405150887],[-66.72641828788423,54.78303359083756],[-66.71782842404747,54.78472489410036],[-66.71693668208991,54.78843380283901],[-66.72111884816643,54.792540243673436],[-66.72776183486435,54.7986851602704],[-66.73372145383689,54.805284120183444],[-66.73999720248511,54.80908086027343],[-66.7373806033103,54.813200403473054],[-66.73288818253188,54.81149879285656],[-66.72448952354729,54.80679038417944],[-66.70713996826734,54.79765007333646],[-66.69008053526812,54.78712925837729],[-66.66831927981785,54.77422746056879],[-66.65942839757712,54.770217774535624],[-66.65416761712488,54.774523206148615],[-66.64461920953393,54.77882419732282],[-66.64438547684368,54.78062721434937],[-66.64726401862315,54.78504296368193],[-66.64598303332845,54.78927870735645],[-66.64325839176293,54.79254535506664],[-66.63822662843694,54.795047157866186],[-66.63353548628479,54.79411841149278],[-66.62403518080467,54.789958383547756],[-66.61988417052584,54.78729971260151],[-66.62567760201179,54.79903559138098],[-66.62209581982951,54.80002827698368],[-66.61345946807093,54.8020700846613],[-66.60962186898247,54.80341391142744],[-66.607089154729,54.80838078607948],[-66.60349572989315,54.81185069983925],[-66.60265109790359,54.81350631070309],[-66.60766785550193,54.81596169587666],[-66.61833224741025,54.822470760997376],[-66.62321475070009,54.82757920288323],[-66.63200016598071,54.83569772141937],[-66.63342840931253,54.841623031087984],[-66.63328427860405,54.84675487416028],[-66.63769822902275,54.84906177791263],[-66.64260224524958,54.84921353477136],[-66.65172294258109,54.84997031021267],[-66.6531404678895,54.85196581843616],[-66.65114194140338,54.85768261633428],[-66.6546231424563,54.86181100217226],[-66.65573281938065,54.868111454727064],[-66.65624055543225,54.87089918952609],[-66.65897185076551,54.87651787936416],[-66.66361196667295,54.88197685438371],[-66.66962932100499,54.88652763033318],[-66.67725138881787,54.89084461365451],[-66.68446995110762,54.89423699980743],[-66.68965363220691,54.89796505059505],[-66.68903421303544,54.902774731220894],[-66.68724355926827,54.907715717322915],[-66.6881548923565,54.91041464194572],[-66.68807286910085,54.913494287284266],[-66.68651411132711,54.91663169192171],[-66.68268979104793,54.91943032692066],[-66.68140817898896,54.92366778499017],[-66.68656829775523,54.92842282661703],[-66.69452966651194,54.93426450772396],[-66.70302750815041,54.94085392083696],[-66.7112226832937,54.947369342364375],[-66.71488532474076,54.95320801749685],[-66.71322623178611,54.9554953746239],[-66.72484318279739,54.96076457556907],[-66.7380437367646,54.96682488365032],[-66.74222369831521,54.96948020960143],[-66.73974833746362,54.974877441558746],[-66.73554053427226,54.975727466510506],[-66.7349272215771,54.9780594544415],[-66.74022852747203,54.98511539175444],[-66.74849168150286,54.98957523502648],[-66.76022674054812,54.99569188055484],[-66.76563999992001,54.99975401869945],[-66.76599037157192,55.00001691611552],[-66.75000001354601,55.000000012867304],[-66.74936834351992,55.00000069992424],[-66.75040247560638,55.00676637418395],[-66.74744145887931,55.00936249379775],[-66.74004067096742,55.00717611187163],[-66.73825648792382,55.00220329668476],[-66.73690770528978,55.0000140289326],[-66.71240299536854,55.0000360970182],[-66.70880545031771,55.00464437532977],[-66.6997681770443,55.00004534862389],[-66.68937815705026,55.00005188610595],[-66.68601355335723,55.000053791806224],[-66.68341817661495,54.995336830721484],[-66.67263614100797,54.990884897511066],[-66.66440380080842,54.98787152734758],[-66.65633588693699,54.98117612917775],[-66.64813560680444,54.977134914068394],[-66.64452718961256,54.97793197751598],[-66.63870597798007,54.97980122662439],[-66.63429555097932,54.98138863529891],[-66.6299469304529,54.983048917240495],[-66.62705751430316,54.98486015872766],[-66.62850880110688,54.987416497442155],[-66.63615708888813,54.994537345149595],[-66.64349605912517,54.999752143724656],[-66.64362921352821,54.99984670349801],[-66.6439835626363,55.00006898222784],[-66.65297150189924,55.00570534448363],[-66.65640742119963,55.00793588144642],[-66.65915712262232,55.01230778846609],[-66.65965531775318,55.0159376051879],[-66.66475842820347,55.02067438665552],[-66.67168358923018,55.025547623605775],[-66.67637336597265,55.02797786362777],[-66.68206866572697,55.02974672771674],[-66.68748283311926,55.02974306496441],[-66.69259975974202,55.02966779771934],[-66.69788038609025,55.02792708060835],[-66.70604125374334,55.03038630536233],[-66.71052321338577,55.03286483449133],[-66.71644455142183,55.03408406983954],[-66.718276344042,55.03612720893016],[-66.72106122262404,55.03950148641224],[-66.72439324243098,55.041402676132876],[-66.7327203401378,55.04339744548995],[-66.7350376526636,55.04405267662039],[-66.7351463135289,55.049191154878244],[-66.73337133501899,55.053076739031155],[-66.73287204744203,55.05857105645957],[-66.73507821524487,55.06010167752597],[-66.74591397415034,55.066102996791415],[-66.74704216934757,55.06767602180846],[-66.74658171560665,55.07408162535281],[-66.74994261640907,55.07859432297938],[-66.75555010035202,55.08675119918397],[-66.75362656126437,55.090601857214985],[-66.7467882612159,55.0920748904241],[-66.7408575021692,55.08845134760392],[-66.73135649193522,55.08156695926713],[-66.72094042273203,55.075464485770816],[-66.69925068607702,55.06324934493052],[-66.69444180779173,55.06169521887169],[-66.69229518403978,55.062484029288015],[-66.69486279912111,55.06951736651911],[-66.70745276064378,55.07814988441784],[-66.72372123543421,55.08725911177254],[-66.73283840658473,55.092749110666354],[-66.73576457312004,55.097860236599175],[-66.7412612031097,55.10328489341171],[-66.750148943432,55.109819948477856],[-66.75494165324794,55.11357129005423],[-66.7627651775263,55.11483807248813],[-66.76759583413744,55.114688192733745],[-66.77165636766907,55.11415380399969],[-66.779651435613,55.1108495868491],[-66.78867299169335,55.11841379304591],[-66.78596884496979,55.12237938342377],[-66.77558851810359,55.12872413590766],[-66.76760260707462,55.13513895873059],[-66.76921838836209,55.13652686421076],[-66.77971972306891,55.13893110284111],[-66.77608170179451,55.14417819280232],[-66.7676944402397,55.14969638490912],[-66.7597516790441,55.1505084802742],[-66.7521070748564,55.14898511348415],[-66.74857701933901,55.148543606979075],[-66.74572936639665,55.15317764194642],[-66.74673504737285,55.1585310443662],[-66.75433139469777,55.16806357663651],[-66.75696807685354,55.171900699673216],[-66.75701805173544,55.177126115823974],[-66.76062702748561,55.18781189882183],[-66.74910470844023,55.18727077798978],[-66.7419620861246,55.18817426754612],[-66.73810325423337,55.19106418899483],[-66.73940857397051,55.19408299628652],[-66.75531366291,55.205696032063365],[-66.75704443414435,55.21342792700262],[-66.75520153438748,55.21499427692417],[-66.74890041761977,55.21569894258896],[-66.71971727183089,55.209541967372594],[-66.71063369711834,55.205167222076184],[-66.69310305776371,55.19195217750835],[-66.68358412348422,55.18506205852608],[-66.67486894841859,55.17635646153739],[-66.67161118769485,55.175777414339905],[-66.67036329828586,55.1774850293618],[-66.67184691977066,55.18145153049683],[-66.68506836923356,55.2024699224853],[-66.68941205398787,55.20972743390302],[-66.70465612007773,55.224402141383315],[-66.70723085962909,55.227123087693144],[-66.72653192886094,55.2355385036729],[-66.74023220235973,55.24802997916266],[-66.7431484732148,55.250007486742795],[-66.74410759622991,55.250657817141644],[-66.75695898098361,55.25662522767191],[-66.76718344083997,55.26186526257251],[-66.78025532193985,55.268983656891166],[-66.78635720705324,55.27314058603518],[-66.79612017162891,55.281675189353095],[-66.80901168773484,55.29315574381301],[-66.82056257968372,55.30431544121496],[-66.82372582244675,55.30696976462976],[-66.82302679257307,55.313721128105186],[-66.82766429906958,55.32494592988697],[-66.82843769582954,55.32681719247668],[-66.81519458857686,55.32492080717623],[-66.81486108973309,55.32472092957458],[-66.81477867703768,55.32462763459217],[-66.81449450933077,55.32452032747095],[-66.81437910524447,55.32450934057058],[-66.81425060463344,55.324535422871534],[-66.8141518961736,55.3245899406898],[-66.81416858894691,55.32478908916479],[-66.80067150364079,55.322952080668266],[-66.79988869178472,55.32327537685443],[-66.80059377058245,55.32785420673099],[-66.80252243846022,55.33172041781562],[-66.81500510243184,55.34089427969678],[-66.818329487581,55.34839884172058],[-66.81874149041131,55.35531398326394],[-66.80784293048522,55.35674402776537],[-66.7892621981829,55.35254212587966],[-66.77846228213939,55.35238815154646],[-66.77477372801428,55.350209575591435],[-66.76637274643637,55.34460581128285],[-66.76262275190896,55.340105150317704],[-66.75483813861374,55.33534810065503],[-66.74003610805772,55.32791919859226],[-66.73456882366163,55.32120275647327],[-66.72761458348663,55.31844525748031],[-66.72098350908456,55.31837220314476],[-66.70854774235444,55.31661578986899],[-66.70028803484483,55.312040107509915],[-66.69694018258879,55.30532309210352],[-66.69941917286191,55.29257054222009],[-66.70063362623677,55.28995062957511],[-66.69742029165532,55.286174922487426],[-66.68958206069702,55.28079434376957],[-66.66977348310998,55.269444731597744],[-66.66446681039514,55.26205651664824],[-66.65863745630455,55.25514478974525],[-66.65382251215722,55.256201419534136],[-66.6444266927342,55.2671010215295],[-66.63957143365218,55.268448979373304],[-66.63438634628959,55.26761034594733],[-66.62657286567926,55.266042173751615],[-66.62179950903487,55.26871388492516],[-66.62224469044122,55.273136338153705],[-66.61803494102126,55.27815132980308],[-66.60747041011744,55.2748195169544],[-66.60279262793442,55.26898138334835],[-66.59094739214387,55.260220494920304],[-66.58107416577177,55.252130924440216],[-66.57875362663346,55.25006055434253],[-66.56568894198905,55.238399307363814],[-66.55580082669134,55.2351209942324],[-66.54559502013082,55.23537989511211],[-66.54074387308151,55.22979564476169],[-66.53188668556623,55.21963231932795],[-66.52954514789117,55.21565474419057],[-66.52203701857069,55.20581404134328],[-66.51910864336523,55.20048951409724],[-66.51641656769587,55.19532212965496],[-66.51230428630784,55.19423106424288],[-66.51156545756398,55.200480365016915],[-66.5074040597561,55.204700175134086],[-66.50255202174253,55.206041958635645],[-66.50000002212026,55.205711240219664],[-66.4953379757085,55.205106902441564],[-66.49274859424575,55.203377880257676],[-66.48828694883188,55.197280020100976],[-66.48210851499692,55.183033334304305],[-66.48048937330948,55.17832354835087],[-66.47239940365787,55.16763167403027],[-66.46642624676426,55.160262408744494],[-66.45256186501729,55.14837262900678],[-66.4447074193793,55.14094749450133],[-66.4341338411302,55.135073068711264],[-66.41965700243163,55.13116486990451],[-66.41133237374453,55.122013591496035],[-66.40210266506875,55.1131436953839],[-66.38460066153279,55.10266567173404],[-66.37234828006959,55.09315715782389],[-66.35499499954804,55.08320920332816],[-66.34611269897354,55.07531885014862],[-66.33314598811502,55.06703520671375],[-66.32171971308914,55.0569128418845],[-66.31352868806509,55.045265136778525],[-66.31016182773945,55.04082483104914],[-66.30359716611044,55.03550316690834],[-66.29406554480417,55.03393027307007],[-66.28290240539982,55.03210510188326],[-66.2829146033025,55.032006696342975],[-66.28310409087338,55.03186620434282],[-66.2830431834011,55.031686391599344],[-66.28291021856299,55.031466197681254],[-66.28253861680098,55.03108789596007],[-66.282122217649,55.030951598522705],[-66.2813754991035,55.03036698590226],[-66.28121288808727,55.03009788984388],[-66.28129901221877,55.029786004167136],[-66.2808252917061,55.02929789367544],[-66.28044151225323,55.02901801549204],[-66.28014951197537,55.028692415148356],[-66.28001219288022,55.02860329846272],[-66.27977878199614,55.028355105237566],[-66.27930600113956,55.027572088646345],[-66.27879499117552,55.027002286153966],[-66.27838208385513,55.02669389215996],[-66.27802492340042,55.026319597887614],[-66.27756380832112,55.02608940096391],[-66.27746170460388,55.0259794873356],[-66.27675251037104,55.02581240689778],[-66.27661469413758,55.025702802998616],[-66.27621320955595,55.02559089456793],[-66.27609019734196,55.02550580618975],[-66.27611060781449,55.02546061301654],[-66.27642270301254,55.02538471165229],[-66.27648720883691,55.024720811678684],[-66.27662801009525,55.0246378936047],[-66.27661891258323,55.0245438056695],[-66.26797434224527,55.01483421231705],[-66.26028384134597,55.00018264695622],[-66.25993487597918,55.00001078517085],[-66.25940477894683,54.99974965535306],[-66.25054536062947,54.995384875608394],[-66.24774012684415,54.98524557002966],[-66.2477991483403,54.978321819936646],[-66.24641601696115,54.97546904201025],[-66.2422734811414,54.97445364894598],[-66.23954023662142,54.977906441118904],[-66.23553201772613,54.99180698228274],[-66.21732128894632,54.98452530369609],[-66.21488300490769,54.98121149908081],[-66.21012537796227,54.97913869809438],[-66.20567131881981,54.97995633762057],[-66.1969520283936,54.981335892651536],[-66.18860830979449,54.980795290244394],[-66.17789092650841,54.97544542066592],[-66.16798334133966,54.97300932589132],[-66.16277024254677,54.974845911345014],[-66.16074842040659,54.97897666714264],[-66.16158366654443,54.987734146027755],[-66.15256124147379,54.98551485328109],[-66.14358133203756,54.98229878857347],[-66.13700940432739,54.97725952949575],[-66.12146487863761,54.97041115124014],[-66.11667172543976,54.96792139692169],[-66.11111928071055,54.96363380257525],[-66.10670800341238,54.95922456491707],[-66.09915328986592,54.954341153409935],[-66.0877387734543,54.94971154983472],[-66.07453952262412,54.939505323352115],[-66.06891380175522,54.933685527657325],[-66.06449035563773,54.92906844218654],[-66.05907462928032,54.9260174745268],[-66.0484348636729,54.92036428136693],[-66.04082558958056,54.91908434952921],[-66.03725868775517,54.920818702897975],[-66.03643110021744,54.923332166951596],[-66.04065996130993,54.9282052321118],[-66.04630366328676,54.932824005049504],[-66.04899545049008,54.93741658731109],[-66.0424075845281,54.94061899531117],[-66.03122199107906,54.94248168485193],[-66.02339588757931,54.94195334306085],[-66.00219687021341,54.933577983268975],[-66.00000001383788,54.93255756138807],[-65.99661549226015,54.930985294116766],[-65.98659514838813,54.931520812546324],[-65.9765771905185,54.93135098087439],[-65.96513058542794,54.929818082045735],[-65.95660131504155,54.93676567643743],[-65.94600166711663,54.93433317693216],[-65.93898969599086,54.936217060492176],[-65.93166428773259,54.94030200214805],[-65.93163384605657,54.940287166356086],[-65.93100750747165,54.93998219079628],[-65.92920022295837,54.93947049466985],[-65.92838370157538,54.93928550752169],[-65.92830660458158,54.93926359665007],[-65.92821821344697,54.93936721024973],[-65.92815750269159,54.939662202641756],[-65.92469998893417,54.940060671868466],[-65.91904797382696,54.93760487568718],[-65.91357554716694,54.9353360517219],[-65.88800770901159,54.92533985214529],[-65.87121262120915,54.92347042307462],[-65.85993523500619,54.92589848055597],[-65.84984542374296,54.927210876401155],[-65.83927075996706,54.91428702565768],[-65.83932122538494,54.91421755660615],[-65.83862044362921,54.907956682920336],[-65.84408713783573,54.9021084432034],[-65.85542749567904,54.89622620087261],[-65.85723390553827,54.892967680358865],[-65.84477076943021,54.88582154657567],[-65.83664731974382,54.88197610419718],[-65.83638660617676,54.87465265407305],[-65.84469591964829,54.86150946457883],[-65.84855087838386,54.85824006401112],[-65.8530718236904,54.85594358846727],[-65.85064590200952,54.850801259805664],[-65.83831487531461,54.83652753124597],[-65.83044944168172,54.83072772728284],[-65.81906041786303,54.82404380958567],[-65.78703816118241,54.809055191608586],[-65.77742521960133,54.802809649007436],[-65.7719951902687,54.79680706061185],[-65.76569986222664,54.78917462989347],[-65.75702462878594,54.78679145731224],[-65.75236472300342,54.78208973195275],[-65.74665557487516,54.775308225449976],[-65.74297519443658,54.769541079431704],[-65.73306075834401,54.76371608895734],[-65.73249924779932,54.75913709944775],[-65.72463294398649,54.750599098185404],[-65.72397712875079,54.7500264999],[-65.71359276051012,54.74095658880998],[-65.71350667121163,54.7392202337143],[-65.71598607329355,54.73500449505586],[-65.71955758068503,54.732577208498064],[-65.72047007446847,54.731597151831004],[-65.71327303420152,54.72403242321797],[-65.70620972582591,54.717912425566915],[-65.6931728010367,54.70816403447135],[-65.6901153121841,54.711527017342355],[-65.66966984488094,54.71876649500649],[-65.66212030869835,54.72391938076021],[-65.65636976051101,54.72761040127767],[-65.65120427663706,54.73306391726194],[-65.64853383477487,54.73521357926064],[-65.65096067442448,54.74077187034089],[-65.65095465569901,54.747934631182645],[-65.64934193347752,54.75006834456298],[-65.6469845274881,54.75318684404194],[-65.63206489570945,54.75445806730804],[-65.62829224511432,54.750071001440844],[-65.62751674614975,54.74916905857415],[-65.62127895467412,54.738506411572345],[-65.60160837707298,54.73776107284696],[-65.59714222308877,54.73905134339792],[-65.59255370118218,54.743036009089785],[-65.56207054993892,54.73974310417569],[-65.56242220902722,54.73306776258825],[-65.5573875082965,54.730274470407466],[-65.54878233322499,54.729198715004934],[-65.5356995116738,54.730114133712775],[-65.52902230196221,54.73316244553526],[-65.51359840161486,54.736005191812694],[-65.50396371148189,54.73628001387981],[-65.49999997572878,54.73533537775539],[-65.49775712605751,54.73480077047457],[-65.49472169285487,54.73190647586132],[-65.48735298793319,54.728514092956104],[-65.4714217353942,54.72788806369145],[-65.4633572544315,54.727245817358565],[-65.45553031927471,54.72858324602684],[-65.45225607764488,54.73219354053073],[-65.45354787420443,54.73737309585662],[-65.45061690215216,54.74167750488367],[-65.44816211489116,54.74398153126879],[-65.44017630948795,54.74689528706469],[-65.4316867169769,54.74634521504332],[-65.42911443440018,54.748113937116],[-65.42947450111802,54.75005756219212],[-65.43106052524084,54.75861582991202],[-65.4339241315053,54.77066554602828],[-65.43461979700639,54.78418346294146],[-65.44859264952949,54.794516521335716],[-65.45603082865397,54.796916756935495],[-65.46691319085483,54.801910895018196],[-65.47373650471864,54.807184065588544],[-65.48313897460385,54.816648726295966],[-65.48665520479999,54.820068727008525],[-65.4892208278672,54.82749043931889],[-65.48729464273843,54.83437679319955],[-65.48037113232407,54.83817451063842],[-65.46924823013242,54.83898438959674],[-65.46384308165678,54.841247788110365],[-65.46154373355918,54.846322329880664],[-65.45633571470452,54.849242333741],[-65.4113764046195,54.841836997562254],[-65.41242203005125,54.838868483069],[-65.41367002202615,54.8296839396213],[-65.4116920588669,54.8231140884062],[-65.40754894474638,54.819833308692225],[-65.40060311640069,54.8190721665462],[-65.3916831723736,54.825692772820055],[-65.38457398940768,54.829944680808566],[-65.37858742205489,54.82952849391454],[-65.37328009604919,54.82776865167493],[-65.36836211823656,54.82550116154937],[-65.36192505295337,54.82041807779874],[-65.35583965195738,54.81876140141063],[-65.35130907926494,54.8212437493219],[-65.35110070438715,54.82176235676318],[-65.34864380962115,54.82317423567102],[-65.34537788758777,54.825375214871556],[-65.34309116303037,54.829041108102736],[-65.34173063606362,54.832184907604315],[-65.34015001198374,54.8352724891583],[-65.33922876459668,54.83852875307519],[-65.33840480188722,54.84165810095458],[-65.3388528082308,54.845871869064446],[-65.34121981045465,54.84831230965955],[-65.33579067234024,54.85196780480566],[-65.32569525615614,54.84867801275186],[-65.32020254179265,54.8428217352556],[-65.31636846115038,54.83526501004008],[-65.30949431604789,54.82733399697398],[-65.30486723331072,54.81967418375064],[-65.30084838018013,54.81692456940236],[-65.2964723216069,54.81756001165048],[-65.29631275882377,54.81758319853624],[-65.2962633605485,54.817642375139336],[-65.29296365609852,54.818942413540555],[-65.2903421031934,54.82067036292143],[-65.28873174374117,54.822284212555516],[-65.28799651867953,54.82540248630178],[-65.28900091382883,54.82758001495335],[-65.28978254483314,54.82980711143897],[-65.29156228147791,54.83383934254185],[-65.29159326004282,54.833978035147624],[-65.29107710008675,54.84011887456645],[-65.28273320633778,54.84435525619415],[-65.26719484262838,54.84836604660361],[-65.24249211079668,54.849922457159856],[-65.2270008473869,54.849082510378835],[-65.21684959085424,54.846778060666296],[-65.20962312342817,54.84795777941847],[-65.20543561874094,54.85133590811116],[-65.20062348345616,54.85779342362266],[-65.19945986894021,54.86225299141547],[-65.19958713073363,54.86390572125513],[-65.2056381173197,54.866979702378316],[-65.2063371247348,54.867665580567774],[-65.2010405076171,54.870658080852465],[-65.20220765279448,54.87369180918317],[-65.20165846813723,54.880537068995],[-65.20061373036282,54.88188869733348],[-65.19475682012302,54.88696539987768],[-65.18987277033516,54.89350747725018],[-65.18529797131357,54.89942047977854],[-65.17878224923929,54.90534125826493],[-65.1736425006772,54.9142492782517],[-65.17363343494176,54.91789305754248],[-65.17780763001585,54.92453611345119],[-65.1803041924396,54.93084914342996],[-65.17289287484621,54.933604321341576],[-65.15993213926659,54.93148904878697],[-65.14863594604701,54.92949610820972],[-65.13955621326609,54.92827465255189],[-65.13451733120276,54.928193674159786],[-65.12826603083813,54.93398072227736],[-65.12285467349828,54.941402742729196],[-65.12234329860297,54.947046579447154],[-65.12470919411487,54.95555877623983],[-65.12644934581176,54.961478036779724],[-65.11589928647383,54.96281679611806],[-65.10500471690754,54.96437008458063],[-65.09177905704895,54.96846397997214],[-65.08581468651171,54.96956279185333],[-65.07943418613819,54.96893236119716],[-65.07635262596978,54.96813818481054],[-65.07425060974673,54.961109121052615],[-65.07175018517634,54.95549764508272],[-65.07060165635859,54.95357963818761],[-65.06131117475206,54.954426960605765],[-65.05271807584403,54.95596049516014],[-65.04815112794549,54.95549141407581],[-65.04338838378098,54.95233562476059],[-65.04250453588557,54.95007974815698],[-65.04153050545878,54.94658395179875],[-65.04024279162616,54.943716812391045],[-65.03608361750777,54.94091888675457],[-65.02803357532443,54.937013724606395],[-65.01772136219108,54.93262397824745],[-65.01262257634019,54.9317108394748],[-65.01256555485266,54.9317225274057],[-65.00956061616199,54.930964233531284],[-65.0054184701454,54.93147381322153],[-65.00167055145882,54.931797779933554],[-64.99999999270673,54.932116114745924],[-64.99916635600782,54.932274940788616],[-64.99815128871624,54.93246833372895],[-64.99333420032147,54.93352169753917],[-64.98947170199291,54.93367190544902],[-64.98488277716326,54.935071626540946],[-64.98087494287448,54.936046609524084],[-64.97195358202185,54.93740033536465],[-64.9719005588025,54.93739557620221],[-64.95391938026036,54.932227921025586],[-64.94325854157061,54.927839643911064],[-64.92691330300715,54.92126368832786],[-64.91503886671886,54.92000580002909],[-64.91233458425523,54.911854815217616],[-64.90648041313587,54.91056577324434],[-64.90473587370163,54.90557632968696],[-64.9025704587879,54.90164037712232],[-64.89576627758437,54.8984550122045],[-64.89446467535842,54.89713163207174],[-64.89287960208488,54.89561789368219],[-64.88966658521373,54.894231130752864],[-64.88613892918855,54.893368055991665],[-64.88307477054568,54.89301095901459],[-64.88014880341929,54.892965130984685],[-64.8754002346717,54.89305039573205],[-64.87170904632589,54.89263980679909],[-64.86699264399715,54.88975900637951],[-64.86514283158992,54.88834074592054],[-64.86239764568924,54.886358685134816],[-64.86021021624984,54.88512766989218],[-64.85612473853365,54.882906113497604],[-64.85288187081927,54.88046337061612],[-64.85047591239305,54.87829374037715],[-64.84843087454624,54.876273211284726],[-64.84695364593766,54.87391426196713],[-64.84692634513318,54.873770309412734],[-64.8514872217871,54.86821213945426],[-64.85581519469176,54.86166282961582],[-64.86169197611295,54.85493615122756],[-64.85840154858703,54.84884311729307],[-64.8607198479476,54.84665608121502],[-64.86549363225494,54.846738062434326],[-64.86659623935361,54.84481555053208],[-64.86432399460256,54.84282701471054],[-64.8614903261633,54.84104084865173],[-64.85682061158411,54.840055044186734],[-64.8459962045661,54.84409338825465],[-64.83929804927632,54.84595118702719],[-64.83728618867947,54.84414605074269],[-64.83809572269745,54.84028545588819],[-64.83419622858436,54.83728907984928],[-64.83010531443043,54.836336669985165],[-64.82718900195411,54.83697088523987],[-64.8255734660669,54.84108645918584],[-64.82476587016639,54.846227730975876],[-64.82159298462506,54.84795856878252],[-64.81586769577333,54.8490479268161],[-64.81260887093522,54.8465930869789],[-64.80650699496881,54.84025981346867],[-64.80314390571043,54.83530334482189],[-64.80070678231722,54.832572237880484],[-64.79572615802765,54.8313792118213],[-64.79280630188735,54.831937413860466],[-64.79053642280525,54.83409824460245],[-64.7910026953099,54.837636373078624],[-64.79058863717206,54.83962176630271],[-64.78911010390087,54.84198980857645],[-64.78653546488847,54.843079262970726],[-64.78387243825732,54.84282308258923],[-64.77818406113381,54.840342144033364],[-64.77148781147022,54.836715069868596],[-64.76111425068875,54.82952814447165],[-64.76036436430628,54.82871666536168],[-64.75847085705159,54.82666743722806],[-64.75211511855872,54.81859871576102],[-64.7478748314496,54.81399429532219],[-64.74787727795476,54.81398543074567],[-64.74873900899426,54.81084514191663],[-64.75030193521438,54.80834494756653],[-64.75367637696529,54.80445718240904],[-64.7545812365879,54.80341449041166],[-64.7595131651705,54.7997029922551],[-64.76334864044296,54.798735042983814],[-64.76629812249045,54.79799057254385],[-64.76977385987846,54.79715610032158],[-64.76847984172439,54.7936743448285],[-64.76838901416902,54.79136155796939],[-64.76835514910235,54.7904992015897],[-64.77264975466007,54.78964681443613],[-64.77624522553731,54.788145505089425],[-64.77252033171413,54.78262995966327],[-64.76702048313184,54.77629926327488],[-64.7653190601139,54.774107092727164],[-64.75716861310433,54.769873048035116],[-64.75232777794307,54.76732181801581],[-64.7596077292723,54.765741393279086],[-64.76634147538897,54.76459923544106],[-64.77202717948761,54.76248349687918],[-64.78208415099164,54.76325983697089],[-64.78336733919998,54.759058107591],[-64.78516448170608,54.753944009694436],[-64.79233793791443,54.75454537235934],[-64.79999909700237,54.75632122499568],[-64.80102926582062,54.755776796592066],[-64.79682354867776,54.75292900104688],[-64.79423794538556,54.7500413930203],[-64.79328378545692,54.74897563075795],[-64.7891530642966,54.74475061821211],[-64.78538603010789,54.739806157280924],[-64.78043884815423,54.73559884287695],[-64.77808689304047,54.733468774515096],[-64.7696721051503,54.7300956286316],[-64.76371582014522,54.72922936918668],[-64.75726154510829,54.730792170529476],[-64.73489457613667,54.73596965001941],[-64.73207520488887,54.72905895256077],[-64.73095380721313,54.72562116259815],[-64.7223175453955,54.72381426730746],[-64.7111211491712,54.72296218765614],[-64.69936346544019,54.72359089517714],[-64.68780027976761,54.72601627752646],[-64.6847453667646,54.73347828018415],[-64.67996837457171,54.73571255294521],[-64.67031558680873,54.73468158725323],[-64.66011928879126,54.73280750455695],[-64.6502601805783,54.73059754546917],[-64.64094754514042,54.726641985945875],[-64.63448246171431,54.72463398763568],[-64.6263087108018,54.722324203171446],[-64.62289935477041,54.721874031443974],[-64.6196812668532,54.72282683318699],[-64.61594200634477,54.72476895199012],[-64.61139200151325,54.726421576036735],[-64.60545441583126,54.727857495911536],[-64.60033881058565,54.7289093816866],[-64.59763194649389,54.72871947465491],[-64.593062322428,54.72743538189261],[-64.58634499221692,54.725582639729005],[-64.58620210029096,54.725568680439764],[-64.5795643050433,54.72316712404228],[-64.56940115781609,54.71896073202991],[-64.56206953264619,54.715503245596004],[-64.55688247260673,54.71366228225524],[-64.55263372965905,54.715216507282385],[-64.55053555110068,54.71990490060375],[-64.54703541587989,54.72305624394565],[-64.53626042698195,54.72929069372725],[-64.53069121688861,54.73352538104315],[-64.5289569239743,54.737495079483615],[-64.53649763088767,54.73891188041459],[-64.54706426326135,54.74159617864213],[-64.55481627287772,54.7448689118695],[-64.54850999895143,54.750044427969684],[-64.5341870667628,54.76179270041427],[-64.53207218523515,54.76128611008368],[-64.52895557567561,54.75987712933325],[-64.52436099752828,54.757026954457864],[-64.51981588134238,54.7536065960954],[-64.5141885661462,54.75129779738042],[-64.49999999929913,54.75144720984863],[-64.49813016245744,54.75146674898073],[-64.47480501501403,54.752151717753684],[-64.47516964171537,54.75423115867437],[-64.48337683884985,54.76725682954119],[-64.48547582758543,54.770962810649046],[-64.48390512173003,54.77217844677228],[-64.47149308711985,54.77028173401481],[-64.47332093860653,54.77356633552042],[-64.48054342670926,54.77793340092986],[-64.47994499199154,54.78318046819336],[-64.48126011932655,54.78351150619943],[-64.49638338711326,54.787316810976456],[-64.49633674929254,54.787332030613904],[-64.49612313670076,54.78762881048829],[-64.4960298245772,54.78767302109874],[-64.49513284263682,54.78783663419137],[-64.49505363789766,54.78788501821364],[-64.49486533980674,54.78803470743686],[-64.49486422304261,54.788075725668534],[-64.49469724017345,54.788221517519915],[-64.49460452448169,54.78824522876731],[-64.49447304837739,54.78839131933798],[-64.49367661628678,54.78876061213127],[-64.49366451467732,54.78876914036143],[-64.49348152021996,54.78889791095999],[-64.49349663777929,54.78911911262213],[-64.49360403220426,54.789337029035835],[-64.49412554764058,54.78943192729447],[-64.4941353672752,54.78947196288608],[-64.49414463555065,54.78950980949339],[-64.49397558567776,54.789659945964594],[-64.49378885500464,54.789825819768765],[-64.49381798340882,54.78984537140823],[-64.49423392319326,54.79012470506542],[-64.4946571260144,54.79019000918619],[-64.49508652075959,54.790030212443995],[-64.49539222518541,54.789988018727186],[-64.49560414677293,54.79001042505288],[-64.49570134983873,54.79008091708854],[-64.49568114745034,54.790301723405854],[-64.49601603685933,54.79048491702841],[-64.49588452397349,54.79063111602144],[-64.49505722270098,54.790320504780006],[-64.49495833840676,54.79031142293766],[-64.49393592982577,54.79039623155858],[-64.49349983873365,54.79054363360865],[-64.49322665953561,54.790541110358255],[-64.49293324415747,54.79053842589263],[-64.49122973583414,54.79066591308949],[-64.49092051706552,54.79083082577131],[-64.49071763651447,54.79099681768153],[-64.49032512742735,54.79161123059004],[-64.4902610485708,54.791880826043965],[-64.49027645929144,54.79194383891806],[-64.48714650564534,54.79305363343569],[-64.48606927192458,54.7934355717876],[-64.47905333299802,54.79244118039102],[-64.46833002585035,54.79111482500902],[-64.46765840378137,54.79106752781554],[-64.46734093873305,54.79102362746196],[-64.46677963180535,54.790834110225],[-64.4662350369343,54.7908044207504],[-64.4657015208039,54.79088120936145],[-64.46545422176122,54.7908584113337],[-64.46539314127371,54.79076771556606],[-64.46491311393248,54.790705929164176],[-64.46483790609547,54.79061102032349],[-64.46437380354885,54.79049202118791],[-64.46382983254031,54.79044182168181],[-64.46295771321793,54.7902207204599],[-64.46231253386493,54.79024322904547],[-64.46032593552535,54.790604920601865],[-64.45999992496527,54.79061000806998],[-64.45893560429818,54.79042391797982],[-64.45855402463454,54.79039161927761],[-64.45759683839135,54.790423421772246],[-64.45735802367545,54.790351516589425],[-64.45713822644765,54.790357616532916],[-64.45681244879049,54.79044077472912],[-64.45676720344412,54.790452324047095],[-64.45654802642645,54.79043792470092],[-64.45630706529917,54.790275513058475],[-64.45604409863924,54.79022432583338],[-64.45528880652707,54.79013111639594],[-64.45450113083263,54.79043062052217],[-64.44693155402683,54.78999996653889],[-64.43988829577533,54.78876047949027],[-64.43524522039793,54.78794307749439],[-64.42178306644757,54.78786227843321],[-64.40932234697762,54.78956333111424],[-64.39747458248218,54.79049295302932],[-64.3916059855307,54.78822959505891],[-64.38583798682195,54.78179114344655],[-64.38410815892573,54.78016303940364],[-64.37906222247935,54.779401478024475],[-64.37577209504705,54.77982900859304],[-64.36263107576886,54.77784408424742],[-64.35318252948494,54.77532272636711],[-64.3439335748434,54.77255232334432],[-64.33613984213123,54.76926589635692],[-64.33032791450384,54.767411855833565],[-64.32276723938821,54.764487431016356],[-64.31738593308278,54.762747467965745],[-64.31286349481621,54.761236821680335],[-64.30662488896907,54.759266784683454],[-64.3025003499991,54.75725938921689],[-64.29468167509668,54.75335902287336],[-64.29452784713507,54.75327376328291],[-64.29702724654707,54.75004339536442],[-64.29849036222635,54.74815207059129],[-64.30074808135768,54.74149222927608],[-64.29578942545139,54.735483077240026],[-64.2881949650596,54.73102731407678],[-64.27557843784409,54.72796893321959],[-64.2644202233993,54.72901337073096],[-64.24993981219859,54.72932684529302],[-64.23894380268445,54.72912059263995],[-64.23422835895403,54.72769296401668],[-64.23673535257336,54.72352130550133],[-64.23780760526938,54.72009492938149],[-64.23428153740308,54.717532974357106],[-64.22610932524952,54.71937501409864],[-64.2153291368892,54.723423045787825],[-64.20378378137109,54.728072614100576],[-64.19650975931366,54.729831951341794],[-64.19018908068342,54.72797024656636],[-64.18661724213608,54.72442436556433],[-64.18491412085011,54.72202740525813],[-64.17763494611916,54.72136055074309],[-64.17866450651243,54.71695245751168],[-64.18350355670671,54.71405470596026],[-64.18776014992571,54.71083865862959],[-64.18066909475095,54.70472924684223],[-64.17596968599551,54.701201820292766],[-64.17818805747338,54.69566027747639],[-64.18068885699151,54.693587585217394],[-64.17127196693926,54.69072735193672],[-64.16474130719477,54.686705234243966],[-64.15857546265869,54.68084193449364],[-64.1453432439596,54.67614112383041],[-64.14272858153231,54.67349641085665],[-64.14560947680464,54.66991125945555],[-64.14184981278531,54.66695739983611],[-64.12900946295056,54.665590616599836],[-64.1183983209602,54.6635316308568],[-64.10615476305497,54.66038344834336],[-64.10276517700612,54.655587745714584],[-64.10517395635146,54.646703563610515],[-64.10896997195437,54.63851835074703],[-64.11302518258759,54.633474232849714],[-64.1117863902132,54.62635169478869],[-64.10850494006063,54.61899950041759],[-64.107328934862,54.613186614268],[-64.09838050889088,54.61254141338787],[-64.09321260999131,54.61792978830062],[-64.08610673840076,54.62295510427009],[-64.07994700791426,54.621609574854354],[-64.07194478547426,54.61701615648548],[-64.05427717774762,54.60090829289983],[-64.0476177312749,54.60087911503211],[-64.04345364670566,54.603628821717066],[-64.0351022098047,54.6070307599725],[-64.02904524448131,54.604914185493364],[-64.02396488032325,54.60515601092573],[-64.02193281648718,54.60441296844018],[-64.00863280921541,54.60225340344007],[-64.00400026139967,54.60212579234689],[-64.0000324359623,54.60428126386894],[-63.9999999717158,54.60428360427366],[-63.99204479543822,54.604858031133],[-63.98487061574706,54.60856708932039],[-63.97882968017677,54.61501090670021],[-63.9744225362386,54.620120236273834],[-63.9664817810793,54.619252987749185],[-63.954317122610654,54.614646062384274],[-63.94239778124838,54.61042747330028],[-63.93433548240822,54.60661148091557],[-63.92347148279678,54.605913779120634],[-63.91143915535235,54.604248673266966],[-63.901837737559795,54.60130366576412],[-63.8978634235409,54.600703821956756],[-63.899757782700895,54.60559107618026],[-63.892842840150145,54.610338641814614],[-63.88345523159237,54.61263024380307],[-63.877371210912095,54.612910329390495],[-63.877507662793946,54.61302853478313],[-63.873440833166185,54.6157285617439],[-63.8773761262126,54.618985256685725],[-63.87007341231569,54.623352023502136],[-63.86345155826949,54.62263286104793],[-63.84963694310874,54.62710709663468],[-63.848372140439324,54.62732435901729],[-63.834583302023134,54.629867330857216],[-63.83074906811115,54.63286660113318],[-63.83520426358511,54.63700053191034],[-63.83435130891868,54.641139572515456],[-63.825478169823405,54.64243657987205],[-63.81964808756699,54.640678973314756],[-63.81713798511556,54.64582247821489],[-63.81337723329086,54.650785803030004],[-63.80167152452221,54.64903855512987],[-63.788027192856255,54.643842546827976],[-63.78045511799279,54.64079494160929],[-63.764512712751625,54.63739456764236],[-63.75222268462951,54.63191516917504],[-63.74275793200115,54.62639929014635],[-63.73258787172735,54.6231189158879],[-63.72765342084851,54.627110729151305],[-63.712625413684,54.624950763379246],[-63.72534472890521,54.65177758086889],[-63.72384888614209,54.659798580303544],[-63.74403601386403,54.66992269684393],[-63.763099625073565,54.67368483875666],[-63.76805869609416,54.68310725065857],[-63.7597104915512,54.6855841564827],[-63.768947277789756,54.699843830339134],[-63.803894656122225,54.71673649635582],[-63.802959712645105,54.72564206677064],[-63.83283524656521,54.7363670949877],[-63.85610347076936,54.75006942500273],[-63.860650432082345,54.752745338047426],[-63.879708321076905,54.75500639867591],[-63.88446507094796,54.75849899128533],[-63.895810713220754,54.76012165799344],[-63.889741234885136,54.768358774081285],[-63.9240093398739,54.77840738667734],[-63.910069613705964,54.788535510000536],[-63.89083993758712,54.78880191440757],[-63.90366439109316,54.80107801498527],[-63.885619403255305,54.800738948227895],[-63.87181804370016,54.80047762177039],[-63.86900523607645,54.80703907493858],[-63.847963949428014,54.807174181976244],[-63.848171839171194,54.81236038200837],[-63.829570690589264,54.812607530637834],[-63.817161538486175,54.816921865068686],[-63.81814616455993,54.82891802562934],[-63.82786264568189,54.847323603069974],[-63.84903211347036,54.86261128469808],[-63.84217014113007,54.87100626526002],[-63.85265805153523,54.87605608220858],[-63.85225098534423,54.88510673274405],[-63.83802316008812,54.883071984630554],[-63.84621047485694,54.89482593077361],[-63.82896552049302,54.901134126422704],[-63.83773353887907,54.914512773058924],[-63.81269988641679,54.91943849908143],[-63.79957267936157,54.926133492805924],[-63.82409907551255,54.934267497930655],[-63.829816889481414,54.9420523041979],[-63.820518333412906,54.94795810350794],[-63.79171080105053,54.95589447663635],[-63.78431369531708,54.947832354727694],[-63.75190029630259,54.942308842133286],[-63.73850365039055,54.93535667874792],[-63.72596078712674,54.93046873824949],[-63.7159949879268,54.925548200872626],[-63.69641866803343,54.92533918659855],[-63.69380500381986,54.909948606105196],[-63.68486209087745,54.9045685685061],[-63.661282815978176,54.899952489165145],[-63.66345290125825,54.91045510727989],[-63.64578383898174,54.90561823731437],[-63.63072357348869,54.9092009509934],[-63.61958646716967,54.89954061935994],[-63.59144370903129,54.8965921417136],[-63.60442791792569,54.90786569800492],[-63.61229841199169,54.91993689521116],[-63.60452965905994,54.92625153830566],[-63.58359342996519,54.92381339351598],[-63.57787334521246,54.9299554766418],[-63.59002485054706,54.93530917669116],[-63.60200645125873,54.9393289090433],[-63.59603940369374,54.94577147325488],[-63.611343208730446,54.94886382875318],[-63.59906038467656,54.951373198566905],[-63.59752460162694,54.95939813148058],[-63.61253941344072,54.96901886147582],[-63.611005846439866,54.97704431031951],[-63.58691794965697,54.973751507114216],[-63.57316111741917,54.97879530565881],[-63.57630295305781,54.988104366001856],[-63.55753451958999,54.989937849963354],[-63.55759771233357,54.99987375723309],[-63.55875020215387,55.00005077960565],[-63.58197278923686,55.003615063811075],[-63.60612983873001,55.008391720808994],[-63.595983914993724,55.021407525517205],[-63.575733742238704,55.025781785519825],[-63.556391999555025,55.034443912741935],[-63.57549985644903,55.0422479471166],[-63.573431028248486,55.05398810224791],[-63.58760979889049,55.060805405326136],[-63.60648809048517,55.06119066344649],[-63.61605516132441,55.06894568252867],[-63.60286311672986,55.07636095901547],[-63.61136686487379,55.090803776436054],[-63.60515309560073,55.09829000086916],[-63.591602125049235,55.09532417044245],[-63.58540810260039,55.103550813691555],[-63.58607527317959,55.11585637656525],[-63.602296465066985,55.12873327806303],[-63.57369935312302,55.133051139221514],[-63.56513086017249,55.14026433788441],[-63.573409713279204,55.15575313068003],[-63.541549972799096,55.160097839683864],[-63.52392380679564,55.168144659992855],[-63.53138575270206,55.174595410530685],[-63.55595642279552,55.17285350175955],[-63.56291835571806,55.18761637925163],[-63.53738633841178,55.19204051899067],[-63.513144557659054,55.19644560807382],[-63.50295622832444,55.20248432580786],[-63.50000001153019,55.20200954675],[-63.48992066338883,55.200390064675034],[-63.45261140663762,55.20194459911399],[-63.445866482727716,55.21076379089713],[-63.43187119056771,55.21134265641528],[-63.425814082494924,55.22623777070156],[-63.41252616281698,55.23363303965156],[-63.422663455790754,55.24303469672485],[-63.40283444256469,55.249006458068926],[-63.40280149418748,55.25006669841833],[-63.40256235171337,55.25776388255331],[-63.43236853231152,55.25525922491881],[-63.44589500936509,55.25142032035166],[-63.462635608229824,55.25526469496194],[-63.46906284144592,55.250030424967306],[-63.474806226410585,55.245351514004895],[-63.49036274141867,55.24445490546319],[-63.49999997574269,55.23786443877301],[-63.50841846033776,55.232104890404166],[-63.547410472744154,55.225469003687245],[-63.563312515363755,55.243403836007765],[-63.57814550756786,55.236418621975986],[-63.5976889769462,55.23843163967035],[-63.60909388119561,55.23014436938569],[-63.624096284391726,55.23606112438322],[-63.622503123604154,55.24260824896389],[-63.60832432763872,55.245734032314765],[-63.6026557678859,55.250067909779574],[-63.60123428115917,55.251154521039645],[-63.63050341071957,55.25617082719009],[-63.638639143751284,55.251033325130216],[-63.65269844584483,55.25191175932372],[-63.66354543581204,55.25742602435477],[-63.67947505774649,55.26688687946765],[-63.668493993447406,55.27235742717348],[-63.65726025193268,55.27812666475006],[-63.64011870588713,55.278619328370944],[-63.644078306040264,55.287775632299365],[-63.615762768498776,55.29625683525272],[-63.58788475095935,55.30264833521464],[-63.56950984855337,55.297652224639464],[-63.55167875575726,55.301255173055964],[-63.54206390302406,55.30966719482978],[-63.533366593839524,55.306195955848445],[-63.52255552153897,55.3098695306925],[-63.52632413844631,55.3138378659864],[-63.526191010994864,55.31784640803579],[-63.532681192216,55.32549689929253],[-63.553879716591986,55.32097093540964],[-63.59083135910581,55.320722942638334],[-63.598286607502764,55.325687736082116],[-63.59072848906559,55.33319139552629],[-63.580366766079734,55.33478796438804],[-63.57440693866397,55.33960169420728],[-63.560840999223956,55.3388560363383],[-63.551922384322424,55.344887356461065],[-63.529947842387045,55.34185144186039],[-63.50772966975264,55.34757066577676],[-63.500000001587864,55.34822868576371],[-63.48201025507994,55.34975802216727],[-63.470682873872256,55.345565471401734],[-63.44224958007442,55.34405973151364],[-63.39983435457313,55.35454953479984],[-63.357839238839134,55.362199501105785],[-63.350661949659646,55.35691923585673],[-63.341431567486566,55.36249104069221],[-63.32484869471319,55.36604693545943],[-63.333660382034346,55.38393125637458],[-63.32601612458581,55.40062087802377],[-63.31978689370691,55.41180634609516],[-63.33695631777183,55.40987880664685],[-63.351795728775556,55.41835971649754],[-63.37334794457925,55.40970843383733],[-63.39303829326418,55.404780960264155],[-63.40355474316144,55.407653539711475],[-63.434910143453116,55.400384194447945],[-63.43254072545108,55.40857081699755],[-63.44907857170225,55.411975866481306],[-63.450121099278284,55.42072403875137],[-63.47097176789481,55.41977956257727],[-63.478566698584494,55.429205559224464],[-63.50000000659887,55.42324198964122],[-63.5106572301947,55.42027450245126],[-63.53437644801335,55.42745375263612],[-63.549039213566466,55.42076906587318],[-63.566343541149976,55.4271180367357],[-63.57839122853156,55.42045725537783],[-63.60398088977908,55.428492495796995],[-63.6309317029602,55.43027165043436],[-63.6445235949263,55.42328934010018],[-63.66539705174083,55.42305056793855],[-63.690899980209025,55.428098024854506],[-63.73670670783044,55.438239287370145],[-63.7383753097592,55.44786922922338],[-63.749350576239415,55.45486154650702],[-63.76738048151968,55.454935755623154],[-63.78059143480922,55.46546079786936],[-63.7926828249782,55.4672386046998],[-63.780130838746274,55.473781255974394],[-63.77547135873245,55.48170900942215],[-63.75612147124033,55.481652210550735],[-63.7408060917743,55.49149112240215],[-63.72595588527056,55.493007441718035],[-63.72009524185495,55.50002937037747],[-63.716440830785466,55.50440641967828],[-63.69148271059618,55.50871130720191],[-63.68647700469469,55.51857006456875],[-63.68908534501396,55.52551851417702],[-63.68403189235677,55.537753948683076],[-63.67066692068091,55.53746355808384],[-63.6654728064165,55.545987583674254],[-63.6662020727786,55.55904700722307],[-63.664933247834405,55.56752618604879],[-63.68147601259664,55.575651215195435],[-63.67490453854675,55.589687217072594],[-63.66264618030105,55.59888753421151],[-63.67317639443313,55.60723173870696],[-63.68268746531315,55.609052231711026],[-63.68774641912873,55.62547894780223],[-63.680224762821005,55.635220517784546],[-63.66165410146772,55.63721675344165],[-63.64867740588038,55.634096884196325],[-63.64369009546082,55.641579438011675],[-63.66849750276916,55.65228810717603],[-63.71598240603309,55.657673676314324],[-63.738302690839944,55.65042444903902],[-63.76461577666449,55.65158794863137],[-63.76515370171677,55.65871101929472],[-63.75202273532921,55.6588724347425],[-63.75119238916445,55.67150833761308],[-63.735737189815076,55.67288450747828],[-63.723102998608034,55.67942369224978],[-63.70493308670167,55.67859995617739],[-63.710043288467176,55.688788870074724],[-63.727910697659745,55.6954088143841],[-63.71960193538176,55.70531244018406],[-63.72343278121423,55.7162594812158],[-63.71114704708428,55.718485501038835],[-63.70941043145881,55.72132861954173],[-63.724215388072025,55.72308361306687],[-63.72513866035347,55.72663791504449],[-63.70252126203487,55.72720356362218],[-63.698206829034085,55.73156240198856],[-63.72583740601763,55.73821709612006],[-63.71402091577886,55.73910079476085],[-63.70099739774898,55.7429686356556],[-63.70348103773944,55.750041965506334],[-63.70541380218323,55.75554447742067],[-63.682137601786046,55.75299377126243],[-63.674200580505385,55.75932511115098],[-63.679475556226976,55.77397240709702],[-63.66653047155977,55.787789765110816],[-63.675384568152126,55.79199680859788],[-63.70553319632277,55.7871884232206],[-63.717143467443904,55.780365210578715],[-63.740692113957664,55.78260861597562],[-63.75011485323661,55.78769443167813],[-63.76839884976245,55.789996163385126],[-63.76128270043471,55.796918378306785],[-63.77702275380532,55.801478761153824],[-63.770158172354286,55.80810142995868],[-63.7803772529146,55.81302670252282],[-63.772812413074504,55.822035778805535],[-63.75535468172867,55.82106161545633],[-63.749968605367926,55.82513914800858],[-63.752921214721205,55.83327566419757],[-63.766628212026056,55.839497306611605],[-63.752901969964576,55.84650074094036],[-63.77146862990573,55.84850198351006],[-63.773612581171164,55.85605402520431],[-63.79547804377017,55.86113126252296],[-63.8130161046545,55.86358458208366],[-63.84509869500575,55.879073405978986],[-63.843734954956,55.887710599357334],[-63.830065804717066,55.8962094819745],[-63.82510995001718,55.90444695857731],[-63.854441670694854,55.91001243845116],[-63.849428229748945,55.91676579299057],[-63.83339625188006,55.9194998544947],[-63.809707661454574,55.92277468316764],[-63.79258279943673,55.93146170705952],[-63.77157878151341,55.92919584649482],[-63.75083482074082,55.93361095236458],[-63.73394189701151,55.92801848208296],[-63.72397677803937,55.930515430476056],[-63.717358929559744,55.93757920830729],[-63.70660141213936,55.94023263944041],[-63.70364061516581,55.946063694471924],[-63.71324352245534,55.947882903318934],[-63.71239593609312,55.95354070044643],[-63.6880919776021,55.9481768948897],[-63.681409409296606,55.95375318475943],[-63.68647047758585,55.96172066165548],[-63.67546806585199,55.961550047598564],[-63.668072438549,55.96951190063392],[-63.65465227578659,55.972190733277046],[-63.635589757088766,55.96526994424017],[-63.62453729547794,55.967472954752964],[-63.62714033660963,55.97368667285302],[-63.612696878256145,55.977560830068015],[-63.598275710177425,55.98217607217925],[-63.605788375255656,55.98780962477458],[-63.59939709463473,55.99167642405733],[-63.58448670921697,55.98990401563101],[-63.57461927380826,56.00005765344857],[-63.573978214859515,56.00071708036009],[-63.56300993490632,56.00588594059879],[-63.526649164854156,56.00536860584272],[-63.505036551609294,56.00142391784887],[-63.50323538616879,56.00000350489247],[-63.501778424489466,55.99885448323027],[-63.50000002898833,55.99745176851911],[-63.498985396692575,55.99665145120909],[-63.48736042276342,55.987478597236986],[-63.47199130539618,55.98777674393855],[-63.47019454926227,55.99834671236947],[-63.47325757781019,56.00002630012842],[-63.49124315627467,56.00988379815835],[-63.486379788246296,56.015579605956844],[-63.467161727520235,56.0119014376452],[-63.45975434305969,56.021336419719304],[-63.44354512001466,56.029516404164646],[-63.49577182663855,56.04001295765531],[-63.49999997730693,56.038819863413536],[-63.51050926024439,56.03585336345828],[-63.52096581811794,56.039018599018114],[-63.54859254107632,56.03130453493041],[-63.57758403827092,56.02505574973649],[-63.585159713573006,56.029286016545846],[-63.60097940832506,56.026143581732875],[-63.60327625208508,56.031172695601654],[-63.61799751201749,56.02699922788195],[-63.63672129297664,56.02352270751781],[-63.690424939343075,56.04387345892513],[-63.68303386010496,56.05956759708216],[-63.69650607119519,56.0646149513348],[-63.71436405680571,56.06604138647866],[-63.71484219986881,56.07168492800223],[-63.73126280535798,56.07015237547411],[-63.75008021622089,56.06189866329393],[-63.77419947999834,56.05357674670098],[-63.79117565773912,56.05292059382998],[-63.82327327147927,56.045231876402305],[-63.837873760764595,56.04504493910871],[-63.82137289562882,56.06383905669026],[-63.822840213702186,56.07378114874895],[-63.8110506381853,56.084634859995035],[-63.81866679286056,56.088850030137465],[-63.83537491172291,56.08774482740329],[-63.83962808068706,56.10062507236573],[-63.8638793250238,56.09213314912599],[-63.88255028246448,56.08712972795004],[-63.887580566759574,56.09286141477451],[-63.862980650223975,56.10879705779527],[-63.83826689531689,56.12249882984856],[-63.84254241001814,56.12599401731168],[-63.84389877876183,56.12710267942176],[-63.856178766730665,56.137136179074666],[-63.88369470704729,56.137032387102465],[-63.904663389966636,56.126062751380935],[-63.916863539409775,56.11944520764771],[-63.92959718741973,56.11162879950562],[-63.93835219941868,56.09777286737601],[-63.9485229445149,56.09118516180899],[-63.95308818710762,56.088227136153606],[-63.9647152661853,56.0899695110619],[-63.96933094749781,56.09066082015597],[-63.97265448908283,56.08606394332207],[-63.99319214226864,56.075797237539255],[-64.00000001039201,56.07346136820901],[-64.01805375278514,56.067263496598564],[-64.03466693136222,56.070144579085714],[-64.03575981554785,56.08217190124232],[-64.03080753497409,56.08659896723165],[-64.02273794243217,56.09381001150868],[-64.01428132616593,56.1007717468221],[-64.00213330872654,56.10273030811254],[-64.00528919238424,56.11933859928212],[-64.01418494759453,56.127537853460275],[-64.00855049641326,56.13817637506272],[-64.0239342716674,56.14256452801936],[-64.03596331636598,56.15488104215866],[-64.01952820803494,56.159580489437374],[-64.01530320787909,56.16618451388468],[-64.00470346357247,56.17332580241333],[-63.999999991218196,56.174503203460716],[-63.97887083845233,56.179789094189076],[-63.950044460752416,56.18509816013213],[-63.899983481392006,56.199162147096395],[-63.86293385959015,56.21258888276834],[-63.86293332082901,56.21258908925472],[-63.86301471183155,56.21267572307406],[-63.87439025680475,56.22478268931411],[-63.89538484858705,56.222571792438245],[-63.9114923651823,56.23083331027704],[-63.91423395210766,56.24477646971148],[-63.913861407342154,56.25006177788583],[-63.912911313665006,56.26353416078834],[-63.934892766997045,56.27111929038517],[-63.953074066673075,56.26521786245531],[-63.96710988016571,56.25639668383454],[-63.99999999581084,56.263222840454475],[-64.02215047265295,56.267813275401025],[-64.07557809841211,56.25602424086959],[-64.08737718210759,56.25688926086962],[-64.0904958495762,56.27989780513638],[-64.11126211924115,56.28895569772354],[-64.11726254797865,56.2967483618323],[-64.13038159316379,56.302349335757754],[-64.14862923444714,56.303406772967115],[-64.14343811378933,56.311966390620874],[-64.12602281979964,56.31699443540819],[-64.1094343592459,56.322602360260795],[-64.09819240650918,56.33363175306464],[-64.10748966402592,56.343012490871786],[-64.0993521333864,56.35191260441421],[-64.11585942456554,56.36609390315303],[-64.12784392290554,56.369928215049846],[-64.11040281334922,56.385964024306524],[-64.11535587273556,56.40210628365234],[-64.13278359858691,56.40184060490946],[-64.14369459970456,56.40539261014032],[-64.15810630554198,56.41975107425683],[-64.17798487310182,56.425243570463394],[-64.16432802255608,56.43126028342675],[-64.15274016987561,56.44111211675962],[-64.13731483305757,56.43346361918552],[-64.11936031794393,56.42882756802388],[-64.09550086338503,56.424128673632104],[-64.06435733155891,56.42414480830972],[-64.04482169061339,56.419818226214105],[-64.02057364256034,56.417936633340105],[-64.01112881041405,56.411078856781884],[-64.00000000975206,56.40931735544772],[-63.99301597801826,56.40821126853448],[-63.980472322574904,56.40972644572304],[-63.96575507623405,56.41067526383173],[-63.95201221002104,56.42142826508231],[-63.90184163025172,56.4407040678546],[-63.88647109514825,56.433021943026375],[-63.87423019424654,56.44196044512706],[-63.87291654312976,56.448970441968854],[-63.88544530917798,56.459221461586765],[-63.883716957991716,56.46906425629266],[-63.89769343788741,56.46902877834393],[-63.912753425194744,56.4630254204814],[-63.92349766338122,56.46288117599017],[-63.930632407098706,56.466207040429296],[-63.93115432102639,56.47497881918175],[-63.94432945568896,56.49310197373837],[-63.94041722262777,56.50004932401021],[-63.939093681613265,56.50239901438575],[-63.94137985580867,56.511445044830026],[-63.93106298739605,56.533757550215924],[-63.955887733991936,56.546812808496874],[-63.96417992706774,56.55741371402536],[-63.982571539956844,56.56474856418206],[-63.99999998265873,56.57802025617148],[-64.00157088096502,56.579215868636055],[-64.00401615212564,56.59123668158288],[-64.05046139806635,56.60634805734077],[-64.0533297078567,56.61553454284361],[-64.0336505786099,56.63323389569027],[-64.03994851709082,56.640734506991485],[-64.03052507495173,56.647121681449406],[-64.02485801886371,56.65300798515412],[-64.05101748665668,56.65754356444968],[-64.09083627875178,56.6538329740616],[-64.09452209514393,56.66285848749051],[-64.12823340044598,56.682895067693295],[-64.13398126540625,56.695015009779],[-64.1453143970477,56.699754843022326],[-64.11810754431677,56.72398805348876],[-64.11237165904235,56.73390032589707],[-64.09944313168168,56.74362206134386],[-64.07628203091615,56.746495681793924],[-64.07537903718291,56.75005683603273],[-64.07400817834403,56.75546202545627],[-64.08538916706318,56.76095216323196],[-64.07890733950768,56.76700317314355],[-64.0127595449976,56.77867686242914],[-64.00197869158043,56.797588698755504],[-64.00891854502733,56.80672247802438],[-64.00987841086761,56.835492374790775],[-64.009926606771,56.83693468773421],[-64.01297796071891,56.84984641831757],[-64.00347867541714,56.86174373752926],[-63.999999987947774,56.861633884660634],[-63.98387685494367,56.861123452866174],[-63.94801964169758,56.867719745354904],[-63.91881146732192,56.87123860119785],[-63.89949884830094,56.87730095159658],[-63.87435807927637,56.874501031414475],[-63.859156243079674,56.868740028442296],[-63.85714684157989,56.872637143061525],[-63.86739598819671,56.88337611165317],[-63.86389062056264,56.89682290423798],[-63.87861937135395,56.90393009694061],[-63.89992765925948,56.9057374433973],[-63.90801963736288,56.897887502191395],[-63.9180939670058,56.90415758689692],[-63.91729433468817,56.91682620097678],[-63.90809982896893,56.927521104118014],[-63.91436254809448,56.939799099038304],[-63.911778949498434,56.955321726095356],[-63.9141294739216,56.97763062621885],[-63.90786969387224,56.98411740753005],[-63.886999888325946,56.98096450182108],[-63.85777401308017,56.99921241199245],[-63.85992283256977,57.000066039614985],[-63.89193477255109,57.01277354908549],[-63.891933830172,57.012787475060264],[-63.88969307920845,57.04586928544963],[-63.89857204441779,57.05513789561493],[-63.891514663681576,57.062528649916935],[-63.89206847320764,57.07518303217621],[-63.890083399988065,57.08608305912881],[-63.88168426378763,57.08797920441283],[-63.839765120000926,57.08017027337453],[-63.82014840874361,57.075498911172915],[-63.811809789691694,57.07887881418145],[-63.80738715102997,57.09099881836646],[-63.79871868499521,57.1064478551066],[-63.78575430380394,57.117479461534],[-63.76488551051109,57.13992562715913],[-63.779748264518346,57.16179655225688],[-63.77936574578721,57.179380850786075],[-63.77098500023856,57.196018312871615],[-63.75009713018853,57.209078122725764],[-63.73713740355828,57.22159558171012],[-63.74146685661958,57.24076556932594],[-63.756898250462186,57.25000714449881],[-63.75976963041022,57.25172601076901],[-63.7795997067711,57.25938760137984],[-63.80913637705291,57.26215970820315],[-63.818737857074034,57.25503878673338],[-63.821377981201096,57.25005433404714],[-63.826124016757745,57.24109038325633],[-63.844717048982396,57.225958953629636],[-63.84160061354143,57.21080029876416],[-63.84598684958879,57.20418962649905],[-63.8612433928142,57.20146433289364],[-63.87238562473156,57.192531974782305],[-63.884074871341454,57.19625585674565],[-63.873389762083484,57.20935543513815],[-63.86697540137648,57.226124966403475],[-63.873733513423126,57.24257812122821],[-63.87631031610547,57.2500665665758],[-63.8814453265069,57.26497962694234],[-63.88337348279681,57.27762095957997],[-63.86938414025602,57.29761891967939],[-63.865671759697996,57.3136112786482],[-63.85582077677436,57.334301216205255],[-63.82433510175746,57.33916405758509],[-63.80172588859365,57.33228711867263],[-63.797376315459964,57.340387143967554],[-63.785498829770575,57.35319742053077],[-63.76819247571814,57.35817241929375],[-63.74197855506662,57.35773451577423],[-63.7146193544709,57.36326493916588],[-63.70130115943806,57.36833358197048],[-63.70827208353769,57.384499270844216],[-63.723440942343835,57.398335999248005],[-63.710305510239124,57.42263000382778],[-63.71643963026525,57.438210140036574],[-63.73145719439923,57.42656191538714],[-63.75938915703755,57.43853019938866],[-63.76126085945322,57.43933166860388],[-63.75827583549052,57.45442091605174],[-63.76574069170202,57.46461800008317],[-63.77522138353894,57.49357279474626],[-63.77288091021399,57.5000220064326],[-63.767503130830875,57.51483145764321],[-63.75339404612658,57.51529490853556],[-63.75116860638226,57.53574357245523],[-63.76549026018927,57.56077026106989],[-63.771102594465134,57.57933966530657],[-63.771915905789854,57.592449771592875],[-63.75827548767455,57.59156615727495],[-63.745575065865864,57.5794886825055],[-63.732620378289155,57.58873202413973],[-63.73061361288708,57.60112929060221],[-63.69950572745566,57.615346260216086],[-63.68460204424702,57.60343556873472],[-63.670277839087,57.621185466447],[-63.64995148741766,57.62006389021954],[-63.64492305191142,57.63428153279532],[-63.62296620422315,57.64196917234275],[-63.61661035480728,57.650683325488224],[-63.59872732435432,57.663840480401035],[-63.59449942280852,57.685652699034314],[-63.60948606672808,57.69205859411681],[-63.59695994858798,57.70769522283094],[-63.59602354474654,57.71291707414502],[-63.594870048635194,57.7193473009274],[-63.59677043641741,57.74124765033811],[-63.62319606189711,57.739482252522755],[-63.63256587765027,57.728945390438035],[-63.652505717940976,57.732908219401935],[-63.66805570260368,57.723942297585694],[-63.659951244226974,57.71597788867202],[-63.65941721873206,57.70181797726369],[-63.67243478358134,57.692580905894246],[-63.68513182810278,57.69691489571613],[-63.68544531028045,57.683342525963056],[-63.692612040372545,57.65269693637601],[-63.702777403179105,57.663766329622085],[-63.73529089840927,57.66280188103864],[-63.74855105830566,57.67427957480806],[-63.74481416664227,57.68863726944843],[-63.7513941782133,57.69989385967295],[-63.75363048562316,57.720744369483114],[-63.77313287839629,57.70023658179867],[-63.78987306490011,57.68751282101931],[-63.804225088608256,57.68450788434477],[-63.81335574899817,57.689765801646885],[-63.820711513073,57.70563213636221],[-63.84747641907611,57.71902289776128],[-63.86608395889508,57.711185678577195],[-63.883421663028045,57.7126073452119],[-63.90637206187194,57.75006152596032],[-63.90717835685761,57.75137586038629],[-63.90114153438072,57.76293694107481],[-63.90818767408755,57.77686561187281],[-63.90384525471633,57.798249068068415],[-63.91235557681409,57.80112254093349],[-63.92737111476055,57.79347050749275],[-63.938596251970324,57.788551008971446],[-63.94571145453053,57.791440395762244],[-63.953635501212275,57.79968801091212],[-63.97234789335893,57.79958780932956],[-63.997248913981075,57.812078691050125],[-64.0000000239949,57.810274449786796],[-64.0118775332396,57.802481927866125],[-64.02087951100123,57.80951741484602],[-64.02983357565998,57.80402382338163],[-64.03396867525865,57.791437375780156],[-64.02328432627013,57.778460387373606],[-64.02595187768331,57.7644035751774],[-64.07200128989287,57.77002034321103],[-64.09207101832644,57.79434302634017],[-64.09122929921996,57.79737775252882],[-64.0918740303402,57.800441682925346],[-64.0908497437202,57.80183221745138],[-64.09108786064617,57.802343161629764],[-64.09223245647284,57.80268298592907],[-64.09764211567766,57.80308840696848],[-64.10761383236692,57.80495590055992],[-64.11667541154392,57.81113939850722],[-64.12136701438465,57.82628559821619],[-64.1374119625308,57.85528711230501],[-64.15659653847652,57.89020881576005],[-64.1579693524797,57.916296170686955],[-64.16252538540179,57.92294178453032],[-64.18470258400572,57.926039635946495],[-64.1904313246212,57.93074790668537],[-64.19287754473045,57.940586447975754],[-64.20466183561659,57.973629709429396],[-64.22743864774996,57.989543482816934],[-64.22782874573036,58.00002108049729],[-64.22803282566383,58.00550027350995],[-64.23490341867345,58.01267326186194],[-64.23591862932558,58.01373290865621],[-64.23817414182297,58.01608676371864],[-64.23866798555608,58.02503234080542],[-64.21850764073469,58.0369832938461],[-64.23368613984458,58.041822701527686],[-64.2389340877406,58.04087997434038],[-64.24187258468741,58.040351960360795],[-64.25096032508606,58.038718518372676],[-64.25859044983216,58.04818593854711],[-64.2597982505805,58.04968409839153],[-64.2692577141615,58.06141235524352],[-64.27773333817235,58.04695208409146],[-64.29926608883541,58.04451941038174],[-64.32050780215805,58.06148799314885],[-64.35391074853955,58.06929929769117],[-64.38714769866952,58.06934378037002],[-64.41228320587713,58.06115916723315],[-64.43309144126658,58.06990809292797],[-64.42688320405767,58.08822265211745],[-64.43539487917886,58.09837531974097],[-64.43367251750315,58.11631545772919],[-64.4250691566788,58.13019425923251],[-64.4308915034144,58.156215931250614],[-64.421798286916,58.17383523031934],[-64.42173251779371,58.186673666313276],[-64.3895343536644,58.19647133355756],[-64.37356281601917,58.20838059677585],[-64.31911781280816,58.218078127604755],[-64.271197048402,58.22108041967911],[-64.24750382108974,58.227421442240654],[-64.2412826931444,58.237668218892125],[-64.2177769769495,58.24773219971414],[-64.21767404616713,58.2500291557608],[-64.21714072438634,58.26192286300215],[-64.20854371680436,58.2756378676472],[-64.21698542589634,58.28745172788981],[-64.19690950009816,58.29357810765163],[-64.19819133834342,58.31192055670794],[-64.19107234552446,58.31460244124461],[-64.18936894560471,58.31524403573504],[-64.18456914080782,58.317051615259786],[-64.17820529987186,58.330582456035344],[-64.18676867025253,58.336724615368425],[-64.17551650237053,58.343909230783765],[-64.17222267077582,58.36187326711326],[-64.15850712819105,58.3710337586498],[-64.13908887287924,58.36922810037764],[-64.11924872845276,58.36473816626128],[-64.09799643263196,58.376836514658876],[-64.07213718628128,58.36570630169889],[-64.061668244308,58.36092611939013],[-64.0305297759377,58.36598379162419],[-64.02253893429774,58.37101921558269],[-64.02856524059678,58.389448925570925],[-64.02099737374925,58.408960036540314],[-64.01320100613628,58.4239952580956],[-64.00000002068788,58.42537755163667],[-63.99847704553597,58.425536918745216],[-63.98657855132785,58.44435791832493],[-63.9641036580007,58.43883165107978],[-63.94110481534904,58.44017576666016],[-63.92423938276853,58.44487115817848],[-63.91041394526234,58.441463756702085],[-63.881113275411415,58.42943966125468],[-63.84715403897297,58.450010902652465],[-63.84309654022808,58.46782622748489],[-63.82226738549962,58.47374951252643],[-63.80785005026317,58.48974610281951],[-63.823576779386485,58.497323373528246],[-63.836924494517135,58.500058319083436],[-63.85869189961419,58.50451440779681],[-63.85915159122972,58.52123132760701],[-63.84884709206075,58.533450786559165],[-63.849714389335944,58.54657988139103],[-63.86255549941946,58.552694910309306],[-63.858194063250274,58.563797646724154],[-63.8871291157946,58.57165447670261],[-63.90736607221657,58.57349208793968],[-63.946692810564414,58.55880516553572],[-63.95186170097853,58.54126772220904],[-63.973578986694704,58.52963608469771],[-63.99999998115436,58.5308553353974],[-64.00877476313167,58.531258995289434],[-64.03408168089203,58.523450416904765],[-64.04693980752357,58.53507082959663],[-64.0671844778582,58.534492289184605],[-64.07469590600185,58.547379028558126],[-64.10494346754034,58.56323000847854],[-64.11105037793861,58.5816607522813],[-64.09278539427262,58.58789316700364],[-64.11585187167105,58.60235055690752],[-64.10932978666338,58.61991680112209],[-64.10792673390017,58.63965068711738],[-64.0788697779026,58.65394939464269],[-64.07661882444285,58.66592896933545],[-64.06003134073079,58.683633450353085],[-64.0472221912672,58.70262847129977],[-64.04640828886514,58.70273733966811],[-64.04067777526596,58.70350358241047],[-64.03353811486106,58.7044578160934],[-64.01615721902883,58.69543222637512],[-64.00000002052282,58.69149324925033],[-63.984216705413616,58.687642473870866],[-63.96483729001582,58.69028575784228],[-63.95025377006229,58.68524732908862],[-63.93105999336544,58.70102569544059],[-63.909965176562004,58.71025350014854],[-63.87502919882001,58.70575844940928],[-63.85509666425753,58.69644306373341],[-63.840682962876734,58.701395842232884],[-63.83561540479454,58.710118666784936],[-63.811020695588084,58.71220210169756],[-63.79427659734279,58.703287445486154],[-63.780430904153796,58.708375745118566],[-63.754373873481434,58.71673706127434],[-63.73648453803434,58.7145479471755],[-63.72882294503155,58.706842121017885],[-63.71835534557916,58.70638521472041],[-63.69491958484962,58.71963317050132],[-63.669554001032445,58.71706671216138],[-63.66068426386434,58.72522472579447],[-63.62984524154098,58.714643018144045],[-63.619283531607934,58.72386062227968],[-63.57246987728032,58.73149601108773],[-63.56170816366091,58.727718005201396],[-63.55330882312381,58.73377273919292],[-63.506793949486685,58.742574628646146],[-63.49999999534346,58.749082618147256],[-63.4990410695415,58.750000968817396],[-63.49482844169242,58.75403454490689],[-63.46750407352281,58.76204707936312],[-63.492157355829264,58.76854521345058],[-63.49999999771133,58.7788692373777],[-63.512786047891865,58.795686112180846],[-63.534513530484844,58.81624278945298],[-63.55027983809151,58.82236580181704],[-63.55078507986681,58.8365501160198],[-63.595341144194364,58.857175760297245],[-63.61775778013668,58.85530794965619],[-63.63595509612343,58.84869967796426],[-63.661121035139445,58.85471218555297],[-63.68032427757013,58.866459325785954],[-63.679938274885004,58.878562729611374],[-63.70999684130296,58.88705319243159],[-63.72546307873,58.87717467649121],[-63.7776833271987,58.88405875951271],[-63.799285983139,58.85647384015844],[-63.81213795872544,58.8470627943235],[-63.83528335752844,58.84903031425048],[-63.85080183150598,58.835102116631376],[-63.862186034557645,58.83197721172095],[-63.89787131077203,58.83736530602981],[-63.95716163940076,58.82690555967216],[-63.975472285428054,58.830253248353685],[-63.99540275279231,58.813709143142866],[-64.0000000227936,58.81426918267712],[-64.01973875741007,58.81667159717396],[-64.04533757307296,58.810350373063606],[-64.03858609879217,58.802076842905905],[-64.04630107210437,58.78957349342727],[-64.0718737495325,58.783246950949824],[-64.06970878391103,58.769086195185054],[-64.08714795888716,58.755997457809954],[-64.09409640097304,58.75694571156033],[-64.1220055735864,58.7500637860454],[-64.1377928631645,58.74616687563709],[-64.14446344377237,58.75006229267065],[-64.15826703391255,58.758119178906774],[-64.16560795035123,58.76891676897106],[-64.17878497502834,58.78903959030021],[-64.2001257402562,58.77946167074329],[-64.22970456845555,58.78364847555083],[-64.23752849247653,58.8050420629364],[-64.23024082982808,58.829055751805974],[-64.22657324254561,58.84584385452828],[-64.23365670918139,58.86411334482492],[-64.2463366126935,58.86900061396903],[-64.28741774895809,58.88345835512388],[-64.28761262204462,58.89675313029456],[-64.33254016408917,58.90456276054817],[-64.35026167089896,58.891877468329255],[-64.37870236523241,58.90381911583862],[-64.40029422601368,58.90271816741139],[-64.40591347804747,58.89082099322739],[-64.42060266499898,58.89027854402794],[-64.4263979676985,58.904526775498574],[-64.45580099018433,58.90821667150482],[-64.47643347522374,58.90338283045096],[-64.50000000342371,58.891919050549824],[-64.50891046709522,58.88758137499012],[-64.55018251993714,58.887455429573606],[-64.55717880504383,58.897194025824014],[-64.5796285543681,58.90471364256319],[-64.614768163736,58.90751559204758],[-64.63242770650663,58.9333457207244],[-64.65165020089917,58.94375204185586],[-64.68129963604494,58.9479825471813],[-64.70258957833785,58.94638610151851],[-64.73066993038798,58.950784036621904],[-64.7562316311881,58.940278214526174],[-64.7502919885178,58.93411568643992],[-64.76573278641081,58.92380281541699],[-64.82071351239637,58.91689271972021],[-64.83205744924966,58.921748317225344],[-64.8392696820417,58.9369990278301],[-64.85631135436701,58.9329197803562],[-64.85702821958137,58.93858514975929],[-64.86853784886696,58.94164078765065],[-64.88911146419011,58.93838215637759],[-64.87944046483203,58.95188249700963],[-64.84857800338631,58.95310449366816],[-64.83291357337285,58.95640768982373],[-64.84209843179082,58.966986016852715],[-64.84035012753134,58.98032431653621],[-64.86221854711064,58.98616285930703],[-64.87008844980487,58.998261213620935],[-64.86957351540406,59.00000014585454],[-64.86501590226443,59.01540497336108],[-64.84363292995394,59.0162833551988],[-64.82944091313938,59.02030371153738],[-64.84079297810278,59.0324845813454],[-64.83200657823554,59.035201139016394],[-64.82174857599045,59.04930727955918],[-64.7969894572411,59.06369791523325],[-64.77923880788741,59.07495744101985],[-64.75249503446372,59.07054197485834],[-64.72487106187273,59.07600359228374],[-64.68325693103245,59.074695388589184],[-64.67927314259958,59.046966820941854],[-64.67027521120043,59.03861442941881],[-64.65015501095229,59.04122908715716],[-64.63068488537361,59.04068963955908],[-64.61660051281866,59.03407071046908],[-64.59578823095599,59.035044890631966],[-64.57061953985085,59.027274787644856],[-64.5449556276564,59.00964432915806],[-64.52276076070295,59.00256016052078],[-64.50678457913547,59.01972580175088],[-64.49999999876216,59.019504986594455],[-64.49778082576502,59.01943269654932],[-64.47127167839074,59.00000012463017],[-64.48129214416507,58.988330678701494],[-64.4603010911207,58.981514253249124],[-64.43678779982676,58.994313803177256],[-64.42417100622121,58.991684766613865],[-64.4026642450216,59.00000009788125],[-64.38770532323052,59.00618381432223],[-64.34533458530586,59.0049253672745],[-64.29438255046152,59.00049868309454],[-64.26179115452035,59.012956565526224],[-64.27361664428861,59.022040267399746],[-64.29456487642092,59.04323584692582],[-64.31517598856998,59.0656297631674],[-64.36084068750911,59.06729534928897],[-64.36351405836248,59.08742894940544],[-64.37602788740965,59.09260755926566],[-64.41696135693225,59.08760377222841],[-64.45045783130904,59.102889267901375],[-64.49030914093578,59.0990750685137],[-64.49804875547527,59.10641597773837],[-64.48398560810223,59.11816598293287],[-64.49127196360246,59.13642703921315],[-64.48665776612297,59.15279903445861],[-64.47271469843058,59.1803911988987],[-64.49999998147726,59.194007015076004],[-64.50342181867322,59.195713349006404],[-64.5218474605645,59.19674112085143],[-64.51135058679236,59.23893037708875],[-64.50000000909144,59.24800487214306],[-64.49750035883251,59.25000249383974],[-64.48860346888323,59.257110069664506],[-64.50000001021664,59.26629142764436],[-64.51696419164918,59.27994693884522],[-64.54353627482665,59.31043505878303],[-64.54262331472326,59.318674286499046],[-64.52779200849905,59.31997838712751],[-64.51137871997487,59.335063221549674],[-64.50000002254231,59.34127914888762],[-64.49442399230102,59.344323954811735],[-64.4933027479181,59.34957614295516],[-64.49999999586164,59.352057744556596],[-64.52571750319309,59.36158039916126],[-64.53833896675964,59.370781933908084],[-64.52405126379169,59.385084498133025],[-64.52826810981624,59.39562821142438],[-64.51650034482213,59.403905389409815],[-64.50000000053042,59.404187532688724],[-64.49599457638537,59.4042556953264],[-64.460725488883,59.41217710836291],[-64.47255907094102,59.41825894083852],[-64.50000001491037,59.42157871483496],[-64.51159836477595,59.422979852787115],[-64.49999999414182,59.43004147094923],[-64.46684551057459,59.45020492259885],[-64.4580246886025,59.4591748172615],[-64.42607625491827,59.46493694420463],[-64.40719904183518,59.47780610557396],[-64.38696319796668,59.47379692431935],[-64.38082162252566,59.483764755891606],[-64.36935058892882,59.48843421361893],[-64.35358037417626,59.50006062205063],[-64.34965588756475,59.50295234693658],[-64.3381532465699,59.50005702899359],[-64.3278520723924,59.497462765523565],[-64.32721230600927,59.5000533128327],[-64.32406931040396,59.51277412719872],[-64.38580589720429,59.523760727938395],[-64.41903937904581,59.53264385626011],[-64.43376621240364,59.541973597703134],[-64.44955050009145,59.53094575704145],[-64.46290009082804,59.523396081926094],[-64.49999997799777,59.52152948141606],[-64.50309258980863,59.52137338627794],[-64.50935150627959,59.513639809475784],[-64.50530119361798,59.50129640742109],[-64.52430647686619,59.50002193541483],[-64.53224263244502,59.49948883376144],[-64.5614624140475,59.48791493120426],[-64.57883524348264,59.471010142171764],[-64.58967262503675,59.466182661110665],[-64.62676722614256,59.4819703906123],[-64.63613325850618,59.477165214219724],[-64.64281417069135,59.459247607359146],[-64.67983493043616,59.44690514338084],[-64.69443275307967,59.45800092528956],[-64.71730501647986,59.46146266978268],[-64.72855256355612,59.46663540361643],[-64.73692466023402,59.480685680035094],[-64.75394792204794,59.488289775234456],[-64.76309260736885,59.49664075013925],[-64.76328718268316,59.50001255644211],[-64.76414507291894,59.514868004346205],[-64.80419947788717,59.52501585089552],[-64.80313145084956,59.534310283036625],[-64.82275527126302,59.5406592636429],[-64.83962958358599,59.5533419875428],[-64.86919130613704,59.54692311425292],[-64.89220584889068,59.5624687008762],[-64.93943923730754,59.567046009429845],[-64.93309937221447,59.58043470620694],[-64.93228853957626,59.582146269747824],[-64.93174373990975,59.58329611907522],[-64.92705977174253,59.593178882786646],[-64.86870656689173,59.58642417442418],[-64.85980839001346,59.59153732608861],[-64.8825397224793,59.61068197276259],[-64.89825949014258,59.64178327729855],[-64.88950805434472,59.66215548936934],[-64.8716559785868,59.66834599680516],[-64.82492099235287,59.67599759348784],[-64.8218250213738,59.677372697047836],[-64.78756294492007,59.6925776554049],[-64.76048544967364,59.706558158545576],[-64.74943189720337,59.71723937392905],[-64.77430830899196,59.72514576140166],[-64.80153496393275,59.72477368711681],[-64.81020290220715,59.72969313251675],[-64.8004035814796,59.73632705810973],[-64.79933729394554,59.737048722861054],[-64.79723553982772,59.7384710224032],[-64.79339720045937,59.75003555527669],[-64.78998669481753,59.76030405415017],[-64.81395766556277,59.78303348870494],[-64.81398919506982,59.795152234072205],[-64.7997223653687,59.79886845393996],[-64.78847380192272,59.80327346274293],[-64.79211546805804,59.812181154567874],[-64.82522452920956,59.8256079786602],[-64.81673182555697,59.83504942421595],[-64.79496113974349,59.83412162392748],[-64.79695395917354,59.84081670031663],[-64.778085641623,59.85284789051982],[-64.73694446300398,59.85556836559908],[-64.73920147328332,59.861960129617955],[-64.7665541083392,59.86967543588249],[-64.7561662932712,59.88603159282615],[-64.74152160062977,59.889298937728675],[-64.70419216550891,59.88370705385224],[-64.68377612305706,59.87719841618095],[-64.66641497062376,59.88828700687085],[-64.6587312746948,59.90159292688876],[-64.6409770495272,59.90744806245263],[-64.63703127290525,59.91903987390768],[-64.62679818796768,59.93029463007556],[-64.63405885498945,59.936000958572485],[-64.6635792262349,59.92769051175454],[-64.66941848631804,59.93012864065924],[-64.66145824000208,59.93969934783535],[-64.66223046203355,59.95255396411498],[-64.69312059558915,59.95887638409677],[-64.7094587722182,59.953788241277316],[-64.73219127727599,59.95052452175932],[-64.74742055907599,59.95472974198991],[-64.74163054932725,59.96516333964109],[-64.74709978056312,59.9744888279224],[-64.78277649938353,59.98040141184934],[-64.80026229739418,59.973432982886614],[-64.802075230018,59.97271019346019],[-64.80683057343524,59.970814004767696],[-64.84022843760768,59.970319076982044],[-64.86097697098273,59.995206314282804],[-64.86313878384561,60.00000001899287],[-64.87074067025569,60.01686541416375],[-64.87740164029563,60.02569527115614],[-64.8800908113291,60.02925860343006],[-64.88209058156943,60.031907887945145],[-64.88767148653811,60.04197513881474],[-64.92364329453669,60.061465122888066],[-64.92040317074796,60.06587061032106],[-64.89587553674971,60.06620929325675],[-64.86472387287974,60.05844114479125],[-64.81980617249262,60.05048211549669],[-64.80409296613877,60.05242951034957],[-64.78323549883535,60.05761533432235],[-64.74271398675876,60.056131130298255],[-64.71785690060818,60.06407425343853],[-64.70633260018217,60.07431297488967],[-64.70798684742272,60.0846091446311],[-64.72671202449676,60.094740999583635],[-64.75689286409644,60.10122780345832],[-64.75747643879788,60.1013531470914],[-64.76371662747036,60.10449838956953],[-64.76807038732564,60.10669225906299],[-64.76729613701423,60.10835316745925],[-64.73530456328845,60.10954853931144],[-64.70547560661994,60.107553348023664],[-64.68636247153303,60.107548152570075],[-64.6840829673566,60.10754734402224],[-64.68119134045823,60.107546252536075],[-64.6720321281218,60.11354849817246],[-64.65778528097374,60.11140995228928],[-64.63307286102443,60.10541501226338],[-64.60339538024792,60.10967893275359],[-64.59371586446,60.11703127317408],[-64.59882209028872,60.14283307506907],[-64.59418647515227,60.14949885693378],[-64.60251877444368,60.15580210219995],[-64.60133558788064,60.15940161769493],[-64.60247105314829,60.16701462172244],[-64.6144553109088,60.17084585204125],[-64.64124234922396,60.167379788897634],[-64.66156694811033,60.17016036731831],[-64.68249380707515,60.18115882669389],[-64.69233139263696,60.18008262403359],[-64.69787315352254,60.17265546538422],[-64.69882386679487,60.17138095080439],[-64.69889752005471,60.171282233788276],[-64.7003317632472,60.170993555985774],[-64.70583661270663,60.16988538348307],[-64.73322997340541,60.164366236572235],[-64.7455625061755,60.16862804621092],[-64.74987957301428,60.18815558377134],[-64.78024134026131,60.196119309583636],[-64.78414652785075,60.203978996181505],[-64.84065923840758,60.22295954918723],[-64.86394126676507,60.22819680310287],[-64.87338806419537,60.23729378114481],[-64.86940966701574,60.244107864388745],[-64.85783367623493,60.250059901323624],[-64.8527656794856,60.25266469528692],[-64.8622585470969,60.25846852162071],[-64.85377782467289,60.269411461856706],[-64.84163896844846,60.272190811222366],[-64.80726078902013,60.27584242239452],[-64.75353645840681,60.28688106885787],[-64.72342587286529,60.291478301505066],[-64.70741220570963,60.30329710991308],[-64.6992122367855,60.30254791012105],[-64.68097948840658,60.29659028094325],[-64.6552154247681,60.29480601086107],[-64.64366252679437,60.29770541827941],[-64.59727115376961,60.300613842611355],[-64.58122474581579,60.30837518591174],[-64.56332194006289,60.30688586495181],[-64.5297430879934,60.296677854622324],[-64.52476377443604,60.29981216363183],[-64.52251233778068,60.301229100253046],[-64.51747589882689,60.30439820187179],[-64.51557103907179,60.30559660474973],[-64.51617316794294,60.30790698166162],[-64.51801844255361,60.314985433861466],[-64.53503190103146,60.334308256980904],[-64.5339845855754,60.34106164475707],[-64.5000000067605,60.366245855327634],[-64.49140759120898,60.372605559727326],[-64.43310009029044,60.37774401264653],[-64.4290141828549,60.37769848338286],[-64.1848695670636,60.374676014368184],[-64.15582031885701,60.250057341733644],[-64.13862784066275,60.17216979975083],[-64.07252146728231,60.059356432781804],[-64.06774609786164,60.05551928166225],[-64.00011731860761,60.00106013680477],[-63.99999997147204,60.00102668981803],[-63.999979631591756,60.00000580865528],[-63.99589880730894,60.00000395710075],[-63.859280956674525,59.965686638202534],[-63.76878327222367,59.92243909533717],[-63.6577180340314,59.820119008881285],[-63.58265113159494,59.75005488086679],[-63.50000001958291,59.67251102002743],[-63.427608823346354,59.60424555177989],[-63.31373631807582,59.50004744405796],[-63.27746134752431,59.466693607438586],[-63.21015240881358,59.396315805457526],[-63.071040753760265,59.25005119480957],[-63.00000002642364,59.174797546095064],[-62.99393015910232,59.16835004837343],[-62.925797495969896,59.09695938249506],[-62.83327447207125,59.00005631708581],[-62.830330866397944,58.99696301372009],[-62.71563683140026,58.90711858759782],[-62.54308356912565,58.752166400629335],[-62.54090885984902,58.75003495939771],[-62.500000013542575,58.709882531804766],[-62.3127941884087,58.52473971473552],[-62.28747682958437,58.50003276182357],[-62.215657488405824,58.42972094854828],[-62.14511908342179,58.34304745949321],[-62.09469260575058,58.25006094475393],[-62.092303868757824,58.245643094957316],[-62.03994160235426,58.10526555570663],[-62.01392911735015,58.00001371324789],[-62.00000000408359,57.99999999870539],[-61.74999998142195,57.9999999966411],[-61.49999999928407,57.99999998810575],[-61.50000000581127,57.990652493091524],[-61.49339325111556,57.990611586652754],[-61.3541927210577,57.791738305736565],[-61.32397548972674,57.75005471823141],[-61.183510151364196,57.554873257814506],[-61.14748365584214,57.50006397876328],[-61.01542731571115,57.29759702699945],[-60.99999998381095,57.27288878425738],[-60.98573790229361,57.25001431805621],[-60.849217844317735,57.02946739827276],[-60.83242931358056,57.00005926150197],[-60.70045745164402,56.76710946693486],[-60.69061050237496,56.750048881975665],[-60.56006090458762,56.522249122484595],[-60.54742592671992,56.50004177458264],[-60.53535595146587,56.478800771563144],[-60.53480730176889,56.47785616376887],[-60.50000000923068,56.41782298875415],[-60.47828058152516,56.38025721450142],[-60.4401692629855,56.28163592802224],[-60.42800977068605,56.250056076746354],[-60.42176232590784,56.233808974643665],[-60.36964226611217,56.093096606592596],[-60.32920193549713,56.00077701232295],[-60.32906576879615,56.00070569494478],[-60.327831043771184,56.00005903096119],[-60.115815888712085,55.88848475138747],[-60.0003873223948,55.83408574548068],[-59.999999979821105,55.83400680321381],[-59.85898187690905,55.80515526868031],[-59.60802634675327,55.75616271155638],[-59.58260118181711,55.75006131026291],[-59.500000010749474,55.74999999944223],[-59.499999998957044,55.73018571279656],[-59.24036925716608,55.66717959749752],[-59.128889801256754,55.63987678710575],[-58.99999998942992,55.60387164860173],[-58.88037256239018,55.570259343337774],[-58.679607348229304,55.506542439459395],[-58.675009050837694,55.50507631989842],[-58.664614839697954,55.500062705957895],[-58.59894307594349,55.46833288548004],[-58.50000000020077,55.4205499688666],[-58.46511716515985,55.403654049182656],[-58.17738944114937,55.25005784843585],[-58.00949052988912,55.15950467216793],[-57.99999999467685,55.15662905214401],[-57.79662701889674,55.094706865994986],[-57.62842830849688,55.038691015450006],[-57.52341046058309,55.00350305816145],[-57.513024001286674,55.00001394941796],[-57.50000002097382,54.995636545580794],[-57.48315510727,54.98997116984543],[-57.17969974606572,54.891905635784575],[-57.065539769926644,54.853434393752735],[-56.99999999880766,54.826580597103465],[-56.99649222298944,54.825141182533166],[-56.961373910573045,54.810718316467955],[-56.89191768762431,54.76710729685786],[-56.87009992759426,54.75007093216341],[-56.869119446900186,54.749304889656344],[-56.795494637241035,54.688907191043874],[-56.795653520900686,54.6889077290821],[-56.57590840622979,54.51356627054096],[-56.560707587427636,54.500052577642734],[-56.500000000567475,54.44596779042649],[-56.420739081231666,54.37507521235592],[-56.29825508028432,54.2500448081675],[-56.22620534275401,54.1777077713886],[-56.22602248310393,54.177706951768336],[-56.088535715936786,54.03825373880448]]]}}
